﻿<?xml version="1.0" encoding="UTF-8"?>
<site generator-info-name="WebGrab+Plus/w MDB &amp; REX Postprocess -- version  V1.57 -- Jan van Straaten" site="fetchtv.com.au">
  <channels>
    <channel update="i" site="fetchtv.com.au" site_id="1" xmltv_id="ACT Canberra">ACT Canberra</channel>
    <channel update="i" site="fetchtv.com.au" site_id="2" xmltv_id="QLD Remote and Central">QLD Remote and Central</channel>
    <channel update="i" site="fetchtv.com.au" site_id="3" xmltv_id="QLD Wide Bay">QLD Wide Bay</channel>
    <channel update="i" site="fetchtv.com.au" site_id="4" xmltv_id="NSW Broken Hill">NSW Broken Hill</channel>
    <channel update="i" site="fetchtv.com.au" site_id="5" xmltv_id="NSW Lismore/Coffs Harbour">NSW Lismore/Coffs Harbour</channel>
    <channel update="i" site="fetchtv.com.au" site_id="6" xmltv_id="NSW Central Coast">NSW Central Coast</channel>
    <channel update="i" site="fetchtv.com.au" site_id="7" xmltv_id="NSW Griffith">NSW Griffith</channel>
    <channel update="i" site="fetchtv.com.au" site_id="8" xmltv_id="SA Renmark">SA Renmark</channel>
    <channel update="i" site="fetchtv.com.au" site_id="9" xmltv_id="NSW Tamworth">NSW Tamworth</channel>
    <channel update="i" site="fetchtv.com.au" site_id="10" xmltv_id="SA Adelaide">SA Adelaide</channel>
    <channel update="i" site="fetchtv.com.au" site_id="11" xmltv_id="QLD Toowoomba">QLD Toowoomba</channel>
    <channel update="i" site="fetchtv.com.au" site_id="12" xmltv_id="QLD Townsville">QLD Townsville</channel>
    <channel update="i" site="fetchtv.com.au" site_id="13" xmltv_id="QLD Rockhampton">QLD Rockhampton</channel>
    <channel update="i" site="fetchtv.com.au" site_id="14" xmltv_id="QLD Sunshine Coast">QLD Sunshine Coast</channel>
    <channel update="i" site="fetchtv.com.au" site_id="15" xmltv_id="WA Perth">WA Perth</channel>
    <channel update="i" site="fetchtv.com.au" site_id="16" xmltv_id="SA Spencer Gulf">SA Spencer Gulf</channel>
    <channel update="i" site="fetchtv.com.au" site_id="17" xmltv_id="WA Regional">WA Regional</channel>
    <channel update="i" site="fetchtv.com.au" site_id="18" xmltv_id="QLD Mackay">QLD Mackay</channel>
    <channel update="i" site="fetchtv.com.au" site_id="19" xmltv_id="VIC Melbourne">VIC Melbourne</channel>
    <channel update="i" site="fetchtv.com.au" site_id="20" xmltv_id="NSW Newcastle">NSW Newcastle</channel>
    <channel update="i" site="fetchtv.com.au" site_id="21" xmltv_id="SA South East SA">SA South East SA</channel>
    <channel update="i" site="fetchtv.com.au" site_id="22" xmltv_id="NSW Fetch TV">NSW Fetch TV</channel>
    <channel update="i" site="fetchtv.com.au" site_id="23" xmltv_id="SA Riverland">SA Riverland</channel>
    <channel update="i" site="fetchtv.com.au" site_id="24" xmltv_id="NSW Taree/Port Macquarie">NSW Taree/Port Macquarie</channel>
    <channel update="i" site="fetchtv.com.au" site_id="25" xmltv_id="NSW Orange/Dubbo">NSW Orange/Dubbo</channel>
    <channel update="i" site="fetchtv.com.au" site_id="26" xmltv_id="QLD Brisbane">QLD Brisbane</channel>
    <channel update="i" site="fetchtv.com.au" site_id="27" xmltv_id="NT Darwin">NT Darwin</channel>
    <channel update="i" site="fetchtv.com.au" site_id="28" xmltv_id="NSW Sydney">NSW Sydney</channel>
    <channel update="i" site="fetchtv.com.au" site_id="29" xmltv_id="VIC Bendigo">VIC Bendigo</channel>
    <channel update="i" site="fetchtv.com.au" site_id="30" xmltv_id="NSW Wollongong">NSW Wollongong</channel>
    <channel update="i" site="fetchtv.com.au" site_id="31" xmltv_id="NSW Wagga Wagga">NSW Wagga Wagga</channel>
    <channel update="i" site="fetchtv.com.au" site_id="32" xmltv_id="VIC Mildura/Sunraysia">VIC Mildura/Sunraysia</channel>
    <channel update="i" site="fetchtv.com.au" site_id="33" xmltv_id="VIC Ballarat">VIC Ballarat</channel>
    <channel update="i" site="fetchtv.com.au" site_id="34" xmltv_id="VIC Geelong">VIC Geelong</channel>
    <channel update="i" site="fetchtv.com.au" site_id="35" xmltv_id="VIC Albury/Wodonga">VIC Albury/Wodonga</channel>
    <channel update="i" site="fetchtv.com.au" site_id="36" xmltv_id="NSW Remote and Central">NSW Remote and Central</channel>
    <channel update="i" site="fetchtv.com.au" site_id="37" xmltv_id="SA Remote and Central">SA Remote and Central</channel>
    <channel update="i" site="fetchtv.com.au" site_id="38" xmltv_id="QLD Cairns">QLD Cairns</channel>
    <channel update="i" site="fetchtv.com.au" site_id="39" xmltv_id="QLD Gold Coast">QLD Gold Coast</channel>
    <channel update="i" site="fetchtv.com.au" site_id="40" xmltv_id="VIC Gippsland">VIC Gippsland</channel>
    <channel update="i" site="fetchtv.com.au" site_id="41" xmltv_id="NT Remote and Central">NT Remote and Central</channel>
    <channel update="i" site="fetchtv.com.au" site_id="42" xmltv_id="NSW Far South Coast">NSW Far South Coast</channel>
    <channel update="i" site="fetchtv.com.au" site_id="43" xmltv_id="TAS Tasmania">TAS Tasmania</channel>
    <channel update="i" site="fetchtv.com.au" site_id="44" xmltv_id="VIC Shepparton">VIC Shepparton</channel>
    <channel update="i" site="fetchtv.com.au" site_id="45" xmltv_id="NSW FetchTV">NSW FetchTV</channel>
  </channels>
</site>