﻿<?xml version="1.0" encoding="UTF-8"?>
<site generator-info-name="WebGrab+Plus/w MDB &amp; REX Postprocess -- version V1.56.25 -- Jan van Straaten" site="foxtel.com.au">
  <channels>
    <channel update="i" site="foxtel.com.au" site_id="24576" xmltv_id="ACT - Canberra">ACT - Canberra</channel>
    <channel update="i" site="foxtel.com.au" site_id="8336" xmltv_id="NSW - Sydney">NSW - Sydney</channel>
    <channel update="i" site="foxtel.com.au" site_id="8192" xmltv_id="NSW - Broken Hill">NSW - Broken Hill</channel>
    <channel update="i" site="foxtel.com.au" site_id="8289" xmltv_id="NSW - Central Coast">NSW - Central Coast</channel>
    <channel update="i" site="foxtel.com.au" site_id="8290" xmltv_id="NSW - Central Coast Gosford">NSW - Central Coast Gosford</channel>
    <channel update="i" site="foxtel.com.au" site_id="8208" xmltv_id="NSW - Central Tablelands">NSW - Central Tablelands</channel>
    <channel update="i" site="foxtel.com.au" site_id="8224" xmltv_id="NSW - Grafton Kempsey">NSW - Grafton Kempsey</channel>
    <channel update="i" site="foxtel.com.au" site_id="8240" xmltv_id="NSW - Illawarra">NSW - Illawarra</channel>
    <channel update="i" site="foxtel.com.au" site_id="8256" xmltv_id="NSW - Manning River">NSW - Manning River</channel>
    <channel update="i" site="foxtel.com.au" site_id="8272" xmltv_id="NSW - Murrumbidgee Irrigation Area">NSW - Murrumbidgee Irrigation Area</channel>
    <channel update="i" site="foxtel.com.au" site_id="8288" xmltv_id="NSW - Newcastle">NSW - Newcastle</channel>
    <channel update="i" site="foxtel.com.au" site_id="8304" xmltv_id="NSW - Richmond Tweed">NSW - Richmond Tweed</channel>
    <channel update="i" site="foxtel.com.au" site_id="8320" xmltv_id="NSW - SW Slopes E Riverina">NSW - SW Slopes E Riverina</channel>
    <channel update="i" site="foxtel.com.au" site_id="8241" xmltv_id="NSW - South Coast">NSW - South Coast</channel>
    <channel update="i" site="foxtel.com.au" site_id="8352" xmltv_id="NSW - Upper Namoi">NSW - Upper Namoi</channel>
    <channel update="i" site="foxtel.com.au" site_id="32784" xmltv_id="NT - Darwin">NT - Darwin</channel>
    <channel update="i" site="foxtel.com.au" site_id="32768" xmltv_id="NT - Alice Springs">NT - Alice Springs</channel>
    <channel update="i" site="foxtel.com.au" site_id="32800" xmltv_id="NT - Katherine">NT - Katherine</channel>
    <channel update="i" site="foxtel.com.au" site_id="16384" xmltv_id="QLD - Brisbane">QLD - Brisbane</channel>
    <channel update="i" site="foxtel.com.au" site_id="16400" xmltv_id="QLD - Cairns">QLD - Cairns</channel>
    <channel update="i" site="foxtel.com.au" site_id="16416" xmltv_id="QLD - Darling Downs">QLD - Darling Downs</channel>
    <channel update="i" site="foxtel.com.au" site_id="16432" xmltv_id="QLD - Gold Coast">QLD - Gold Coast</channel>
    <channel update="i" site="foxtel.com.au" site_id="16528" xmltv_id="QLD - MT Isa">QLD - MT Isa</channel>
    <channel update="i" site="foxtel.com.au" site_id="16448" xmltv_id="QLD - Mackay">QLD - Mackay</channel>
    <channel update="i" site="foxtel.com.au" site_id="16464" xmltv_id="QLD - Rockhampton">QLD - Rockhampton</channel>
    <channel update="i" site="foxtel.com.au" site_id="16480" xmltv_id="QLD - Sunshine Coast">QLD - Sunshine Coast</channel>
    <channel update="i" site="foxtel.com.au" site_id="16496" xmltv_id="QLD - Townsville">QLD - Townsville</channel>
    <channel update="i" site="foxtel.com.au" site_id="16512" xmltv_id="QLD - Wide Bay">QLD - Wide Bay</channel>
    <channel update="i" site="foxtel.com.au" site_id="20480" xmltv_id="SA - Adelaide">SA - Adelaide</channel>
    <channel update="i" site="foxtel.com.au" site_id="20496" xmltv_id="SA - Port Lincoln">SA - Port Lincoln</channel>
    <channel update="i" site="foxtel.com.au" site_id="20512" xmltv_id="SA - Renmark Loxton">SA - Renmark Loxton</channel>
    <channel update="i" site="foxtel.com.au" site_id="20528" xmltv_id="SA - South East SA">SA - South East SA</channel>
    <channel update="i" site="foxtel.com.au" site_id="20544" xmltv_id="SA - Spencer Gulf">SA - Spencer Gulf</channel>
    <channel update="i" site="foxtel.com.au" site_id="28672" xmltv_id="TAS - Hobart">TAS - Hobart</channel>
    <channel update="i" site="foxtel.com.au" site_id="28688" xmltv_id="TAS - NE Tasmania">TAS - NE Tasmania</channel>
    <channel update="i" site="foxtel.com.au" site_id="12352" xmltv_id="VIC - Melbourne">VIC - Melbourne</channel>
    <channel update="i" site="foxtel.com.au" site_id="12288" xmltv_id="VIC - Ballarat">VIC - Ballarat</channel>
    <channel update="i" site="foxtel.com.au" site_id="12304" xmltv_id="VIC - Bendigo">VIC - Bendigo</channel>
    <channel update="i" site="foxtel.com.au" site_id="12320" xmltv_id="VIC - Goulburn Valley">VIC - Goulburn Valley</channel>
    <channel update="i" site="foxtel.com.au" site_id="12336" xmltv_id="VIC - Latrobe Valley">VIC - Latrobe Valley</channel>
    <channel update="i" site="foxtel.com.au" site_id="12368" xmltv_id="VIC - Mildura Sunraysia">VIC - Mildura Sunraysia</channel>
    <channel update="i" site="foxtel.com.au" site_id="12384" xmltv_id="VIC - Upper Murray">VIC - Upper Murray</channel>
    <channel update="i" site="foxtel.com.au" site_id="12289" xmltv_id="VIC - Western Victoria">VIC - Western Victoria</channel>
    <channel update="i" site="foxtel.com.au" site_id="36992" xmltv_id="WA - Perth">WA - Perth</channel>
    <channel update="i" site="foxtel.com.au" site_id="37088" xmltv_id="WA - Regional WA">WA - Regional WA</channel>
  </channels>
</site>