﻿<?xml version="1.0" encoding="UTF-8"?>
<site generator-info-name="WebGrab+Plus/w MDB &amp; REX Postprocess -- version  V1.57 -- Jan van Straaten" site="ustvnow.com">
  <channels>
    <channel update="i" site="ustvnow_acct.com" site_id="WHTM" xmltv_id="ABC">ABC</channel>
    <channel update="i" site="ustvnow_acct.com" site_id="WHP" xmltv_id="CBS">CBS</channel>
    <channel update="i" site="ustvnow_acct.com" site_id="WLYH" xmltv_id="CW">CW</channel>
    <channel update="i" site="ustvnow_acct.com" site_id="WPMT" xmltv_id="FOX">FOX</channel>
    <channel update="i" site="ustvnow_acct.com" site_id="WHVLLD" xmltv_id="My9">My9</channel>
    <channel update="i" site="ustvnow_acct.com" site_id="WGAL" xmltv_id="NBC">NBC</channel>
    <channel update="i" site="ustvnow_acct.com" site_id="WPSU" xmltv_id="PBS">PBS</channel>
    <channel update="i" site="ustvnow_acct.com" site_id="AETV" xmltv_id="AETV">AETV</channel>
    <channel update="i" site="ustvnow_acct.com" site_id="AMC" xmltv_id="AMC">AMC</channel>
    <channel update="i" site="ustvnow_acct.com" site_id="APL" xmltv_id="Animal Planet">Animal Planet</channel>
    <channel update="i" site="ustvnow_acct.com" site_id="BRAVO" xmltv_id="Bravo">Bravo</channel>
    <channel update="i" site="ustvnow_acct.com" site_id="TOON" xmltv_id="Cartoon Network">Cartoon Network</channel>
    <channel update="i" site="ustvnow_acct.com" site_id="CNBC" xmltv_id="CNBC">CNBC</channel>
    <channel update="i" site="ustvnow_acct.com" site_id="CNN" xmltv_id="CNN">CNN</channel>
    <channel update="i" site="ustvnow_acct.com" site_id="COMEDY" xmltv_id="Comedy Central">Comedy Central</channel>
    <channel update="i" site="ustvnow_acct.com" site_id="DSC" xmltv_id="Discovery Channel">Discovery Channel</channel>
    <channel update="i" site="ustvnow_acct.com" site_id="ESPN" xmltv_id="ESPN">ESPN</channel>
    <channel update="i" site="ustvnow_acct.com" site_id="FNC" xmltv_id="Fox News Channel">Fox News Channel</channel>
    <channel update="i" site="ustvnow_acct.com" site_id="FX" xmltv_id="FX">FX</channel>
    <channel update="i" site="ustvnow_acct.com" site_id="HISTORY" xmltv_id="History">History</channel>
    <channel update="i" site="ustvnow_acct.com" site_id="LIFE" xmltv_id="Lifetime">Lifetime</channel>
    <channel update="i" site="ustvnow_acct.com" site_id="NGC" xmltv_id="National Geographic Channel">National Geographic Channel</channel>
    <channel update="i" site="ustvnow_acct.com" site_id="NIK" xmltv_id="Nickelodeon">Nickelodeon</channel>
    <channel update="i" site="ustvnow_acct.com" site_id="SPIKETV" xmltv_id="SPIKE TV">SPIKE TV</channel>
    <channel update="i" site="ustvnow_acct.com" site_id="SYFY" xmltv_id="Syfy">Syfy</channel>
    <channel update="i" site="ustvnow_acct.com" site_id="TBS" xmltv_id="TBS">TBS</channel>
    <channel update="i" site="ustvnow_acct.com" site_id="TNT" xmltv_id="TNT">TNT</channel>
    <channel update="i" site="ustvnow_acct.com" site_id="USA" xmltv_id="USA">USA</channel>
  </channels>
</site>