﻿<?xml version="1.0" encoding="UTF-8"?>
<site generator-info-name="WebGrab+Plus/w MDB &amp; REX Postprocess -- version V1.56.23.1 -- Jan van Straaten" site="svt.se">
  <channels>
    <channel update="i" site="svt.se" site_id="SVT1" xmltv_id="SVT1">SVT1</channel>
    <channel update="i" site="svt.se" site_id="SVT2" xmltv_id="SVT2">SVT2</channel>
    <channel update="i" site="svt.se" site_id="SVTB" xmltv_id="Barnkanalen">Barnkanalen</channel>
    <channel update="i" site="svt.se" site_id="SVT24" xmltv_id="SVT24">SVT24</channel>
    <channel update="i" site="svt.se" site_id="SVTK" xmltv_id="Kunskapskanalen">Kunskapskanalen</channel>
    <channel update="i" site="svt.se" site_id="SVTW" xmltv_id="SVT World">SVT World</channel>
    <channel update="i" site="svt.se" site_id="TV3" xmltv_id="TV3">TV3</channel>
    <channel update="i" site="svt.se" site_id="TV4" xmltv_id="TV4">TV4</channel>
    <channel update="i" site="svt.se" site_id="KANAL5" xmltv_id="Kanal 5">Kanal 5</channel>
    <channel update="i" site="svt.se" site_id="TV6" xmltv_id="TV6">TV6</channel>
    <channel update="i" site="svt.se" site_id="SJUAN" xmltv_id="Sjuan">Sjuan</channel>
    <channel update="i" site="svt.se" site_id="TV8" xmltv_id="TV8">TV8</channel>
    <channel update="i" site="svt.se" site_id="KANAL9" xmltv_id="Kanal 9">Kanal 9</channel>
  </channels>
</site>