<?xml version="1.0" encoding="UTF-8"?>
<site generator-info-name="WebGrab+Plus/w MDB &amp; REX Postprocess -- version  V2.0 -- Jan van Straaten" site="bnet.hr">
  <channels>
    <channel update="i" site="bnet.hr" site_id="957" xmltv_id="HTV 1">HTV 1</channel>
    <channel update="i" site="bnet.hr" site_id="958" xmltv_id="HTV 2">HTV 2</channel>
    <channel update="i" site="bnet.hr" site_id="959" xmltv_id="RTL">RTL</channel>
    <channel update="i" site="bnet.hr" site_id="960" xmltv_id="NOVA TV">NOVA TV</channel>
    <channel update="i" site="bnet.hr" site_id="4560" xmltv_id="RTL KOCKICA">RTL KOCKICA</channel>
    <channel update="i" site="bnet.hr" site_id="65" xmltv_id="MINI TV">MINI TV</channel>
    <channel update="i" site="bnet.hr" site_id="956" xmltv_id="RTL2">RTL2</channel>
    <channel update="i" site="bnet.hr" site_id="955" xmltv_id="DOMA TV">DOMA TV</channel>
    <channel update="i" site="bnet.hr" site_id="953" xmltv_id="HTV 3">HTV 3</channel>
    <channel update="i" site="bnet.hr" site_id="3673" xmltv_id="HTV 4">HTV 4</channel>
    <channel update="i" site="bnet.hr" site_id="173" xmltv_id="RTL LIVING">RTL LIVING</channel>
    <channel update="i" site="bnet.hr" site_id="962" xmltv_id="INFO KANAL">INFO KANAL</channel>
    <channel update="i" site="bnet.hr" site_id="963" xmltv_id="B.NET MOZAIK">B.NET MOZAIK</channel>
    <channel update="i" site="bnet.hr" site_id="965" xmltv_id="N1">N1</channel>
    <channel update="i" site="bnet.hr" site_id="937" xmltv_id="SPORTSKA TV">SPORTSKA TV</channel>
    <channel update="i" site="bnet.hr" site_id="987" xmltv_id="JABUKA TV">JABUKA TV</channel>
    <channel update="i" site="bnet.hr" site_id="986" xmltv_id="Z1">Z1</channel>
    <channel update="i" site="bnet.hr" site_id="970" xmltv_id="MRE\u017dAZG">MRE\u017dAZG</channel>
    <channel update="i" site="bnet.hr" site_id="908" xmltv_id="NATIONAL GEOGRAPHIC">NATIONAL GEOGRAPHIC</channel>
    <channel update="i" site="bnet.hr" site_id="910" xmltv_id="DISCOVERY CHANNEL">DISCOVERY CHANNEL</channel>
    <channel update="i" site="bnet.hr" site_id="906" xmltv_id="ANIMAL PLANET">ANIMAL PLANET</channel>
    <channel update="i" site="bnet.hr" site_id="913" xmltv_id="VIASAT HISTORY">VIASAT HISTORY</channel>
    <channel update="i" site="bnet.hr" site_id="912" xmltv_id="VIASAT EXPLORE">VIASAT EXPLORE</channel>
    <channel update="i" site="bnet.hr" site_id="3803" xmltv_id="NICKELODEON">NICKELODEON</channel>
    <channel update="i" site="bnet.hr" site_id="3505" xmltv_id="DISNEY CHANNEL">DISNEY CHANNEL</channel>
    <channel update="i" site="bnet.hr" site_id="918" xmltv_id="CARTOON NETWORK">CARTOON NETWORK</channel>
    <channel update="i" site="bnet.hr" site_id="156" xmltv_id="CINESTAR TV">CINESTAR TV</channel>
    <channel update="i" site="bnet.hr" site_id="926" xmltv_id="CINESTAR ACTION &amp; THRILLER">CINESTAR ACTION &amp; THRILLER</channel>
    <channel update="i" site="bnet.hr" site_id="931" xmltv_id="DIVA">DIVA</channel>
    <channel update="i" site="bnet.hr" site_id="925" xmltv_id="VIASAT TV1000">VIASAT TV1000</channel>
    <channel update="i" site="bnet.hr" site_id="3790" xmltv_id="TLC">TLC</channel>
    <channel update="i" site="bnet.hr" site_id="3711" xmltv_id="FOX">FOX</channel>
    <channel update="i" site="bnet.hr" site_id="929" xmltv_id="FOX LIFE">FOX LIFE</channel>
    <channel update="i" site="bnet.hr" site_id="5747" xmltv_id="COMEDY CENTRAL EXTRA">COMEDY CENTRAL EXTRA</channel>
    <channel update="i" site="bnet.hr" site_id="3499" xmltv_id="SK 3">SK 3</channel>
    <channel update="i" site="bnet.hr" site_id="945" xmltv_id="SK 1">SK 1</channel>
    <channel update="i" site="bnet.hr" site_id="941" xmltv_id="EUROSPORT 1">EUROSPORT 1</channel>
    <channel update="i" site="bnet.hr" site_id="164" xmltv_id="EUROSPORT 2">EUROSPORT 2</channel>
    <channel update="i" site="bnet.hr" site_id="1028" xmltv_id="MTV">MTV</channel>
    <channel update="i" site="bnet.hr" site_id="1029" xmltv_id="VH1">VH1</channel>
    <channel update="i" site="bnet.hr" site_id="954" xmltv_id="CROATIAN MUSIC CHANNEL">CROATIAN MUSIC CHANNEL</channel>
    <channel update="i" site="bnet.hr" site_id="920" xmltv_id="HBO">HBO</channel>
    <channel update="i" site="bnet.hr" site_id="930" xmltv_id="HBO 2">HBO 2</channel>
    <channel update="i" site="bnet.hr" site_id="6364" xmltv_id="HBO 3">HBO 3</channel>
    <channel update="i" site="bnet.hr" site_id="154" xmltv_id="CINEMAX">CINEMAX</channel>
    <channel update="i" site="bnet.hr" site_id="161" xmltv_id="CINEMAX 2">CINEMAX 2</channel>
    <channel update="i" site="bnet.hr" site_id="3667" xmltv_id="HBO HD">HBO HD</channel>
    <channel update="i" site="bnet.hr" site_id="3670" xmltv_id="HBO 2 HD">HBO 2 HD</channel>
    <channel update="i" site="bnet.hr" site_id="6365" xmltv_id="HBO 3 HD">HBO 3 HD</channel>
    <channel update="i" site="bnet.hr" site_id="3668" xmltv_id="CINEMAX HD">CINEMAX HD</channel>
    <channel update="i" site="bnet.hr" site_id="3669" xmltv_id="CINEMAX 2 HD">CINEMAX 2 HD</channel>
    <channel update="i" site="bnet.hr" site_id="993" xmltv_id="PINK PLUS">PINK PLUS</channel>
    <channel update="i" site="bnet.hr" site_id="77" xmltv_id="NAT GEO WILD">NAT GEO WILD</channel>
    <channel update="i" site="bnet.hr" site_id="5594" xmltv_id="VIASAT NATURE">VIASAT NATURE</channel>
    <channel update="i" site="bnet.hr" site_id="914" xmltv_id="CBS REALITY">CBS REALITY</channel>
    <channel update="i" site="bnet.hr" site_id="6315" xmltv_id="Dr.Fit">Dr.Fit</channel>
    <channel update="i" site="bnet.hr" site_id="2469" xmltv_id="DA VINCI LEARNING">DA VINCI LEARNING</channel>
    <channel update="i" site="bnet.hr" site_id="4412" xmltv_id="FOOD NETWORK">FOOD NETWORK</channel>
    <channel update="i" site="bnet.hr" site_id="4411" xmltv_id="TRAVEL CHANNEL">TRAVEL CHANNEL</channel>
    <channel update="i" site="bnet.hr" site_id="175" xmltv_id="HISTORY">HISTORY</channel>
    <channel update="i" site="bnet.hr" site_id="917" xmltv_id="OK BAMBINO">OK BAMBINO</channel>
    <channel update="i" site="bnet.hr" site_id="3795" xmltv_id="ORLANDO KIDS">ORLANDO KIDS</channel>
    <channel update="i" site="bnet.hr" site_id="921" xmltv_id="BOOMERANG">BOOMERANG</channel>
    <channel update="i" site="bnet.hr" site_id="176" xmltv_id="E!">E!</channel>
    <channel update="i" site="bnet.hr" site_id="901" xmltv_id="FINE LIVING">FINE LIVING</channel>
    <channel update="i" site="bnet.hr" site_id="928" xmltv_id="FOX CRIME">FOX CRIME</channel>
    <channel update="i" site="bnet.hr" site_id="5494" xmltv_id="RTL CRIME">RTL CRIME</channel>
    <channel update="i" site="bnet.hr" site_id="5495" xmltv_id="RTL PASSION">RTL PASSION</channel>
    <channel update="i" site="bnet.hr" site_id="6314" xmltv_id="WOMAN">WOMAN</channel>
    <channel update="i" site="bnet.hr" site_id="169" xmltv_id="SCI FI">SCI FI</channel>
    <channel update="i" site="bnet.hr" site_id="6638" xmltv_id="AMC">AMC</channel>
    <channel update="i" site="bnet.hr" site_id="6774" xmltv_id="AXN">AXN</channel>
    <channel update="i" site="bnet.hr" site_id="4409" xmltv_id="CINESTAR TV PREMIERE 1">CINESTAR TV PREMIERE 1</channel>
    <channel update="i" site="bnet.hr" site_id="4410" xmltv_id="CINESTAR TV PREMIERE 2">CINESTAR TV PREMIERE 2</channel>
    <channel update="i" site="bnet.hr" site_id="4413" xmltv_id="CINESTAR TV PREMIERE 1 HD">CINESTAR TV PREMIERE 1 HD</channel>
    <channel update="i" site="bnet.hr" site_id="4414" xmltv_id="CINESTAR TV PREMIERE 2 HD">CINESTAR TV PREMIERE 2 HD</channel>
    <channel update="i" site="bnet.hr" site_id="927" xmltv_id="KLASIK TV">KLASIK TV</channel>
    <channel update="i" site="bnet.hr" site_id="3712" xmltv_id="KINOTV">KINOTV</channel>
    <channel update="i" site="bnet.hr" site_id="162" xmltv_id="SK 2">SK 2</channel>
    <channel update="i" site="bnet.hr" site_id="938" xmltv_id="SK 4">SK 4</channel>
    <channel update="i" site="bnet.hr" site_id="939" xmltv_id="SK 5">SK 5</channel>
    <channel update="i" site="bnet.hr" site_id="940" xmltv_id="SK 6">SK 6</channel>
    <channel update="i" site="bnet.hr" site_id="2472" xmltv_id="FIGHT CHANNEL">FIGHT CHANNEL</channel>
    <channel update="i" site="bnet.hr" site_id="5482" xmltv_id="FIGHT CHANNEL WORLD">FIGHT CHANNEL WORLD</channel>
    <channel update="i" site="bnet.hr" site_id="5481" xmltv_id="FIGHT CHANNEL WORLD HD">FIGHT CHANNEL WORLD HD</channel>
    <channel update="i" site="bnet.hr" site_id="6557" xmltv_id="HNTV">HNTV</channel>
    <channel update="i" site="bnet.hr" site_id="3713" xmltv_id="KREATOR TV">KREATOR TV</channel>
    <channel update="i" site="bnet.hr" site_id="2473" xmltv_id="GINX">GINX</channel>
    <channel update="i" site="bnet.hr" site_id="996" xmltv_id="FTV">FTV</channel>
    <channel update="i" site="bnet.hr" site_id="3508" xmltv_id="JUGOTON">JUGOTON</channel>
    <channel update="i" site="bnet.hr" site_id="1027" xmltv_id="NARODNA TV">NARODNA TV</channel>
    <channel update="i" site="bnet.hr" site_id="1009" xmltv_id="BALKANIKA MUSIC TV">BALKANIKA MUSIC TV</channel>
    <channel update="i" site="bnet.hr" site_id="1024" xmltv_id="SLO 1">SLO 1</channel>
    <channel update="i" site="bnet.hr" site_id="1012" xmltv_id="SLO 2">SLO 2</channel>
    <channel update="i" site="bnet.hr" site_id="1023" xmltv_id="OBN">OBN</channel>
    <channel update="i" site="bnet.hr" site_id="1010" xmltv_id="FEDERALNA TV">FEDERALNA TV</channel>
    <channel update="i" site="bnet.hr" site_id="1020" xmltv_id="RTS SAT">RTS SAT</channel>
    <channel update="i" site="bnet.hr" site_id="1011" xmltv_id="RTCG">RTCG</channel>
    <channel update="i" site="bnet.hr" site_id="1006" xmltv_id="RTL TELEVISION">RTL TELEVISION</channel>
    <channel update="i" site="bnet.hr" site_id="1004" xmltv_id="PRO 7">PRO 7</channel>
    <channel update="i" site="bnet.hr" site_id="1005" xmltv_id="3 SAT">3 SAT</channel>
    <channel update="i" site="bnet.hr" site_id="3285" xmltv_id="MEDIASET ITALIA">MEDIASET ITALIA</channel>
    <channel update="i" site="bnet.hr" site_id="1001" xmltv_id="RAI UNO">RAI UNO</channel>
    <channel update="i" site="bnet.hr" site_id="998" xmltv_id="TV5MONDE">TV5MONDE</channel>
    <channel update="i" site="bnet.hr" site_id="163" xmltv_id="ARTE">ARTE</channel>
    <channel update="i" site="bnet.hr" site_id="2475" xmltv_id="AL JAZEERA BALKANS">AL JAZEERA BALKANS</channel>
    <channel update="i" site="bnet.hr" site_id="2468" xmltv_id="CNN">CNN</channel>
    <channel update="i" site="bnet.hr" site_id="6278" xmltv_id="Laudato TV">Laudato TV</channel>
    <channel update="i" site="bnet.hr" site_id="6318" xmltv_id="POZITIV TV">POZITIV TV</channel>
    <channel update="i" site="bnet.hr" site_id="978" xmltv_id="FULL TV">FULL TV</channel>
    <channel update="i" site="bnet.hr" site_id="979" xmltv_id="TV JADRAN">TV JADRAN</channel>
    <channel update="i" site="bnet.hr" site_id="980" xmltv_id="KANAL 5 TV">KANAL 5 TV</channel>
    <channel update="i" site="bnet.hr" site_id="982" xmltv_id="MRE\u017dAST">MRE\u017dAST</channel>
    <channel update="i" site="bnet.hr" site_id="983" xmltv_id="KANAL RI">KANAL RI</channel>
    <channel update="i" site="bnet.hr" site_id="972" xmltv_id="TV ISTRA">TV ISTRA</channel>
    <channel update="i" site="bnet.hr" site_id="178" xmltv_id="TV NOVA PULA">TV NOVA PULA</channel>
    <channel update="i" site="bnet.hr" site_id="977" xmltv_id="OSJE\u010cKA TV">OSJE\u010cKA TV</channel>
    <channel update="i" site="bnet.hr" site_id="984" xmltv_id="VINKOVA\u010cKA TV">VINKOVA\u010cKA TV</channel>
    <channel update="i" site="bnet.hr" site_id="985" xmltv_id="SLAVONSKA TV">SLAVONSKA TV</channel>
    <channel update="i" site="bnet.hr" site_id="976" xmltv_id="VARA\u017dDINSKA TELEVIZIJA">VARA\u017dDINSKA TELEVIZIJA</channel>
    <channel update="i" site="bnet.hr" site_id="975" xmltv_id="SRCE TV">SRCE TV</channel>
    <channel update="i" site="bnet.hr" site_id="2487" xmltv_id="SBTV">SBTV</channel>
    <channel update="i" site="bnet.hr" site_id="3507" xmltv_id="RTV Banovina">RTV Banovina</channel>
    <channel update="i" site="bnet.hr" site_id="2488" xmltv_id="DUTV">DUTV</channel>
    <channel update="i" site="bnet.hr" site_id="3662" xmltv_id="DMC">DMC</channel>
    <channel update="i" site="bnet.hr" site_id="4749" xmltv_id="TV4R">TV4R</channel>
    <channel update="i" site="bnet.hr" site_id="5758" xmltv_id="POLJOPRIVREDNA TV">POLJOPRIVREDNA TV</channel>
    <channel update="i" site="bnet.hr" site_id="974" xmltv_id="ZDRAVA TV-7">ZDRAVA TV-7</channel>
    <channel update="i" site="bnet.hr" site_id="950" xmltv_id="BLUE HUSTLER">BLUE HUSTLER</channel>
    <channel update="i" site="bnet.hr" site_id="949" xmltv_id="HUSTLER TV">HUSTLER TV</channel>
    <channel update="i" site="bnet.hr" site_id="3797" xmltv_id="OYO CINEMA">OYO CINEMA</channel>
    <channel update="i" site="bnet.hr" site_id="3798" xmltv_id="OYO FAMILY">OYO FAMILY</channel>
    <channel update="i" site="bnet.hr" site_id="2480" xmltv_id="SKY NEWS">SKY NEWS</channel>
    <channel update="i" site="bnet.hr" site_id="2479" xmltv_id="FOX NEWS">FOX NEWS</channel>
    <channel update="i" site="bnet.hr" site_id="2477" xmltv_id="AL JAZEERA ENGLISH">AL JAZEERA ENGLISH</channel>
    <channel update="i" site="bnet.hr" site_id="2483" xmltv_id="BBC WORLD NEWS">BBC WORLD NEWS</channel>
    <channel update="i" site="bnet.hr" site_id="2482" xmltv_id="CCTV-NEWS">CCTV-NEWS</channel>
    <channel update="i" site="bnet.hr" site_id="966" xmltv_id="CNBC">CNBC</channel>
    <channel update="i" site="bnet.hr" site_id="968" xmltv_id="DEUTSCHE WELLE">DEUTSCHE WELLE</channel>
    <channel update="i" site="bnet.hr" site_id="2484" xmltv_id="FRANCE 24">FRANCE 24</channel>
    <channel update="i" site="bnet.hr" site_id="2485" xmltv_id="N24">N24</channel>
    <channel update="i" site="bnet.hr" site_id="967" xmltv_id="EURONEWS">EURONEWS</channel>
    <channel update="i" site="bnet.hr" site_id="1007" xmltv_id="TV ESPANA">TV ESPANA</channel>
    <channel update="i" site="bnet.hr" site_id="89" xmltv_id="FUEL TV">FUEL TV</channel>
    <channel update="i" site="bnet.hr" site_id="78" xmltv_id="SPORTSKOOL">SPORTSKOOL</channel>
    <channel update="i" site="bnet.hr" site_id="934" xmltv_id="MOTORS TV">MOTORS TV</channel>
    <channel update="i" site="bnet.hr" site_id="944" xmltv_id="EXTREME SPORTS CHANNEL">EXTREME SPORTS CHANNEL</channel>
    <channel update="i" site="bnet.hr" site_id="102" xmltv_id="NAUTICAL CHANNEL">NAUTICAL CHANNEL</channel>
    <channel update="i" site="bnet.hr" site_id="166" xmltv_id="SK GOLF">SK GOLF</channel>
    <channel update="i" site="bnet.hr" site_id="146" xmltv_id="BODY IN BALANCE">BODY IN BALANCE</channel>
    <channel update="i" site="bnet.hr" site_id="145" xmltv_id="LOV I RIBOLOV">LOV I RIBOLOV</channel>
    <channel update="i" site="bnet.hr" site_id="95" xmltv_id="BABY TV">BABY TV</channel>
    <channel update="i" site="bnet.hr" site_id="3506" xmltv_id="DISNEY JUNIOR">DISNEY JUNIOR</channel>
    <channel update="i" site="bnet.hr" site_id="172" xmltv_id="JIM JAM">JIM JAM</channel>
    <channel update="i" site="bnet.hr" site_id="919" xmltv_id="TIJI">TIJI</channel>
    <channel update="i" site="bnet.hr" site_id="177" xmltv_id="KI.KA">KI.KA</channel>
    <channel update="i" site="bnet.hr" site_id="100" xmltv_id="NICK JR.">NICK JR.</channel>
    <channel update="i" site="bnet.hr" site_id="97" xmltv_id="DUCK TV">DUCK TV</channel>
    <channel update="i" site="bnet.hr" site_id="101" xmltv_id="SMILE OF A CHILD TV">SMILE OF A CHILD TV</channel>
    <channel update="i" site="bnet.hr" site_id="137" xmltv_id="MTV ROCKS INTERNATIONAL">MTV ROCKS INTERNATIONAL</channel>
    <channel update="i" site="bnet.hr" site_id="138" xmltv_id="MTV HITS INTERNATIONAL">MTV HITS INTERNATIONAL</channel>
    <channel update="i" site="bnet.hr" site_id="139" xmltv_id="MTV DANCE INTERNATIONAL">MTV DANCE INTERNATIONAL</channel>
    <channel update="i" site="bnet.hr" site_id="135" xmltv_id="MTV MUSIC 24">MTV MUSIC 24</channel>
    <channel update="i" site="bnet.hr" site_id="140" xmltv_id="VH1 CLASSIC">VH1 CLASSIC</channel>
    <channel update="i" site="bnet.hr" site_id="141" xmltv_id="TRACE URBAN">TRACE URBAN</channel>
    <channel update="i" site="bnet.hr" site_id="136" xmltv_id="DANCE TRIPPIN">DANCE TRIPPIN</channel>
    <channel update="i" site="bnet.hr" site_id="1026" xmltv_id="MEZZO">MEZZO</channel>
    <channel update="i" site="bnet.hr" site_id="143" xmltv_id="C MUSIC TV">C MUSIC TV</channel>
    <channel update="i" site="bnet.hr" site_id="5751" xmltv_id="KISS TV">KISS TV</channel>
    <channel update="i" site="bnet.hr" site_id="5752" xmltv_id="KERRANG!">KERRANG!</channel>
    <channel update="i" site="bnet.hr" site_id="5753" xmltv_id="BOX HITS">BOX HITS</channel>
    <channel update="i" site="bnet.hr" site_id="5754" xmltv_id="MAGIC">MAGIC</channel>
    <channel update="i" site="bnet.hr" site_id="134" xmltv_id="DM SAT">DM SAT</channel>
    <channel update="i" site="bnet.hr" site_id="185" xmltv_id="HAYAT TV SAT">HAYAT TV SAT</channel>
    <channel update="i" site="bnet.hr" site_id="184" xmltv_id="TV BN SAT">TV BN SAT</channel>
    <channel update="i" site="bnet.hr" site_id="3660" xmltv_id="FACE TV">FACE TV</channel>
    <channel update="i" site="bnet.hr" site_id="2490" xmltv_id="GOLICA TV">GOLICA TV</channel>
    <channel update="i" site="bnet.hr" site_id="2491" xmltv_id="\u010cARLI TV">\u010cARLI TV</channel>
    <channel update="i" site="bnet.hr" site_id="2489" xmltv_id="KCN MUSIC 2">KCN MUSIC 2</channel>
    <channel update="i" site="bnet.hr" site_id="995" xmltv_id="HAPPY TV">HAPPY TV</channel>
    <channel update="i" site="bnet.hr" site_id="186" xmltv_id="RTV ATLAS">RTV ATLAS</channel>
    <channel update="i" site="bnet.hr" site_id="112" xmltv_id="BRAZZERS  TV EUROPE">BRAZZERS  TV EUROPE</channel>
    <channel update="i" site="bnet.hr" site_id="114" xmltv_id="ADULT CHANNEL">ADULT CHANNEL</channel>
    <channel update="i" site="bnet.hr" site_id="113" xmltv_id="PLAYBOY TV">PLAYBOY TV</channel>
    <channel update="i" site="bnet.hr" site_id="2474" xmltv_id="DORCEL TV">DORCEL TV</channel>
    <channel update="i" site="bnet.hr" site_id="5750" xmltv_id="DUSK! TV">DUSK! TV</channel>
    <channel update="i" site="bnet.hr" site_id="125" xmltv_id="NOVA HD">NOVA HD</channel>
    <channel update="i" site="bnet.hr" site_id="4980" xmltv_id="DOMA TV HD">DOMA TV HD</channel>
    <channel update="i" site="bnet.hr" site_id="3793" xmltv_id="DISCOVERY SHOWCASE HD">DISCOVERY SHOWCASE HD</channel>
    <channel update="i" site="bnet.hr" site_id="6843" xmltv_id="DISCOVERY SCIENCE HD">DISCOVERY SCIENCE HD</channel>
    <channel update="i" site="bnet.hr" site_id="3794" xmltv_id="ANIMAL PLANET HD">ANIMAL PLANET HD</channel>
    <channel update="i" site="bnet.hr" site_id="115" xmltv_id="NATIONAL GEOGRAPHIC HD">NATIONAL GEOGRAPHIC HD</channel>
    <channel update="i" site="bnet.hr" site_id="904" xmltv_id="NAT GEO WILD HD">NAT GEO WILD HD</channel>
    <channel update="i" site="bnet.hr" site_id="905" xmltv_id="HISTORY HD">HISTORY HD</channel>
    <channel update="i" site="bnet.hr" site_id="6842" xmltv_id="DTX HD">DTX HD</channel>
    <channel update="i" site="bnet.hr" site_id="4981" xmltv_id="KINOTV HD">KINOTV HD</channel>
    <channel update="i" site="bnet.hr" site_id="118" xmltv_id="MYZEN.TV HD">MYZEN.TV HD</channel>
    <channel update="i" site="bnet.hr" site_id="116" xmltv_id="LUXE.TV HD">LUXE.TV HD</channel>
    <channel update="i" site="bnet.hr" site_id="5755" xmltv_id="BRAVA HD">BRAVA HD</channel>
    <channel update="i" site="bnet.hr" site_id="5756" xmltv_id="CLASSICA HD">CLASSICA HD</channel>
    <channel update="i" site="bnet.hr" site_id="5757" xmltv_id="D JAZZ HD">D JAZZ HD</channel>
    <channel update="i" site="bnet.hr" site_id="167" xmltv_id="ARTE HD">ARTE HD</channel>
    <channel update="i" site="bnet.hr" site_id="170" xmltv_id="DAS ERSTE HD">DAS ERSTE HD</channel>
    <channel update="i" site="bnet.hr" site_id="171" xmltv_id="ZDF HD">ZDF HD</channel>
    <channel update="i" site="bnet.hr" site_id="935" xmltv_id="EUROSPORT 1 HD">EUROSPORT 1 HD</channel>
    <channel update="i" site="bnet.hr" site_id="6844" xmltv_id="EUROSPORT 2 HD">EUROSPORT 2 HD</channel>
    <channel update="i" site="bnet.hr" site_id="3511" xmltv_id="SK 3 HD">SK 3 HD</channel>
    <channel update="i" site="bnet.hr" site_id="3500" xmltv_id="SK 1 HD">SK 1 HD</channel>
    <channel update="i" site="bnet.hr" site_id="3502" xmltv_id="SK 2 HD">SK 2 HD</channel>
    <channel update="i" site="bnet.hr" site_id="3503" xmltv_id="SK HD">SK HD</channel>
    <channel update="i" site="bnet.hr" site_id="3504" xmltv_id="SK GOLF HD">SK GOLF HD</channel>
    <channel update="i" site="bnet.hr" site_id="4982" xmltv_id="KREATOR TV HD">KREATOR TV HD</channel>
    <channel update="i" site="bnet.hr" site_id="973" xmltv_id="VOX TV">VOX TV</channel>
    <channel update="i" site="bnet.hr" site_id="971" xmltv_id="RI TV">RI TV</channel>
    <channel update="i" site="bnet.hr" site_id="991" xmltv_id="RTL II">RTL II</channel>
    <channel update="i" site="bnet.hr" site_id="999" xmltv_id="VOX">VOX</channel>
    <channel update="i" site="bnet.hr" site_id="1002" xmltv_id="RAI DUE">RAI DUE</channel>
    <channel update="i" site="bnet.hr" site_id="1016" xmltv_id="RTS 1">RTS 1</channel>
    <channel update="i" site="bnet.hr" site_id="1021" xmltv_id="RTS 2">RTS 2</channel>
    <channel update="i" site="bnet.hr" site_id="3792" xmltv_id="HUSTLER HD">HUSTLER HD</channel>
    <channel update="i" site="bnet.hr" site_id="3791" xmltv_id="DORCEL HD">DORCEL HD</channel>
  </channels>
</site>
