﻿<?xml version="1.0" encoding="UTF-8"?>
<site generator-info-name="WebGrab+Plus/w MDB &amp; REX Postprocess -- version V1.56.27 -- Jan van Straaten" site="port.hr">
  <channels>
    <channel update="i" site="port.hr" site_id="40002" xmltv_id="HRT 1">HRT 1</channel>
    <channel update="i" site="port.hr" site_id="40003" xmltv_id="HRT 2">HRT 2</channel>
    <channel update="i" site="port.hr" site_id="40001" xmltv_id="RTL Televizija">RTL Televizija</channel>
    <channel update="i" site="port.hr" site_id="40004" xmltv_id="NOVA TV">NOVA TV</channel>
    <channel update="i" site="port.hr" site_id="40135" xmltv_id="RTL 2">RTL 2</channel>
    <channel update="i" site="port.hr" site_id="40134" xmltv_id="Doma TV">Doma TV</channel>
    <channel update="i" site="port.hr" site_id="40206" xmltv_id="HRT 3">HRT 3</channel>
    <channel update="i" site="port.hr" site_id="40218" xmltv_id="HRT 4">HRT 4</channel>
    <channel update="i" site="port.hr" site_id="40054" xmltv_id="Z1">Z1</channel>
    <channel update="i" site="port.hr" site_id="40005" xmltv_id="Jabuka TV">Jabuka TV</channel>
    <channel update="i" site="port.hr" site_id="40034" xmltv_id="MrežaZG">MrežaZG</channel>
    <channel update="i" site="port.hr" site_id="40140" xmltv_id="RTL Living">RTL Living</channel>
    <channel update="i" site="port.hr" site_id="40006" xmltv_id="Varaždinska TV">Varaždinska TV</channel>
    <channel update="i" site="port.hr" site_id="40116" xmltv_id="Osječka televizija">Osječka televizija</channel>
    <channel update="i" site="port.hr" site_id="40037" xmltv_id="Vinkovačka TV">Vinkovačka TV</channel>
    <channel update="i" site="port.hr" site_id="40156" xmltv_id="Slavonskobrodska TV">Slavonskobrodska TV</channel>
    <channel update="i" site="port.hr" site_id="40117" xmltv_id="Televizija Slavonije i Baranje">Televizija Slavonije i Baranje</channel>
    <channel update="i" site="port.hr" site_id="40012" xmltv_id="Kanal RI">Kanal RI</channel>
    <channel update="i" site="port.hr" site_id="40119" xmltv_id="TV Istra">TV Istra</channel>
    <channel update="i" site="port.hr" site_id="40120" xmltv_id="VOX TV">VOX TV</channel>
    <channel update="i" site="port.hr" site_id="40118" xmltv_id="MrežaST">MrežaST</channel>
    <channel update="i" site="port.hr" site_id="40152" xmltv_id="TV Jadran">TV Jadran</channel>
    <channel update="i" site="port.hr" site_id="40220" xmltv_id="Zdrava TV">Zdrava TV</channel>
    <channel update="i" site="port.hr" site_id="40251" xmltv_id="Poljoprivredna TV">Poljoprivredna TV</channel>
    <channel update="i" site="port.hr" site_id="40261" xmltv_id="Dubrovačka TV">Dubrovačka TV</channel>
    <channel update="i" site="port.hr" site_id="40112" xmltv_id="National Geographic HD">National Geographic HD</channel>
    <channel update="i" site="port.hr" site_id="40129" xmltv_id="Eurosport 2 HD">Eurosport 2 HD</channel>
    <channel update="i" site="port.hr" site_id="40185" xmltv_id="Sport Klub HD">Sport Klub HD</channel>
    <channel update="i" site="port.hr" site_id="40038" xmltv_id="FTV">FTV</channel>
    <channel update="i" site="port.hr" site_id="40058" xmltv_id="OBN">OBN</channel>
    <channel update="i" site="port.hr" site_id="40059" xmltv_id="Pink BH">Pink BH</channel>
    <channel update="i" site="port.hr" site_id="40087" xmltv_id="Hayat">Hayat</channel>
    <channel update="i" site="port.hr" site_id="40047" xmltv_id="BHT1">BHT1</channel>
    <channel update="i" site="port.hr" site_id="40008" xmltv_id="HBO">HBO</channel>
    <channel update="i" site="port.hr" site_id="40009" xmltv_id="HBO 2">HBO 2</channel>
    <channel update="i" site="port.hr" site_id="40085" xmltv_id="Cinemax">Cinemax</channel>
    <channel update="i" site="port.hr" site_id="40088" xmltv_id="Cinemax 2">Cinemax 2</channel>
    <channel update="i" site="port.hr" site_id="40083" xmltv_id="CineStar TV">CineStar TV</channel>
    <channel update="i" site="port.hr" site_id="40138" xmltv_id="CineStar Action&amp;Thriller">CineStar Action&amp;Thriller</channel>
    <channel update="i" site="port.hr" site_id="40128" xmltv_id="Klasik TV">Klasik TV</channel>
    <channel update="i" site="port.hr" site_id="40093" xmltv_id="AXN">AXN</channel>
    <channel update="i" site="port.hr" site_id="40071" xmltv_id="Fox Crime">Fox Crime</channel>
    <channel update="i" site="port.hr" site_id="40070" xmltv_id="Fox Life">Fox Life</channel>
    <channel update="i" site="port.hr" site_id="40189" xmltv_id="Fox Movies">Fox Movies</channel>
    <channel update="i" site="port.hr" site_id="40133" xmltv_id="Sci Fi Channel">Sci Fi Channel</channel>
    <channel update="i" site="port.hr" site_id="40048" xmltv_id="Universal Channel">Universal Channel</channel>
    <channel update="i" site="port.hr" site_id="40043" xmltv_id="TV 1000 Balkan">TV 1000 Balkan</channel>
    <channel update="i" site="port.hr" site_id="40027" xmltv_id="Cartoon Network">Cartoon Network</channel>
    <channel update="i" site="port.hr" site_id="40040" xmltv_id="CBS Drama">CBS Drama</channel>
    <channel update="i" site="port.hr" site_id="40147" xmltv_id="AMC">AMC</channel>
    <channel update="i" site="port.hr" site_id="40204" xmltv_id="Comedy Central Extra">Comedy Central Extra</channel>
    <channel update="i" site="port.hr" site_id="40208" xmltv_id="Fox">Fox</channel>
    <channel update="i" site="port.hr" site_id="40226" xmltv_id="Kino TV">Kino TV</channel>
    <channel update="i" site="port.hr" site_id="40230" xmltv_id="Cinestar Premiere 1">Cinestar Premiere 1</channel>
    <channel update="i" site="port.hr" site_id="40231" xmltv_id="Cinestar Premiere 2">Cinestar Premiere 2</channel>
    <channel update="i" site="port.hr" site_id="40234" xmltv_id="AXN Spin">AXN Spin</channel>
    <channel update="i" site="port.hr" site_id="40240" xmltv_id="M1 FILM">M1 FILM</channel>
    <channel update="i" site="port.hr" site_id="40262" xmltv_id="RTL Crime">RTL Crime</channel>
    <channel update="i" site="port.hr" site_id="40263" xmltv_id="RTL Passion">RTL Passion</channel>
    <channel update="i" site="port.hr" site_id="40039" xmltv_id="CMC">CMC</channel>
    <channel update="i" site="port.hr" site_id="40155" xmltv_id="Hit TV">Hit TV</channel>
    <channel update="i" site="port.hr" site_id="40036" xmltv_id="MTV Hrvatska">MTV Hrvatska</channel>
    <channel update="i" site="port.hr" site_id="40153" xmltv_id="Trace TV Urban">Trace TV Urban</channel>
    <channel update="i" site="port.hr" site_id="40210" xmltv_id="Jugoton">Jugoton</channel>
    <channel update="i" site="port.hr" site_id="40056" xmltv_id="Kanal A">Kanal A</channel>
    <channel update="i" site="port.hr" site_id="40057" xmltv_id="Pop TV">Pop TV</channel>
    <channel update="i" site="port.hr" site_id="40137" xmltv_id="Sportska televizija">Sportska televizija</channel>
    <channel update="i" site="port.hr" site_id="40080" xmltv_id="Sport Klub 1">Sport Klub 1</channel>
    <channel update="i" site="port.hr" site_id="40115" xmltv_id="Sport Klub 2">Sport Klub 2</channel>
    <channel update="i" site="port.hr" site_id="40176" xmltv_id="Fight Channel">Fight Channel</channel>
    <channel update="i" site="port.hr" site_id="40045" xmltv_id="Eurosport">Eurosport</channel>
    <channel update="i" site="port.hr" site_id="40046" xmltv_id="Eurosport 2">Eurosport 2</channel>
    <channel update="i" site="port.hr" site_id="40073" xmltv_id="Extreme Sports">Extreme Sports</channel>
    <channel update="i" site="port.hr" site_id="40146" xmltv_id="Lov i Ribolov">Lov i Ribolov</channel>
    <channel update="i" site="port.hr" site_id="40150" xmltv_id="Sport Klub Golf">Sport Klub Golf</channel>
    <channel update="i" site="port.hr" site_id="40181" xmltv_id="Arena Sport 1">Arena Sport 1</channel>
    <channel update="i" site="port.hr" site_id="40227" xmltv_id="Arena Sport 2">Arena Sport 2</channel>
    <channel update="i" site="port.hr" site_id="40228" xmltv_id="Arena Sport 3">Arena Sport 3</channel>
    <channel update="i" site="port.hr" site_id="40229" xmltv_id="Arena Sport 4">Arena Sport 4</channel>
    <channel update="i" site="port.hr" site_id="40186" xmltv_id="Sport Klub 4">Sport Klub 4</channel>
    <channel update="i" site="port.hr" site_id="40187" xmltv_id="Sport Klub 5">Sport Klub 5</channel>
    <channel update="i" site="port.hr" site_id="40188" xmltv_id="Sport Klub 6">Sport Klub 6</channel>
    <channel update="i" site="port.hr" site_id="40092" xmltv_id="Mini TV">Mini TV</channel>
    <channel update="i" site="port.hr" site_id="40232" xmltv_id="RTL Kockica">RTL Kockica</channel>
    <channel update="i" site="port.hr" site_id="40143" xmltv_id="OK Bambino">OK Bambino</channel>
    <channel update="i" site="port.hr" site_id="40182" xmltv_id="Orlando Kids">Orlando Kids</channel>
    <channel update="i" site="port.hr" site_id="40079" xmltv_id="Disney XD">Disney XD</channel>
    <channel update="i" site="port.hr" site_id="40151" xmltv_id="Disney Junior">Disney Junior</channel>
    <channel update="i" site="port.hr" site_id="40028" xmltv_id="Nickelodeon">Nickelodeon</channel>
    <channel update="i" site="port.hr" site_id="40053" xmltv_id="National Geographic Channel">National Geographic Channel</channel>
    <channel update="i" site="port.hr" site_id="40074" xmltv_id="National Geographic Wild">National Geographic Wild</channel>
    <channel update="i" site="port.hr" site_id="40052" xmltv_id="Animal Planet">Animal Planet</channel>
    <channel update="i" site="port.hr" site_id="40049" xmltv_id="Discovery Channel">Discovery Channel</channel>
    <channel update="i" site="port.hr" site_id="40044" xmltv_id="Viasat History">Viasat History</channel>
    <channel update="i" site="port.hr" site_id="40042" xmltv_id="Viasat Explore">Viasat Explore</channel>
    <channel update="i" site="port.hr" site_id="40114" xmltv_id="Viasat Nature">Viasat Nature</channel>
    <channel update="i" site="port.hr" site_id="40081" xmltv_id="The History Channel">The History Channel</channel>
    <channel update="i" site="port.hr" site_id="40175" xmltv_id="Crime + Investigation">Crime + Investigation</channel>
    <channel update="i" site="port.hr" site_id="40041" xmltv_id="CBS Reality">CBS Reality</channel>
    <channel update="i" site="port.hr" site_id="40123" xmltv_id="Da Vinci Learning">Da Vinci Learning</channel>
    <channel update="i" site="port.hr" site_id="40235" xmltv_id="TLC">TLC</channel>
    <channel update="i" site="port.hr" site_id="40144" xmltv_id="24Kitchen">24Kitchen</channel>
    <channel update="i" site="port.hr" site_id="40082" xmltv_id="Style">Style</channel>
    <channel update="i" site="port.hr" site_id="40021" xmltv_id="Fashion TV">Fashion TV</channel>
    <channel update="i" site="port.hr" site_id="40086" xmltv_id="E!">E!</channel>
    <channel update="i" site="port.hr" site_id="40136" xmltv_id="24 sata">24 sata</channel>
    <channel update="i" site="port.hr" site_id="40097" xmltv_id="Bloomberg">Bloomberg</channel>
    <channel update="i" site="port.hr" site_id="40179" xmltv_id="Al Jazeera Balkans">Al Jazeera Balkans</channel>
    <channel update="i" site="port.hr" site_id="40249" xmltv_id="N1">N1</channel>
    <channel update="i" site="port.hr" site_id="40069" xmltv_id="Playboy TV">Playboy TV</channel>
    <channel update="i" site="port.hr" site_id="40077" xmltv_id="Brazzers TV Europe">Brazzers TV Europe</channel>
    <channel update="i" site="port.hr" site_id="40141" xmltv_id="Dorcel TV">Dorcel TV</channel>
    <channel update="i" site="port.hr" site_id="40142" xmltv_id="French Lover TV">French Lover TV</channel>
    <channel update="i" site="port.hr" site_id="40018" xmltv_id="Daring!TV">Daring!TV</channel>
    <channel update="i" site="port.hr" site_id="40017" xmltv_id="Hustler TV">Hustler TV</channel>
    <channel update="i" site="port.hr" site_id="40103" xmltv_id="Blue Hustler">Blue Hustler</channel>
    <channel update="i" site="port.hr" site_id="40149" xmltv_id="Private TV">Private TV</channel>
    <channel update="i" site="port.hr" site_id="40236" xmltv_id="SuperOne">SuperOne</channel>
  </channels>
</site>