﻿<?xml version="1.0" encoding="UTF-8"?>
<site generator-info-name="WebGrab+Plus/w MDB &amp; REX Postprocess -- version V2.1.2 -- Jan van Straaten" site="canalsat.fr">
  <channels>
    <channel update="i" site="canalsat.fr" site_id="312" xmltv_id="TF1">TF1</channel>
    <channel update="i" site="canalsat.fr" site_id="26" xmltv_id="FRANCE 2">FRANCE 2</channel>
    <channel update="i" site="canalsat.fr" site_id="543" xmltv_id="FRANCE 3">FRANCE 3</channel>
    <channel update="i" site="canalsat.fr" site_id="545" xmltv_id="FRANCE 5">FRANCE 5</channel>
    <channel update="i" site="canalsat.fr" site_id="313" xmltv_id="M6">M6</channel>
    <channel update="i" site="canalsat.fr" site_id="154" xmltv_id="ARTE">ARTE</channel>
    <channel update="i" site="canalsat.fr" site_id="301" xmltv_id="CANAL+">CANAL+</channel>
    <channel update="i" site="canalsat.fr" site_id="198" xmltv_id="CANAL+ CINEMA">CANAL+ CINEMA</channel>
    <channel update="i" site="canalsat.fr" site_id="177" xmltv_id="CANAL+ SPORT">CANAL+ SPORT</channel>
    <channel update="i" site="canalsat.fr" site_id="481" xmltv_id="CANAL+ SERIES">CANAL+ SERIES</channel>
    <channel update="i" site="canalsat.fr" site_id="259" xmltv_id="CANAL+ FAMILY">CANAL+ FAMILY</channel>
    <channel update="i" site="canalsat.fr" site_id="257" xmltv_id="CANAL+ DECALE">CANAL+ DECALE</channel>
    <channel update="i" site="canalsat.fr" site_id="322" xmltv_id="CINE+ PREMIER">CINE+ PREMIER</channel>
    <channel update="i" site="canalsat.fr" site_id="398" xmltv_id="CINE+ FRISSON">CINE+ FRISSON</channel>
    <channel update="i" site="canalsat.fr" site_id="396" xmltv_id="CINE+ EMOTION">CINE+ EMOTION</channel>
    <channel update="i" site="canalsat.fr" site_id="533" xmltv_id="CINE+ FAMIZ">CINE+ FAMIZ</channel>
    <channel update="i" site="canalsat.fr" site_id="532" xmltv_id="CINE+ CLUB">CINE+ CLUB</channel>
    <channel update="i" site="canalsat.fr" site_id="531" xmltv_id="CINE+ CLASSIC">CINE+ CLASSIC</channel>
    <channel update="i" site="canalsat.fr" site_id="372" xmltv_id="OCS MAX">OCS MAX</channel>
    <channel update="i" site="canalsat.fr" site_id="467" xmltv_id="OCS CITY">OCS CITY</channel>
    <channel update="i" site="canalsat.fr" site_id="466" xmltv_id="OCS CHOC">OCS CHOC</channel>
    <channel update="i" site="canalsat.fr" site_id="468" xmltv_id="OCS GEANTS">OCS GEANTS</channel>
    <channel update="i" site="canalsat.fr" site_id="374" xmltv_id="TCM CINEMA">TCM CINEMA</channel>
    <channel update="i" site="canalsat.fr" site_id="487" xmltv_id="PARAMOUNT CHANNEL">PARAMOUNT CHANNEL</channel>
    <channel update="i" site="canalsat.fr" site_id="504" xmltv_id="ACTION">ACTION</channel>
    <channel update="i" site="canalsat.fr" site_id="641" xmltv_id="SUNDANCE TV">SUNDANCE TV</channel>
    <channel update="i" site="canalsat.fr" site_id="527" xmltv_id="NOLLYWOOD TV">NOLLYWOOD TV</channel>
    <channel update="i" site="canalsat.fr" site_id="639" xmltv_id="A+">A+</channel>
    <channel update="i" site="canalsat.fr" site_id="340" xmltv_id="DISNEY CINEMA">DISNEY CINEMA</channel>
    <channel update="i" site="canalsat.fr" site_id="526" xmltv_id="HD1">HD1</channel>
    <channel update="i" site="canalsat.fr" site_id="196" xmltv_id="BOB TV">BOB TV</channel>
    <channel update="i" site="canalsat.fr" site_id="184" xmltv_id="DIEGO TV">DIEGO TV</channel>
    <channel update="i" site="canalsat.fr" site_id="185" xmltv_id="DORA TV">DORA TV</channel>
    <channel update="i" site="canalsat.fr" site_id="274" xmltv_id="DISNEY JUNIOR">DISNEY JUNIOR</channel>
    <channel update="i" site="canalsat.fr" site_id="576" xmltv_id="PIWI+">PIWI+</channel>
    <channel update="i" site="canalsat.fr" site_id="593" xmltv_id="NICKELODEON JR">NICKELODEON JR</channel>
    <channel update="i" site="canalsat.fr" site_id="583" xmltv_id="TIJI">TIJI</channel>
    <channel update="i" site="canalsat.fr" site_id="530" xmltv_id="BOOMERANG">BOOMERANG</channel>
    <channel update="i" site="canalsat.fr" site_id="502" xmltv_id="CARTOON NETWORK">CARTOON NETWORK</channel>
    <channel update="i" site="canalsat.fr" site_id="591" xmltv_id="NICKELODEON">NICKELODEON</channel>
    <channel update="i" site="canalsat.fr" site_id="581" xmltv_id="TELETOON+">TELETOON+</channel>
    <channel update="i" site="canalsat.fr" site_id="284" xmltv_id="DISNEY XD">DISNEY XD</channel>
    <channel update="i" site="canalsat.fr" site_id="525" xmltv_id="CANAL J">CANAL J</channel>
    <channel update="i" site="canalsat.fr" site_id="529" xmltv_id="BOING">BOING</channel>
    <channel update="i" site="canalsat.fr" site_id="683" xmltv_id="TOONAMI">TOONAMI</channel>
    <channel update="i" site="canalsat.fr" site_id="518" xmltv_id="NICKELODEON 4TEEN">NICKELODEON 4TEEN</channel>
    <channel update="i" site="canalsat.fr" site_id="282" xmltv_id="DISNEY CHANNEL">DISNEY CHANNEL</channel>
    <channel update="i" site="canalsat.fr" site_id="549" xmltv_id="GULLI">GULLI</channel>
    <channel update="i" site="canalsat.fr" site_id="629" xmltv_id="MTV HITS">MTV HITS</channel>
    <channel update="i" site="canalsat.fr" site_id="534" xmltv_id="COMEDIE+">COMEDIE+</channel>
    <channel update="i" site="canalsat.fr" site_id="342" xmltv_id="13EME RUE">13EME RUE</channel>
    <channel update="i" site="canalsat.fr" site_id="341" xmltv_id="SYFY">SYFY</channel>
    <channel update="i" site="canalsat.fr" site_id="356" xmltv_id="SERIE CLUB">SERIE CLUB</channel>
    <channel update="i" site="canalsat.fr" site_id="524" xmltv_id="ELLE GIRL">ELLE GIRL</channel>
    <channel update="i" site="canalsat.fr" site_id="434" xmltv_id="NON STOP PEOPLE">NON STOP PEOPLE</channel>
    <channel update="i" site="canalsat.fr" site_id="484" xmltv_id="J-ONE">J-ONE</channel>
    <channel update="i" site="canalsat.fr" site_id="611" xmltv_id="AB1">AB1</channel>
    <channel update="i" site="canalsat.fr" site_id="586" xmltv_id="TV BREIZH">TV BREIZH</channel>
    <channel update="i" site="canalsat.fr" site_id="292" xmltv_id="TEVA">TEVA</channel>
    <channel update="i" site="canalsat.fr" site_id="294" xmltv_id="PARIS PREMIERE">PARIS PREMIERE</channel>
    <channel update="i" site="canalsat.fr" site_id="505" xmltv_id="RTL9">RTL9</channel>
    <channel update="i" site="canalsat.fr" site_id="628" xmltv_id="BET">BET</channel>
    <channel update="i" site="canalsat.fr" site_id="450" xmltv_id="C8">C8</channel>
    <channel update="i" site="canalsat.fr" site_id="296" xmltv_id="W9">W9</channel>
    <channel update="i" site="canalsat.fr" site_id="584" xmltv_id="TMC">TMC</channel>
    <channel update="i" site="canalsat.fr" site_id="570" xmltv_id="NT1">NT1</channel>
    <channel update="i" site="canalsat.fr" site_id="568" xmltv_id="NRJ 12">NRJ 12</channel>
    <channel update="i" site="canalsat.fr" site_id="544" xmltv_id="FRANCE 4">FRANCE 4</channel>
    <channel update="i" site="canalsat.fr" site_id="513" xmltv_id="CSTAR">CSTAR</channel>
    <channel update="i" site="canalsat.fr" site_id="440" xmltv_id="CHERIE 25">CHERIE 25</channel>
    <channel update="i" site="canalsat.fr" site_id="677" xmltv_id="VICELAND">VICELAND</channel>
    <channel update="i" site="canalsat.fr" site_id="470" xmltv_id="MTV">MTV</channel>
    <channel update="i" site="canalsat.fr" site_id="556" xmltv_id="MCM">MCM</channel>
    <channel update="i" site="canalsat.fr" site_id="592" xmltv_id="GAME ONE">GAME ONE</channel>
    <channel update="i" site="canalsat.fr" site_id="613" xmltv_id="MANGAS">MANGAS</channel>
    <channel update="i" site="canalsat.fr" site_id="352" xmltv_id="M6 MUSIC">M6 MUSIC</channel>
    <channel update="i" site="canalsat.fr" site_id="569" xmltv_id="NRJ HITS">NRJ HITS</channel>
    <channel update="i" site="canalsat.fr" site_id="585" xmltv_id="TRACE URBAN">TRACE URBAN</channel>
    <channel update="i" site="canalsat.fr" site_id="558" xmltv_id="MCM TOP">MCM TOP</channel>
    <channel update="i" site="canalsat.fr" site_id="557" xmltv_id="RFM TV">RFM TV</channel>
    <channel update="i" site="canalsat.fr" site_id="580" xmltv_id="MELODY">MELODY</channel>
    <channel update="i" site="canalsat.fr" site_id="560" xmltv_id="MEZZO">MEZZO</channel>
    <channel update="i" site="canalsat.fr" site_id="268" xmltv_id="MEZZO LIVE">MEZZO LIVE</channel>
    <channel update="i" site="canalsat.fr" site_id="165" xmltv_id="BRAVA">BRAVA</channel>
    <channel update="i" site="canalsat.fr" site_id="407" xmltv_id="DJAZZ">DJAZZ</channel>
    <channel update="i" site="canalsat.fr" site_id="674" xmltv_id="TRACE AFRICA">TRACE AFRICA</channel>
    <channel update="i" site="canalsat.fr" site_id="546" xmltv_id="FRANCE O">FRANCE O</channel>
    <channel update="i" site="canalsat.fr" site_id="521" xmltv_id="6TER">6TER</channel>
    <channel update="i" site="canalsat.fr" site_id="571" xmltv_id="NUMERO 23">NUMERO 23</channel>
    <channel update="i" site="canalsat.fr" site_id="520" xmltv_id="TV5 MONDE">TV5 MONDE</channel>
    <channel update="i" site="canalsat.fr" site_id="455" xmltv_id="CAMPAGNES TV">CAMPAGNES TV</channel>
    <channel update="i" site="canalsat.fr" site_id="619" xmltv_id="QVC">QVC</channel>
    <channel update="i" site="canalsat.fr" site_id="632" xmltv_id="ASTROCENTER TV">ASTROCENTER TV</channel>
    <channel update="i" site="canalsat.fr" site_id="678" xmltv_id="MUSEUM">MUSEUM</channel>
    <channel update="i" site="canalsat.fr" site_id="552" xmltv_id="LA CHAINE METEO">LA CHAINE METEO</channel>
    <channel update="i" site="canalsat.fr" site_id="656" xmltv_id="MY ZEN TV">MY ZEN TV</channel>
    <channel update="i" site="canalsat.fr" site_id="595" xmltv_id="RMC DECOUVERTE">RMC DECOUVERTE</channel>
    <channel update="i" site="canalsat.fr" site_id="682" xmltv_id="M6 BOUTIQUE">M6 BOUTIQUE</channel>
    <channel update="i" site="canalsat.fr" site_id="270" xmltv_id="PLANETE+">PLANETE+</channel>
    <channel update="i" site="canalsat.fr" site_id="587" xmltv_id="PLANETE+ CI">PLANETE+ CI</channel>
    <channel update="i" site="canalsat.fr" site_id="588" xmltv_id="PLANETE+ A&amp;E">PLANETE+ A&amp;E</channel>
    <channel update="i" site="canalsat.fr" site_id="302" xmltv_id="NATIONAL GEO">NATIONAL GEO</channel>
    <channel update="i" site="canalsat.fr" site_id="290" xmltv_id="NAT GEO WILD">NAT GEO WILD</channel>
    <channel update="i" site="canalsat.fr" site_id="477" xmltv_id="VOYAGE">VOYAGE</channel>
    <channel update="i" site="canalsat.fr" site_id="142" xmltv_id="USHUAIA TV">USHUAIA TV</channel>
    <channel update="i" site="canalsat.fr" site_id="550" xmltv_id="HISTOIRE">HISTOIRE</channel>
    <channel update="i" site="canalsat.fr" site_id="620" xmltv_id="TOUTE L'HISTOIRE">TOUTE L'HISTOIRE</channel>
    <channel update="i" site="canalsat.fr" site_id="614" xmltv_id="SCIENCE ET VIE TV">SCIENCE ET VIE TV</channel>
    <channel update="i" site="canalsat.fr" site_id="503" xmltv_id="ANIMAUX">ANIMAUX</channel>
    <channel update="i" site="canalsat.fr" site_id="615" xmltv_id="TREK">TREK</channel>
    <channel update="i" site="canalsat.fr" site_id="577" xmltv_id="SEASONS">SEASONS</channel>
    <channel update="i" site="canalsat.fr" site_id="681" xmltv_id="CHASSE ET PECHE">CHASSE ET PECHE</channel>
    <channel update="i" site="canalsat.fr" site_id="480" xmltv_id="CNEWS">CNEWS</channel>
    <channel update="i" site="canalsat.fr" site_id="633" xmltv_id="BFM TV">BFM TV</channel>
    <channel update="i" site="canalsat.fr" site_id="553" xmltv_id="LCI">LCI</channel>
    <channel update="i" site="canalsat.fr" site_id="670" xmltv_id="FRANCEINFO:">FRANCEINFO:</channel>
    <channel update="i" site="canalsat.fr" site_id="310" xmltv_id="FRANCE 24">FRANCE 24</channel>
    <channel update="i" site="canalsat.fr" site_id="554" xmltv_id="LCP">LCP</channel>
    <channel update="i" site="canalsat.fr" site_id="645" xmltv_id="BFM BUSINESS">BFM BUSINESS</channel>
    <channel update="i" site="canalsat.fr" site_id="30" xmltv_id="CNN INT.">CNN INT.</channel>
    <channel update="i" site="canalsat.fr" site_id="589" xmltv_id="BBC WORLD NEWS">BBC WORLD NEWS</channel>
    <channel update="i" site="canalsat.fr" site_id="324" xmltv_id="EURONEWS">EURONEWS</channel>
    <channel update="i" site="canalsat.fr" site_id="551" xmltv_id="INFOSPORT+">INFOSPORT+</channel>
    <channel update="i" site="canalsat.fr" site_id="101" xmltv_id="EUROSPORT 1">EUROSPORT 1</channel>
    <channel update="i" site="canalsat.fr" site_id="436" xmltv_id="EUROSPORT 2">EUROSPORT 2</channel>
    <channel update="i" site="canalsat.fr" site_id="573" xmltv_id="OM TV">OM TV</channel>
    <channel update="i" site="canalsat.fr" site_id="572" xmltv_id="OL TV">OL TV</channel>
    <channel update="i" site="canalsat.fr" site_id="574" xmltv_id="ONZEO">ONZEO</channel>
    <channel update="i" site="canalsat.fr" site_id="548" xmltv_id="GIRONDINS TV">GIRONDINS TV</channel>
    <channel update="i" site="canalsat.fr" site_id="612" xmltv_id="AB MOTEURS">AB MOTEURS</channel>
    <channel update="i" site="canalsat.fr" site_id="540" xmltv_id="EQUIDIA LIVE">EQUIDIA LIVE</channel>
    <channel update="i" site="canalsat.fr" site_id="539" xmltv_id="EQUIDIA LIFE">EQUIDIA LIFE</channel>
    <channel update="i" site="canalsat.fr" site_id="381" xmltv_id="BEIN SPORTS 1">BEIN SPORTS 1</channel>
    <channel update="i" site="canalsat.fr" site_id="384" xmltv_id="BEIN SPORTS 2">BEIN SPORTS 2</channel>
    <channel update="i" site="canalsat.fr" site_id="516" xmltv_id="BEIN SPORTS 3">BEIN SPORTS 3</channel>
    <channel update="i" site="canalsat.fr" site_id="378" xmltv_id="GOLF+">GOLF+</channel>
    <channel update="i" site="canalsat.fr" site_id="541" xmltv_id="EXTREME SPORTS">EXTREME SPORTS</channel>
    <channel update="i" site="canalsat.fr" site_id="561" xmltv_id="MOTORSPORT TV">MOTORSPORT TV</channel>
    <channel update="i" site="canalsat.fr" site_id="84" xmltv_id="L'EQUIPE">L'EQUIPE</channel>
    <channel update="i" site="canalsat.fr" site_id="542" xmltv_id="FOOT+ 24/24">FOOT+ 24/24</channel>
    <channel update="i" site="canalsat.fr" site_id="562" xmltv_id="MULTISPORTS 1">MULTISPORTS 1</channel>
    <channel update="i" site="canalsat.fr" site_id="563" xmltv_id="MULTISPORTS 2">MULTISPORTS 2</channel>
    <channel update="i" site="canalsat.fr" site_id="564" xmltv_id="MULTISPORTS 3">MULTISPORTS 3</channel>
    <channel update="i" site="canalsat.fr" site_id="565" xmltv_id="MULTISPORTS 4">MULTISPORTS 4</channel>
    <channel update="i" site="canalsat.fr" site_id="566" xmltv_id="MULTISPORTS 5">MULTISPORTS 5</channel>
    <channel update="i" site="canalsat.fr" site_id="567" xmltv_id="MULTISPORTS 6">MULTISPORTS 6</channel>
    <channel update="i" site="canalsat.fr" site_id="596" xmltv_id="BEIN SPORTS MAX 4">BEIN SPORTS MAX 4</channel>
    <channel update="i" site="canalsat.fr" site_id="597" xmltv_id="BEIN SPORTS MAX 5">BEIN SPORTS MAX 5</channel>
    <channel update="i" site="canalsat.fr" site_id="598" xmltv_id="BEIN SPORTS MAX 6">BEIN SPORTS MAX 6</channel>
    <channel update="i" site="canalsat.fr" site_id="599" xmltv_id="BEIN SPORTS MAX 7">BEIN SPORTS MAX 7</channel>
    <channel update="i" site="canalsat.fr" site_id="603" xmltv_id="BEIN SPORTS MAX 8">BEIN SPORTS MAX 8</channel>
    <channel update="i" site="canalsat.fr" site_id="604" xmltv_id="BEIN SPORTS MAX 9">BEIN SPORTS MAX 9</channel>
    <channel update="i" site="canalsat.fr" site_id="605" xmltv_id="BEIN SPORTS MAX 10">BEIN SPORTS MAX 10</channel>
    <channel update="i" site="canalsat.fr" site_id="635" xmltv_id="EUROSPORT 360 1">EUROSPORT 360 1</channel>
    <channel update="i" site="canalsat.fr" site_id="636" xmltv_id="EUROSPORT 360 2">EUROSPORT 360 2</channel>
    <channel update="i" site="canalsat.fr" site_id="637" xmltv_id="EUROSPORT 360 3">EUROSPORT 360 3</channel>
    <channel update="i" site="canalsat.fr" site_id="638" xmltv_id="EUROSPORT 360 4">EUROSPORT 360 4</channel>
    <channel update="i" site="canalsat.fr" site_id="650" xmltv_id="EUROSPORT 360 5">EUROSPORT 360 5</channel>
    <channel update="i" site="canalsat.fr" site_id="651" xmltv_id="EUROSPORT 360 6">EUROSPORT 360 6</channel>
    <channel update="i" site="canalsat.fr" site_id="652" xmltv_id="EUROSPORT 360 7">EUROSPORT 360 7</channel>
    <channel update="i" site="canalsat.fr" site_id="653" xmltv_id="EUROSPORT 360 8">EUROSPORT 360 8</channel>
  </channels>
</site>