﻿<?xml version="1.0" encoding="UTF-8"?>
<site generator-info-name="WebGrab+Plus/w MDB &amp; REX Postprocess -- version V2.1.2 -- Jan van Straaten" site="telerama.fr">
  <channels>
    <channel update="i" site="telerama.fr" site_id="6ter,1403" xmltv_id="6ter">6ter</channel>
    <channel update="i" site="telerama.fr" site_id="arte,111" xmltv_id="Arte">Arte</channel>
    <channel update="i" site="telerama.fr" site_id="bfm-tv,481" xmltv_id="BFM TV">BFM TV</channel>
    <channel update="i" site="telerama.fr" site_id="canal,34" xmltv_id="Canal+">Canal+</channel>
    <channel update="i" site="telerama.fr" site_id="cherie-25,1399" xmltv_id="Chérie 25">Chérie 25</channel>
    <channel update="i" site="telerama.fr" site_id="c8,445" xmltv_id="C8">C8</channel>
    <channel update="i" site="telerama.fr" site_id="cstar,458" xmltv_id="CSTAR">CSTAR</channel>
    <channel update="i" site="telerama.fr" site_id="france-2,4" xmltv_id="France 2">France 2</channel>
    <channel update="i" site="telerama.fr" site_id="france-3,80" xmltv_id="France 3">France 3</channel>
    <channel update="i" site="telerama.fr" site_id="france-4,78" xmltv_id="France 4">France 4</channel>
    <channel update="i" site="telerama.fr" site_id="france-5,47" xmltv_id="France 5">France 5</channel>
    <channel update="i" site="telerama.fr" site_id="france-o,160" xmltv_id="France Ô">France Ô</channel>
    <channel update="i" site="telerama.fr" site_id="franceinfo,2111" xmltv_id="Franceinfo">Franceinfo</channel>
    <channel update="i" site="telerama.fr" site_id="gulli,482" xmltv_id="Gulli">Gulli</channel>
    <channel update="i" site="telerama.fr" site_id="hd1,1404" xmltv_id="HD1">HD1</channel>
    <channel update="i" site="telerama.fr" site_id="cnews,226" xmltv_id="CNEWS">CNEWS</channel>
    <channel update="i" site="telerama.fr" site_id="la-chaine-parlementaire,234" xmltv_id="La Chaîne parlementaire">La Chaîne parlementaire</channel>
    <channel update="i" site="telerama.fr" site_id="lci,112" xmltv_id="LCI">LCI</channel>
    <channel update="i" site="telerama.fr" site_id="lequipe,1401" xmltv_id="L'Equipe">L'Equipe</channel>
    <channel update="i" site="telerama.fr" site_id="m6,118" xmltv_id="M6">M6</channel>
    <channel update="i" site="telerama.fr" site_id="nrj-12,444" xmltv_id="NRJ 12">NRJ 12</channel>
    <channel update="i" site="telerama.fr" site_id="nt-1,446" xmltv_id="NT 1">NT 1</channel>
    <channel update="i" site="telerama.fr" site_id="numero-23,1402" xmltv_id="Numéro 23">Numéro 23</channel>
    <channel update="i" site="telerama.fr" site_id="rmc-decouverte,1400" xmltv_id="RMC Découverte">RMC Découverte</channel>
    <channel update="i" site="telerama.fr" site_id="tf1,192" xmltv_id="TF1">TF1</channel>
    <channel update="i" site="telerama.fr" site_id="tmc,195" xmltv_id="TMC">TMC</channel>
    <channel update="i" site="telerama.fr" site_id="w9,119" xmltv_id="W9">W9</channel>
    <channel update="i" site="telerama.fr" site_id="idf1,701" xmltv_id="IDF1">IDF1</channel>
    <channel update="i" site="telerama.fr" site_id="action,10" xmltv_id="Action">Action</channel>
    <channel update="i" site="telerama.fr" site_id="canal-cinema,33" xmltv_id="Canal+ Cinéma">Canal+ Cinéma</channel>
    <channel update="i" site="telerama.fr" site_id="canal-decale,30" xmltv_id="Canal+ Décalé">Canal+ Décalé</channel>
    <channel update="i" site="telerama.fr" site_id="canal-sport,35" xmltv_id="Canal+ Sport">Canal+ Sport</channel>
    <channel update="i" site="telerama.fr" site_id="cine-fx,288" xmltv_id="Ciné FX">Ciné FX</channel>
    <channel update="i" site="telerama.fr" site_id="polar,289" xmltv_id="Polar">Polar</channel>
    <channel update="i" site="telerama.fr" site_id="cine-classic,287" xmltv_id="Ciné+ Classic">Ciné+ Classic</channel>
    <channel update="i" site="telerama.fr" site_id="cine-classic-belgique,437" xmltv_id="Ciné+ Classic Belgique">Ciné+ Classic Belgique</channel>
    <channel update="i" site="telerama.fr" site_id="cine-club,285" xmltv_id="Ciné+ Club">Ciné+ Club</channel>
    <channel update="i" site="telerama.fr" site_id="cine-emotion,283" xmltv_id="Ciné+ Emotion">Ciné+ Emotion</channel>
    <channel update="i" site="telerama.fr" site_id="cine-famiz,401" xmltv_id="Ciné+ Famiz">Ciné+ Famiz</channel>
    <channel update="i" site="telerama.fr" site_id="cine-frisson,284" xmltv_id="Ciné+ Frisson">Ciné+ Frisson</channel>
    <channel update="i" site="telerama.fr" site_id="cine-premier,282" xmltv_id="Ciné+ Premier">Ciné+ Premier</channel>
    <channel update="i" site="telerama.fr" site_id="cine-premier-belgique,294" xmltv_id="Ciné+ Premier Belgique">Ciné+ Premier Belgique</channel>
    <channel update="i" site="telerama.fr" site_id="ocs-choc,732" xmltv_id="OCS Choc">OCS Choc</channel>
    <channel update="i" site="telerama.fr" site_id="ocs-city,733" xmltv_id="OCS City">OCS City</channel>
    <channel update="i" site="telerama.fr" site_id="ocs-geants,734" xmltv_id="OCS Géants">OCS Géants</channel>
    <channel update="i" site="telerama.fr" site_id="ocs-max,730" xmltv_id="OCS Max">OCS Max</channel>
    <channel update="i" site="telerama.fr" site_id="paramount-channel,1562" xmltv_id="Paramount Channel">Paramount Channel</channel>
    <channel update="i" site="telerama.fr" site_id="tcm-cinema,185" xmltv_id="TCM Cinéma">TCM Cinéma</channel>
    <channel update="i" site="telerama.fr" site_id="13e-rue,2" xmltv_id="13e Rue">13e Rue</channel>
    <channel update="i" site="telerama.fr" site_id="ab-1,5" xmltv_id="AB 1">AB 1</channel>
    <channel update="i" site="telerama.fr" site_id="ab-3,254" xmltv_id="AB 3">AB 3</channel>
    <channel update="i" site="telerama.fr" site_id="ab-4,303" xmltv_id="AB 4">AB 4</channel>
    <channel update="i" site="telerama.fr" site_id="canal-series,1563" xmltv_id="Canal+ Séries">Canal+ Séries</channel>
    <channel update="i" site="telerama.fr" site_id="comedie,54" xmltv_id="Comédie+">Comédie+</channel>
    <channel update="i" site="telerama.fr" site_id="e,405" xmltv_id="E !">E !</channel>
    <channel update="i" site="telerama.fr" site_id="paris-premiere,145" xmltv_id="Paris Première">Paris Première</channel>
    <channel update="i" site="telerama.fr" site_id="rtl-9,115" xmltv_id="RTL 9">RTL 9</channel>
    <channel update="i" site="telerama.fr" site_id="serieclub,49" xmltv_id="serieclub">serieclub</channel>
    <channel update="i" site="telerama.fr" site_id="teva,191" xmltv_id="Téva">Téva</channel>
    <channel update="i" site="telerama.fr" site_id="tvbreizh,225" xmltv_id="TvBreizh">TvBreizh</channel>
    <channel update="i" site="telerama.fr" site_id="animaux,12" xmltv_id="Animaux">Animaux</channel>
    <channel update="i" site="telerama.fr" site_id="chasse-et-peche,38" xmltv_id="Chasse et pêche">Chasse et pêche</channel>
    <channel update="i" site="telerama.fr" site_id="discovery-channel,400" xmltv_id="Discovery Channel">Discovery Channel</channel>
    <channel update="i" site="telerama.fr" site_id="discovery-science,1374" xmltv_id="Discovery Science">Discovery Science</channel>
    <channel update="i" site="telerama.fr" site_id="equidia-life,1146" xmltv_id="Equidia Life">Equidia Life</channel>
    <channel update="i" site="telerama.fr" site_id="equidia-live,64" xmltv_id="Equidia Live">Equidia Live</channel>
    <channel update="i" site="telerama.fr" site_id="histoire,88" xmltv_id="Histoire">Histoire</channel>
    <channel update="i" site="telerama.fr" site_id="national-geographic,243" xmltv_id="National Geographic">National Geographic</channel>
    <channel update="i" site="telerama.fr" site_id="planete,147" xmltv_id="Planète+">Planète+</channel>
    <channel update="i" site="telerama.fr" site_id="planete-action-experience,402" xmltv_id="Planète+ Action Expérience">Planète+ Action Expérience</channel>
    <channel update="i" site="telerama.fr" site_id="science-vie-tv,63" xmltv_id="Science &amp; Vie TV">Science &amp; Vie TV</channel>
    <channel update="i" site="telerama.fr" site_id="seasons,173" xmltv_id="Seasons">Seasons</channel>
    <channel update="i" site="telerama.fr" site_id="toute-lhistoire,7" xmltv_id="Toute l'histoire">Toute l'histoire</channel>
    <channel update="i" site="telerama.fr" site_id="ushuaia-tv,451" xmltv_id="Ushuaïa TV">Ushuaïa TV</channel>
    <channel update="i" site="telerama.fr" site_id="voyage,212" xmltv_id="Voyage">Voyage</channel>
    <channel update="i" site="telerama.fr" site_id="bein-sports-1,1290" xmltv_id="beIN SPORTS 1">beIN SPORTS 1</channel>
    <channel update="i" site="telerama.fr" site_id="bein-sports-2,1304" xmltv_id="beIN SPORTS 2">beIN SPORTS 2</channel>
    <channel update="i" site="telerama.fr" site_id="bein-sports-3,1335" xmltv_id="beIN SPORTS 3">beIN SPORTS 3</channel>
    <channel update="i" site="telerama.fr" site_id="bein-sports-max-4,1336" xmltv_id="beIN SPORTS MAX 4">beIN SPORTS MAX 4</channel>
    <channel update="i" site="telerama.fr" site_id="bein-sports-max-5,1337" xmltv_id="beIN SPORTS MAX 5">beIN SPORTS MAX 5</channel>
    <channel update="i" site="telerama.fr" site_id="bein-sports-max-6,1338" xmltv_id="beIN SPORTS MAX 6">beIN SPORTS MAX 6</channel>
    <channel update="i" site="telerama.fr" site_id="bein-sports-max-7,1339" xmltv_id="beIN SPORTS MAX 7">beIN SPORTS MAX 7</channel>
    <channel update="i" site="telerama.fr" site_id="bein-sports-max-8,1340" xmltv_id="beIN SPORTS MAX 8">beIN SPORTS MAX 8</channel>
    <channel update="i" site="telerama.fr" site_id="bein-sports-max-9,1341" xmltv_id="beIN SPORTS MAX 9">beIN SPORTS MAX 9</channel>
    <channel update="i" site="telerama.fr" site_id="bein-sports-max-10,1342" xmltv_id="beIN SPORTS MAX 10">beIN SPORTS MAX 10</channel>
    <channel update="i" site="telerama.fr" site_id="eurosport-1,76" xmltv_id="Eurosport 1">Eurosport 1</channel>
    <channel update="i" site="telerama.fr" site_id="eurosport-2,439" xmltv_id="Eurosport 2">Eurosport 2</channel>
    <channel update="i" site="telerama.fr" site_id="extreme-sports-channel,253" xmltv_id="Extreme Sports Channel">Extreme Sports Channel</channel>
    <channel update="i" site="telerama.fr" site_id="infosport,94" xmltv_id="Infosport+">Infosport+</channel>
    <channel update="i" site="telerama.fr" site_id="motorsport-tv,237" xmltv_id="Motorsport TV">Motorsport TV</channel>
    <channel update="i" site="telerama.fr" site_id="oltv,463" xmltv_id="OLTV">OLTV</channel>
    <channel update="i" site="telerama.fr" site_id="omtv,334" xmltv_id="OMTV">OMTV</channel>
    <channel update="i" site="telerama.fr" site_id="onzeo,517" xmltv_id="Onzéo">Onzéo</channel>
    <channel update="i" site="telerama.fr" site_id="sfr-sport-1,2095" xmltv_id="SFR Sport 1">SFR Sport 1</channel>
    <channel update="i" site="telerama.fr" site_id="sfr-sport-2,675" xmltv_id="SFR Sport 2">SFR Sport 2</channel>
    <channel update="i" site="telerama.fr" site_id="sfr-sport-3,1153" xmltv_id="SFR Sport 3">SFR Sport 3</channel>
    <channel update="i" site="telerama.fr" site_id="sfr-sport-4k,2029" xmltv_id="SFR Sport 4K">SFR Sport 4K</channel>
    <channel update="i" site="telerama.fr" site_id="sfr-sport-5,1382" xmltv_id="SFR Sport 5">SFR Sport 5</channel>
    <channel update="i" site="telerama.fr" site_id="baby-tv,483" xmltv_id="Baby TV">Baby TV</channel>
    <channel update="i" site="telerama.fr" site_id="boomerang,321" xmltv_id="Boomerang">Boomerang</channel>
    <channel update="i" site="telerama.fr" site_id="canal-j,32" xmltv_id="Canal J">Canal J</channel>
    <channel update="i" site="telerama.fr" site_id="disney-channel,58" xmltv_id="Disney Channel">Disney Channel</channel>
    <channel update="i" site="telerama.fr" site_id="disney-channel-1,299" xmltv_id="Disney Channel +1">Disney Channel +1</channel>
    <channel update="i" site="telerama.fr" site_id="disney-cinema,652" xmltv_id="Disney Cinema">Disney Cinema</channel>
    <channel update="i" site="telerama.fr" site_id="disney-junior,300" xmltv_id="Disney Junior">Disney Junior</channel>
    <channel update="i" site="telerama.fr" site_id="disney-xd,79" xmltv_id="Disney XD">Disney XD</channel>
    <channel update="i" site="telerama.fr" site_id="game-one,87" xmltv_id="Game One">Game One</channel>
    <channel update="i" site="telerama.fr" site_id="ellegirl,403" xmltv_id="ElleGirl">ElleGirl</channel>
    <channel update="i" site="telerama.fr" site_id="mangas,6" xmltv_id="Mangas">Mangas</channel>
    <channel update="i" site="telerama.fr" site_id="nickelodeon,473" xmltv_id="Nickelodéon">Nickelodéon</channel>
    <channel update="i" site="telerama.fr" site_id="piwi,344" xmltv_id="Piwi+">Piwi+</channel>
    <channel update="i" site="telerama.fr" site_id="teletoon,197" xmltv_id="TéléToon+">TéléToon+</channel>
    <channel update="i" site="telerama.fr" site_id="teletoon1,293" xmltv_id="TéléToon+1">TéléToon+1</channel>
    <channel update="i" site="telerama.fr" site_id="tiji,229" xmltv_id="TIJI">TIJI</channel>
    <channel update="i" site="telerama.fr" site_id="m6-music,453" xmltv_id="M6 Music">M6 Music</channel>
    <channel update="i" site="telerama.fr" site_id="mcm,121" xmltv_id="MCM">MCM</channel>
    <channel update="i" site="telerama.fr" site_id="rfm-tv,241" xmltv_id="RFM TV">RFM TV</channel>
    <channel update="i" site="telerama.fr" site_id="mcm-top,343" xmltv_id="MCM Top">MCM Top</channel>
    <channel update="i" site="telerama.fr" site_id="melody,265" xmltv_id="Melody">Melody</channel>
    <channel update="i" site="telerama.fr" site_id="mezzo,125" xmltv_id="Mezzo">Mezzo</channel>
    <channel update="i" site="telerama.fr" site_id="mezzo-live-hd,907" xmltv_id="Mezzo Live HD">Mezzo Live HD</channel>
    <channel update="i" site="telerama.fr" site_id="mtv,128" xmltv_id="MTV">MTV</channel>
    <channel update="i" site="telerama.fr" site_id="mtv-rocks,264" xmltv_id="MTV Rocks">MTV Rocks</channel>
    <channel update="i" site="telerama.fr" site_id="mtv-base,263" xmltv_id="MTV Base">MTV Base</channel>
    <channel update="i" site="telerama.fr" site_id="mtv-hits,262" xmltv_id="MTV Hits">MTV Hits</channel>
    <channel update="i" site="telerama.fr" site_id="nrj-hits,605" xmltv_id="NRJ Hits">NRJ Hits</channel>
    <channel update="i" site="telerama.fr" site_id="trace-urban,325" xmltv_id="Trace Urban">Trace Urban</channel>
    <channel update="i" site="telerama.fr" site_id="classica-english,1353" xmltv_id="Classica English">Classica English</channel>
    <channel update="i" site="telerama.fr" site_id="vh1-classic,690" xmltv_id="VH1 Classic">VH1 Classic</channel>
    <channel update="i" site="telerama.fr" site_id="vh1,210" xmltv_id="VH1">VH1</channel>
    <channel update="i" site="telerama.fr" site_id="bfm-business,1073" xmltv_id="BFM Business">BFM Business</channel>
    <channel update="i" site="telerama.fr" site_id="euronews,140" xmltv_id="Euronews">Euronews</channel>
    <channel update="i" site="telerama.fr" site_id="france-24,529" xmltv_id="France 24">France 24</channel>
    <channel update="i" site="telerama.fr" site_id="tv5monde,205" xmltv_id="TV5MONDE">TV5MONDE</channel>
    <channel update="i" site="telerama.fr" site_id="al-jazeera-english,525" xmltv_id="Al Jazeera English">Al Jazeera English</channel>
    <channel update="i" site="telerama.fr" site_id="bbc-world-news,19" xmltv_id="BBC World News">BBC World News</channel>
    <channel update="i" site="telerama.fr" site_id="bloomberg-uk-europe,410" xmltv_id="Bloomberg UK-Europe">Bloomberg UK-Europe</channel>
    <channel update="i" site="telerama.fr" site_id="cnn,53" xmltv_id="CNN">CNN</channel>
    <channel update="i" site="telerama.fr" site_id="dw-%28english%29,61" xmltv_id="DW (English)">DW (English)</channel>
    <channel update="i" site="telerama.fr" site_id="i24news,781" xmltv_id="I24news">I24news</channel>
    <channel update="i" site="telerama.fr" site_id="canal-32,534" xmltv_id="Canal 32">Canal 32</channel>
    <channel update="i" site="telerama.fr" site_id="france-3-corse-via-stella,308" xmltv_id="France 3 Corse Via Stella">France 3 Corse Via Stella</channel>
    <channel update="i" site="telerama.fr" site_id="tvsud-marseille,492" xmltv_id="TVSUD Marseille">TVSUD Marseille</channel>
    <channel update="i" site="telerama.fr" site_id="lm-tv-sarthe,535" xmltv_id="LM TV Sarthe">LM TV Sarthe</channel>
    <channel update="i" site="telerama.fr" site_id="telenantes,491" xmltv_id="Télénantes">Télénantes</channel>
    <channel update="i" site="telerama.fr" site_id="tlm-%28tele-lyon-metropole%29,116" xmltv_id="TLM (Télé Lyon Métropole)">TLM (Télé Lyon Métropole)</channel>
    <channel update="i" site="telerama.fr" site_id="tvr-rennes-35-bretagne,539" xmltv_id="TVR Rennes 35 Bretagne">TVR Rennes 35 Bretagne</channel>
    <channel update="i" site="telerama.fr" site_id="tv-tours,540" xmltv_id="TV Tours">TV Tours</channel>
    <channel update="i" site="telerama.fr" site_id="demain-tv,57" xmltv_id="Demain TV">Demain TV</channel>
    <channel update="i" site="telerama.fr" site_id="m6-boutique,184" xmltv_id="M6 Boutique">M6 Boutique</channel>
    <channel update="i" site="telerama.fr" site_id="nautical-channel,415" xmltv_id="Nautical Channel">Nautical Channel</channel>
    <channel update="i" site="telerama.fr" site_id="dorcel-tv,560" xmltv_id="Dorcel TV">Dorcel TV</channel>
    <channel update="i" site="telerama.fr" site_id="hustler-tv,416" xmltv_id="Hustler TV">Hustler TV</channel>
    <channel update="i" site="telerama.fr" site_id="xxl,218" xmltv_id="XXL">XXL</channel>
    <channel update="i" site="telerama.fr" site_id="ard,13" xmltv_id="ARD">ARD</channel>
    <channel update="i" site="telerama.fr" site_id="rtl-tvi,168" xmltv_id="RTL TVI">RTL TVI</channel>
    <channel update="i" site="telerama.fr" site_id="sat-1,172" xmltv_id="Sat 1">Sat 1</channel>
    <channel update="i" site="telerama.fr" site_id="wdr,217" xmltv_id="WDR">WDR</channel>
    <channel update="i" site="telerama.fr" site_id="zdf,219" xmltv_id="ZDF">ZDF</channel>
    <channel update="i" site="telerama.fr" site_id="bbc-1,16" xmltv_id="BBC 1">BBC 1</channel>
    <channel update="i" site="telerama.fr" site_id="bbc-2,17" xmltv_id="BBC 2">BBC 2</channel>
    <channel update="i" site="telerama.fr" site_id="bbc-entertainment,18" xmltv_id="BBC Entertainment">BBC Entertainment</channel>
    <channel update="i" site="telerama.fr" site_id="2m-monde,340" xmltv_id="2M Monde">2M Monde</channel>
    <channel update="i" site="telerama.fr" site_id="q2,108" xmltv_id="Q2">Q2</channel>
    <channel update="i" site="telerama.fr" site_id="be-1,29" xmltv_id="BE 1">BE 1</channel>
    <channel update="i" site="telerama.fr" site_id="be-cine,417" xmltv_id="Be Ciné">Be Ciné</channel>
    <channel update="i" site="telerama.fr" site_id="be-series,418" xmltv_id="Be Séries">Be Séries</channel>
    <channel update="i" site="telerama.fr" site_id="voosport-world-1,413" xmltv_id="VOOsport World 1">VOOsport World 1</channel>
    <channel update="i" site="telerama.fr" site_id="voosport-world-2,414" xmltv_id="VOOsport World 2">VOOsport World 2</channel>
    <channel update="i" site="telerama.fr" site_id="canvas,24" xmltv_id="Canvas">Canvas</channel>
    <channel update="i" site="telerama.fr" site_id="club-rtl,50" xmltv_id="Club RTL">Club RTL</channel>
    <channel update="i" site="telerama.fr" site_id="een,23" xmltv_id="één">één</channel>
    <channel update="i" site="telerama.fr" site_id="la-deux,187" xmltv_id="La Deux">La Deux</channel>
    <channel update="i" site="telerama.fr" site_id="la-trois,892" xmltv_id="La Trois">La Trois</channel>
    <channel update="i" site="telerama.fr" site_id="la-une,164" xmltv_id="La Une">La Une</channel>
    <channel update="i" site="telerama.fr" site_id="plug-rtl,377" xmltv_id="Plug RTL">Plug RTL</channel>
    <channel update="i" site="telerama.fr" site_id="vijf,691" xmltv_id="Vijf">Vijf</channel>
    <channel update="i" site="telerama.fr" site_id="vier,214" xmltv_id="Vier">Vier</channel>
    <channel update="i" site="telerama.fr" site_id="vtm,215" xmltv_id="VTM">VTM</channel>
    <channel update="i" site="telerama.fr" site_id="real-madrid-tv,478" xmltv_id="Real Madrid TV">Real Madrid TV</channel>
    <channel update="i" site="telerama.fr" site_id="tve,208" xmltv_id="TVE">TVE</channel>
    <channel update="i" site="telerama.fr" site_id="tve-1,206" xmltv_id="TVE 1">TVE 1</channel>
    <channel update="i" site="telerama.fr" site_id="rai-due,154" xmltv_id="Rai Due">Rai Due</channel>
    <channel update="i" site="telerama.fr" site_id="rai-tre,155" xmltv_id="Rai Tre">Rai Tre</channel>
    <channel update="i" site="telerama.fr" site_id="rai-uno,156" xmltv_id="Rai Uno">Rai Uno</channel>
    <channel update="i" site="telerama.fr" site_id="rtpi,169" xmltv_id="RTPI">RTPI</channel>
    <channel update="i" site="telerama.fr" site_id="rts-un,202" xmltv_id="RTS Un">RTS Un</channel>
    <channel update="i" site="telerama.fr" site_id="rts-deux,183" xmltv_id="RTS Deux">RTS Deux</channel>
    <channel update="i" site="telerama.fr" site_id="srf-1,59" xmltv_id="SRF 1">SRF 1</channel>
    <channel update="i" site="telerama.fr" site_id="srf-2,174" xmltv_id="SRF 2">SRF 2</channel>
    <channel update="i" site="telerama.fr" site_id="stingray-brava,835" xmltv_id="Stingray Brava">Stingray Brava</channel>
    <channel update="i" site="telerama.fr" site_id="canal-family,657" xmltv_id="Canal+ Family">Canal+ Family</channel>
    <channel update="i" site="telerama.fr" site_id="a-international-france,2049" xmltv_id="A+ International France">A+ International France</channel>
    <channel update="i" site="telerama.fr" site_id="arte-belgique,516" xmltv_id="Arte Belgique">Arte Belgique</channel>
    <channel update="i" site="telerama.fr" site_id="boing,924" xmltv_id="Boing">Boing</channel>
    <channel update="i" site="telerama.fr" site_id="canal-polynesie,461" xmltv_id="Canal+ Polynésie">Canal+ Polynésie</channel>
    <channel update="i" site="telerama.fr" site_id="kztv,929" xmltv_id="KZTV">KZTV</channel>
    <channel update="i" site="telerama.fr" site_id="mce-%28ma-chaine-etudiante%29,987" xmltv_id="MCE (Ma Chaîne Etudiante)">MCE (Ma Chaîne Etudiante)</channel>
    <channel update="i" site="telerama.fr" site_id="mcs-bien-etre,1136" xmltv_id="MCS Bien-être">MCS Bien-être</channel>
    <channel update="i" site="telerama.fr" site_id="nickelodeon-junior,888" xmltv_id="Nickelodeon Junior">Nickelodeon Junior</channel>
    <channel update="i" site="telerama.fr" site_id="proximus-11,1075" xmltv_id="Proximus 11">Proximus 11</channel>
    <channel update="i" site="telerama.fr" site_id="stingray-djazz,1357" xmltv_id="Stingray Djazz">Stingray Djazz</channel>
    <channel update="i" site="telerama.fr" site_id="toonami,2040" xmltv_id="Toonami">Toonami</channel>
  </channels>
</site>