﻿<?xml version="1.0" encoding="UTF-8"?>
<site generator-info-name="WebGrab+Plus/w MDB &amp; REX Postprocess -- version V1.56.24 -- Jan van Straaten" site="tv.orange.fr">
  <channels>
    <channel update="i" site="tv.orange.fr" site_id="tf1_CNT0000008o0uz.html" xmltv_id="TF1">TF1</channel>
    <channel update="i" site="tv.orange.fr" site_id="paris-premiere_CNT0000008o0qE.html" xmltv_id="PARIS PREMIERE">PARIS PREMIERE</channel>
    <channel update="i" site="tv.orange.fr" site_id="canal_CNT0000008o0Cg.html" xmltv_id="CANAL+">CANAL+</channel>
    <channel update="i" site="tv.orange.fr" site_id="bfm-tv_CNT0000008o0y3.html" xmltv_id="BFM TV">BFM TV</channel>
    <channel update="i" site="tv.orange.fr" site_id="teva_CNT0000008o0hv.html" xmltv_id="TEVA">TEVA</channel>
    <channel update="i" site="tv.orange.fr" site_id="france-2_CNT0000008o0k7.html" xmltv_id="FRANCE 2">FRANCE 2</channel>
    <channel update="i" site="tv.orange.fr" site_id="m6_CNT0000008o0rF.html" xmltv_id="M6">M6</channel>
    <channel update="i" site="tv.orange.fr" site_id="rtl9_CNT0000008o0xt.html" xmltv_id="RTL9">RTL9</channel>
    <channel update="i" site="tv.orange.fr" site_id="ab1_CNT0000008o0Bf.html" xmltv_id="AB1">AB1</channel>
    <channel update="i" site="tv.orange.fr" site_id="france-3_CNT0000008o0q4.html" xmltv_id="FRANCE 3">FRANCE 3</channel>
    <channel update="i" site="tv.orange.fr" site_id="arte_CNT0000008o0wB.html" xmltv_id="ARTE">ARTE</channel>
    <channel update="i" site="tv.orange.fr" site_id="tv5monde_CNT0000008o0JX.html" xmltv_id="TV5MONDE">TV5MONDE</channel>
    <channel update="i" site="tv.orange.fr" site_id="itele_CNT0000008o0AO.html" xmltv_id="iTELE">iTELE</channel>
    <channel update="i" site="tv.orange.fr" site_id="d8_CNT0000008o0Gb.html" xmltv_id="D8">D8</channel>
    <channel update="i" site="tv.orange.fr" site_id="france-5_CNT0000008o0zE.html" xmltv_id="FRANCE 5">FRANCE 5</channel>
    <channel update="i" site="tv.orange.fr" site_id="tv-breizh_CNT0000008o0EA.html" xmltv_id="TV BREIZH">TV BREIZH</channel>
    <channel update="i" site="tv.orange.fr" site_id="w9_CNT0000008o0fb.html" xmltv_id="W9">W9</channel>
    <channel update="i" site="tv.orange.fr" site_id="france-4_CNT0000008o0Kf.html" xmltv_id="FRANCE 4">FRANCE 4</channel>
    <channel update="i" site="tv.orange.fr" site_id="tmc_CNT0000008o0Dq.html" xmltv_id="TMC">TMC</channel>
    <channel update="i" site="tv.orange.fr" site_id="france-o_CNT0000008o0m0.html" xmltv_id="FRANCE O">FRANCE O</channel>
    <channel update="i" site="tv.orange.fr" site_id="nt1_CNT0000008o0kg.html" xmltv_id="NT1">NT1</channel>
    <channel update="i" site="tv.orange.fr" site_id="nrj12_CNT0000008o0rn.html" xmltv_id="NRJ12">NRJ12</channel>
    <channel update="i" site="tv.orange.fr" site_id="gulli_CNT0000008o0uh.html" xmltv_id="GULLI">GULLI</channel>
    <channel update="i" site="tv.orange.fr" site_id="lcp-ps_CNT0000008o0pD.html" xmltv_id="LCP/PS">LCP/PS</channel>
    <channel update="i" site="tv.orange.fr" site_id="d17_CNT0000008o0A5.html" xmltv_id="D17">D17</channel>
    <channel update="i" site="tv.orange.fr" site_id="hd1_CNT0000008o0gu.html" xmltv_id="HD1">HD1</channel>
    <channel update="i" site="tv.orange.fr" site_id="l-equipe-21_CNT0000008o0yM.html" xmltv_id="L EQUIPE 21">L EQUIPE 21</channel>
    <channel update="i" site="tv.orange.fr" site_id="6ter_CNT0000008o0mr.html" xmltv_id="6TER">6TER</channel>
    <channel update="i" site="tv.orange.fr" site_id="numero-23_CNT0000008o0IE.html" xmltv_id="NUMERO 23">NUMERO 23</channel>
    <channel update="i" site="tv.orange.fr" site_id="rmc-decouverte_CNT0000008o0E9.html" xmltv_id="RMC DECOUVERTE">RMC DECOUVERTE</channel>
    <channel update="i" site="tv.orange.fr" site_id="cherie-25_CNT0000008o0xU.html" xmltv_id="CHERIE 25">CHERIE 25</channel>
    <channel update="i" site="tv.orange.fr" site_id="ocs-max_CNT0000008o0iw.html" xmltv_id="OCS MAX">OCS MAX</channel>
    <channel update="i" site="tv.orange.fr" site_id="ocs-choc_CNT0000008o0gD.html" xmltv_id="OCS CHOC">OCS CHOC</channel>
    <channel update="i" site="tv.orange.fr" site_id="c-cinema_CNT0000008o0fU.html" xmltv_id="C+ CINEMA">C+ CINEMA</channel>
    <channel update="i" site="tv.orange.fr" site_id="ocs-city-generation-hbo_CNT0000008o0uq.html" xmltv_id="OCS CITY, génération HBO">OCS CITY, génération HBO</channel>
    <channel update="i" site="tv.orange.fr" site_id="c-sport_CNT0000008o0eT.html" xmltv_id="C+ SPORT">C+ SPORT</channel>
    <channel update="i" site="tv.orange.fr" site_id="c-series_CNT0000008o0vi.html" xmltv_id="C+ SERIES">C+ SERIES</channel>
    <channel update="i" site="tv.orange.fr" site_id="ocs-geants_CNT0000008o0Cy.html" xmltv_id="OCS GEANTS">OCS GEANTS</channel>
    <channel update="i" site="tv.orange.fr" site_id="tcm-cinema_CNT0000008o0sf.html" xmltv_id="TCM CINEMA">TCM CINEMA</channel>
    <channel update="i" site="tv.orange.fr" site_id="c-family_CNT0000008o0m9.html" xmltv_id="C+ FAMILY">C+ FAMILY</channel>
    <channel update="i" site="tv.orange.fr" site_id="paramount-channel_CNT0000008o0JO.html" xmltv_id="PARAMOUNT CHANNEL">PARAMOUNT CHANNEL</channel>
    <channel update="i" site="tv.orange.fr" site_id="c-decale_CNT0000008o0Hl.html" xmltv_id="C+ DECALE">C+ DECALE</channel>
    <channel update="i" site="tv.orange.fr" site_id="action_CNT0000008o0pV.html" xmltv_id="ACTION">ACTION</channel>
    <channel update="i" site="tv.orange.fr" site_id="cine-premier_CNT0000008o0h4.html" xmltv_id="CINE+ PREMIER">CINE+ PREMIER</channel>
    <channel update="i" site="tv.orange.fr" site_id="cine-frisson_CNT0000008o0nK.html" xmltv_id="CINE+ FRISSON">CINE+ FRISSON</channel>
    <channel update="i" site="tv.orange.fr" site_id="cine-emotion_CNT0000008o0so.html" xmltv_id="CINE+ EMOTION">CINE+ EMOTION</channel>
    <channel update="i" site="tv.orange.fr" site_id="cine-famiz_CNT0000008o0J5.html" xmltv_id="CINE+ FAMIZ">CINE+ FAMIZ</channel>
    <channel update="i" site="tv.orange.fr" site_id="cine-club_CNT0000008o0E0.html" xmltv_id="CINE+ CLUB">CINE+ CLUB</channel>
    <channel update="i" site="tv.orange.fr" site_id="cine-classic_CNT0000008o0jY.html" xmltv_id="CINE+ CLASSIC">CINE+ CLASSIC</channel>
    <channel update="i" site="tv.orange.fr" site_id="lci_CNT0000008o0qW.html" xmltv_id="LCI">LCI</channel>
    <channel update="i" site="tv.orange.fr" site_id="france-24-francais_CNT0000008o0Je.html" xmltv_id="FRANCE 24 FRANCAIS">FRANCE 24 FRANCAIS</channel>
    <channel update="i" site="tv.orange.fr" site_id="al-jazeera-anglais_CNT0000008o0FB.html" xmltv_id="AL JAZEERA  ANGLAIS">AL JAZEERA  ANGLAIS</channel>
    <channel update="i" site="tv.orange.fr" site_id="france-24-anglais_CNT0000008o0B6.html" xmltv_id="FRANCE 24 ANGLAIS">FRANCE 24 ANGLAIS</channel>
    <channel update="i" site="tv.orange.fr" site_id="euronews_CNT0000008o0kH.html" xmltv_id="EURONEWS">EURONEWS</channel>
    <channel update="i" site="tv.orange.fr" site_id="bbc-world-news_CNT0000008o0HD.html" xmltv_id="BBC WORLD NEWS">BBC WORLD NEWS</channel>
    <channel update="i" site="tv.orange.fr" site_id="cnn_CNT0000008o0dS.html" xmltv_id="CNN">CNN</channel>
    <channel update="i" site="tv.orange.fr" site_id="cnbc_CNT0000008o0gl.html" xmltv_id="CNBC">CNBC</channel>
    <channel update="i" site="tv.orange.fr" site_id="i24news_CNT0000008o0ot.html" xmltv_id="I24NEWS">I24NEWS</channel>
    <channel update="i" site="tv.orange.fr" site_id="ab-moteurs_CNT0000008o0DI.html" xmltv_id="AB MOTEURS">AB MOTEURS</channel>
    <channel update="i" site="tv.orange.fr" site_id="bein-sports-1_CNT0000008o0z4.html" xmltv_id="BEIN SPORTS 1">BEIN SPORTS 1</channel>
    <channel update="i" site="tv.orange.fr" site_id="bein-sports-2_CNT0000008o0pu.html" xmltv_id="BEIN SPORTS 2">BEIN SPORTS 2</channel>
    <channel update="i" site="tv.orange.fr" site_id="sport365_CNT0000008o0ES.html" xmltv_id="SPORT365">SPORT365</channel>
    <channel update="i" site="tv.orange.fr" site_id="motors-tv_CNT000000hQC5s.html" xmltv_id="MOTORS TV">MOTORS TV</channel>
    <channel update="i" site="tv.orange.fr" site_id="equidia-live_CNT0000008o0Fa.html" xmltv_id="EQUIDIA LIVE">EQUIDIA LIVE</channel>
    <channel update="i" site="tv.orange.fr" site_id="equidia-life_CNT0000008o0f2.html" xmltv_id="EQUIDIA LIFE">EQUIDIA LIFE</channel>
    <channel update="i" site="tv.orange.fr" site_id="trace-sport-stars_CNT0000008o0re.html" xmltv_id="TRACE SPORT STARS">TRACE SPORT STARS</channel>
    <channel update="i" site="tv.orange.fr" site_id="nautical-channel_CNT0000008o0nB.html" xmltv_id="NAUTICAL CHANNEL">NAUTICAL CHANNEL</channel>
    <channel update="i" site="tv.orange.fr" site_id="ginx_CNT0000008o0gc.html" xmltv_id="GINX">GINX</channel>
    <channel update="i" site="tv.orange.fr" site_id="mezzo_CNT0000008o0ns.html" xmltv_id="MEZZO">MEZZO</channel>
    <channel update="i" site="tv.orange.fr" site_id="mezzo-live-hd_CNT0000008o0vJ.html" xmltv_id="MEZZO LIVE HD">MEZZO LIVE HD</channel>
    <channel update="i" site="tv.orange.fr" site_id="mcm_CNT0000008o0qv.html" xmltv_id="MCM">MCM</channel>
    <channel update="i" site="tv.orange.fr" site_id="mcm-top_CNT0000008o0Bo.html" xmltv_id="MCM TOP">MCM TOP</channel>
    <channel update="i" site="tv.orange.fr" site_id="rfm-tv_CNT0000008o0IW.html" xmltv_id="RFM TV">RFM TV</channel>
    <channel update="i" site="tv.orange.fr" site_id="m6music_CNT0000008o0ob.html" xmltv_id="M6MUSIC">M6MUSIC</channel>
    <channel update="i" site="tv.orange.fr" site_id="nrj-hits_CNT0000008o0tH.html" xmltv_id="NRJ HITS">NRJ HITS</channel>
    <channel update="i" site="tv.orange.fr" site_id="trace-urban_CNT0000008o0vr.html" xmltv_id="TRACE URBAN">TRACE URBAN</channel>
    <channel update="i" site="tv.orange.fr" site_id="trace-tropical_CNT0000008o0wT.html" xmltv_id="TRACE TROPICAL">TRACE TROPICAL</channel>
    <channel update="i" site="tv.orange.fr" site_id="ushuaia-tv_CNT0000008o0na.html" xmltv_id="USHUAIA TV">USHUAIA TV</channel>
    <channel update="i" site="tv.orange.fr" site_id="voyage_CNT0000008o0vS.html" xmltv_id="VOYAGE">VOYAGE</channel>
    <channel update="i" site="tv.orange.fr" site_id="science-vie-tv_CNT0000008o0x2.html" xmltv_id="SCIENCE &amp; VIE TV">SCIENCE &amp; VIE TV</channel>
    <channel update="i" site="tv.orange.fr" site_id="animaux_CNT0000008o0yV.html" xmltv_id="ANIMAUX">ANIMAUX</channel>
    <channel update="i" site="tv.orange.fr" site_id="histoire_CNT0000008o0DR.html" xmltv_id="HISTOIRE">HISTOIRE</channel>
    <channel update="i" site="tv.orange.fr" site_id="toute-l-histoire_CNT0000008o0wj.html" xmltv_id="TOUTE L HISTOIRE">TOUTE L HISTOIRE</channel>
    <channel update="i" site="tv.orange.fr" site_id="chasse-peche_CNT0000008o0qN.html" xmltv_id="CHASSE PECHE">CHASSE PECHE</channel>
    <channel update="i" site="tv.orange.fr" site_id="vivolta_CNT0000008o0yD.html" xmltv_id="VIVOLTA">VIVOLTA</channel>
    <channel update="i" site="tv.orange.fr" site_id="nat-geo-wild_CNT0000008o0GU.html" xmltv_id="NAT GEO WILD">NAT GEO WILD</channel>
    <channel update="i" site="tv.orange.fr" site_id="kto_CNT0000008o0HM.html" xmltv_id="KTO">KTO</channel>
    <channel update="i" site="tv.orange.fr" site_id="demain_CNT0000008o0v9.html" xmltv_id="DEMAIN">DEMAIN</channel>
    <channel update="i" site="tv.orange.fr" site_id="e_CNT0000008o0sP.html" xmltv_id="E!">E!</channel>
    <channel update="i" site="tv.orange.fr" site_id="game-one_CNT0000008o0kZ.html" xmltv_id="GAME ONE">GAME ONE</channel>
    <channel update="i" site="tv.orange.fr" site_id="nolife_CNT0000008o0C7.html" xmltv_id="NOLIFE">NOLIFE</channel>
    <channel update="i" site="tv.orange.fr" site_id="m6-boutique_CNT0000008o0uR.html" xmltv_id="M6 BOUTIQUE">M6 BOUTIQUE</channel>
    <channel update="i" site="tv.orange.fr" site_id="lucky-jack_CNT0000008o0Aw.html" xmltv_id="LUCKY JACK">LUCKY JACK</channel>
    <channel update="i" site="tv.orange.fr" site_id="baby-tv_CNT0000008o0HV.html" xmltv_id="BABY TV">BABY TV</channel>
    <channel update="i" site="tv.orange.fr" site_id="boomerang_CNT0000008o0yc.html" xmltv_id="BOOMERANG">BOOMERANG</channel>
    <channel update="i" site="tv.orange.fr" site_id="boing_CNT0000008o0vA.html" xmltv_id="BOING">BOING</channel>
    <channel update="i" site="tv.orange.fr" site_id="disney-channel_CNT0000008o0FT.html" xmltv_id="DISNEY CHANNEL">DISNEY CHANNEL</channel>
    <channel update="i" site="tv.orange.fr" site_id="disney-channel-1_CNT0000008o0lh.html" xmltv_id="DISNEY CHANNEL + 1">DISNEY CHANNEL + 1</channel>
    <channel update="i" site="tv.orange.fr" site_id="piwi_CNT0000008o0Ae.html" xmltv_id="PIWI+">PIWI+</channel>
    <channel update="i" site="tv.orange.fr" site_id="teletoon_CNT0000008o0p3.html" xmltv_id="TELETOON+">TELETOON+</channel>
    <channel update="i" site="tv.orange.fr" site_id="kztv_CNT0000008o0CH.html" xmltv_id="KZTV">KZTV</channel>
    <channel update="i" site="tv.orange.fr" site_id="mangas_CNT0000008o0j6.html" xmltv_id="MANGAS">MANGAS</channel>
    <channel update="i" site="tv.orange.fr" site_id="xxl_CNT0000008o0Jw.html" xmltv_id="XXL">XXL</channel>
    <channel update="i" site="tv.orange.fr" site_id="dorcel-tv_CNT0000008o0CQ.html" xmltv_id="DORCEL TV">DORCEL TV</channel>
    <channel update="i" site="tv.orange.fr" site_id="brazzers-tv_CNT0000008o0jf.html" xmltv_id="BRAZZERS TV">BRAZZERS TV</channel>
    <channel update="i" site="tv.orange.fr" site_id="penthouse-hd-1_CNT0000008o0pM.html" xmltv_id="PENTHOUSE HD 1">PENTHOUSE HD 1</channel>
    <channel update="i" site="tv.orange.fr" site_id="pink-x_CNT0000008o0n1.html" xmltv_id="PINK X">PINK X</channel>
    <channel update="i" site="tv.orange.fr" site_id="deutsche-welle_CNT0000008o0rw.html" xmltv_id="DEUTSCHE WELLE">DEUTSCHE WELLE</channel>
    <channel update="i" site="tv.orange.fr" site_id="rai-uno_CNT0000008o0Cp.html" xmltv_id="RAI UNO">RAI UNO</channel>
    <channel update="i" site="tv.orange.fr" site_id="rai-due_CNT0000008o0zd.html" xmltv_id="RAI DUE">RAI DUE</channel>
    <channel update="i" site="tv.orange.fr" site_id="rai-tre_CNT0000008o0rO.html" xmltv_id="RAI TRE">RAI TRE</channel>
  </channels>
</site>
