﻿<?xml version="1.0" encoding="UTF-8"?>
<site generator-info-name="WebGrab+Plus/w MDB &amp; REX Postprocess -- version V1.56.25 -- Jan van Straaten" site="rtl.nl">
  <channels>
    <channel update="i" site="rtl.nl" site_id="RTL%20Crime" xmltv_id="RTL Crime">RTL Crime</channel>
    <channel update="i" site="rtl.nl" site_id="RTL%20Lounge" xmltv_id="RTL Lounge">RTL Lounge</channel>
    <channel update="i" site="rtl.nl" site_id="RTL%20Telekids" xmltv_id="RTL Telekids">RTL Telekids</channel>
    <channel update="i" site="rtl.nl" site_id="RTL4" xmltv_id="RTL4">RTL4</channel>
    <channel update="i" site="rtl.nl" site_id="RTL5" xmltv_id="RTL5">RTL5</channel>
    <channel update="i" site="rtl.nl" site_id="RTL7" xmltv_id="RTL7">RTL7</channel>
    <channel update="i" site="rtl.nl" site_id="RTL8" xmltv_id="RTL8">RTL8</channel>
    <channel update="i" site="rtl.nl" site_id="RTLZ" xmltv_id="RTLZ">RTLZ</channel>
  </channels>
</site>