﻿<?xml version="1.0" encoding="UTF-8"?>
<site generator-info-name="WebGrab+Plus/w MDB &amp; REX Postprocess -- version V2.0.7 -- Jan van Straaten" site="tvgids.nl">
  <channels>
    <channel update="i" site="tvgids.nl" site_id="65" xmltv_id="Animal Planet OUD">Animal Planet OUD</channel>
    <channel update="i" site="tvgids.nl" site_id="310" xmltv_id="3voor12 Portal">3voor12 Portal</channel>
    <channel update="i" site="tvgids.nl" site_id="429" xmltv_id="Oranje TV">Oranje TV</channel>
    <channel update="i" site="tvgids.nl" site_id="308" xmltv_id="3voor12 Central">3voor12 Central</channel>
    <channel update="i" site="tvgids.nl" site_id="83" xmltv_id="3voor12">3voor12</channel>
    <channel update="i" site="tvgids.nl" site_id="403" xmltv_id="Goed TV">Goed TV</channel>
    <channel update="i" site="tvgids.nl" site_id="412" xmltv_id="Film1 Premiere +1">Film1 Premiere +1</channel>
    <channel update="i" site="tvgids.nl" site_id="309" xmltv_id="3voor12 On Stage">3voor12 On Stage</channel>
    <channel update="i" site="tvgids.nl" site_id="1" xmltv_id="NPO 1">NPO 1</channel>
    <channel update="i" site="tvgids.nl" site_id="2" xmltv_id="NPO 2">NPO 2</channel>
    <channel update="i" site="tvgids.nl" site_id="3" xmltv_id="NPO 3">NPO 3</channel>
    <channel update="i" site="tvgids.nl" site_id="4" xmltv_id="RTL 4">RTL 4</channel>
    <channel update="i" site="tvgids.nl" site_id="31" xmltv_id="RTL 5">RTL 5</channel>
    <channel update="i" site="tvgids.nl" site_id="36" xmltv_id="SBS 6">SBS 6</channel>
    <channel update="i" site="tvgids.nl" site_id="460" xmltv_id="SBS 9">SBS 9</channel>
    <channel update="i" site="tvgids.nl" site_id="46" xmltv_id="RTL 7">RTL 7</channel>
    <channel update="i" site="tvgids.nl" site_id="37" xmltv_id="NET 5">NET 5</channel>
    <channel update="i" site="tvgids.nl" site_id="34" xmltv_id="Veronica">Veronica</channel>
    <channel update="i" site="tvgids.nl" site_id="92" xmltv_id="RTL 8">RTL 8</channel>
    <channel update="i" site="tvgids.nl" site_id="471" xmltv_id="KPN presenteert ">KPN presenteert </channel>
    <channel update="i" site="tvgids.nl" site_id="472" xmltv_id="Crime + Investigation">Crime + Investigation</channel>
    <channel update="i" site="tvgids.nl" site_id="438" xmltv_id="TLC">TLC</channel>
    <channel update="i" site="tvgids.nl" site_id="91" xmltv_id="Comedy Central">Comedy Central</channel>
    <channel update="i" site="tvgids.nl" site_id="29" xmltv_id="Discovery Channel">Discovery Channel</channel>
    <channel update="i" site="tvgids.nl" site_id="18" xmltv_id="National Geographic">National Geographic</channel>
    <channel update="i" site="tvgids.nl" site_id="24" xmltv_id="Film 1 Premiere">Film 1 Premiere</channel>
    <channel update="i" site="tvgids.nl" site_id="435" xmltv_id="24 Kitchen">24 Kitchen</channel>
    <channel update="i" site="tvgids.nl" site_id="5" xmltv_id="Eén">Eén</channel>
    <channel update="i" site="tvgids.nl" site_id="6" xmltv_id="Canvas">Canvas</channel>
    <channel update="i" site="tvgids.nl" site_id="440" xmltv_id="Fox">Fox</channel>
    <channel update="i" site="tvgids.nl" site_id="19" xmltv_id="Eurosport 1">Eurosport 1</channel>
    <channel update="i" site="tvgids.nl" site_id="436" xmltv_id="Eurosport 2">Eurosport 2</channel>
    <channel update="i" site="tvgids.nl" site_id="465" xmltv_id="RTL Z">RTL Z</channel>
    <channel update="i" site="tvgids.nl" site_id="148" xmltv_id="Fox Sports Eredivisie">Fox Sports Eredivisie</channel>
    <channel update="i" site="tvgids.nl" site_id="466" xmltv_id="Ziggo Sport">Ziggo Sport</channel>
    <channel update="i" site="tvgids.nl" site_id="99" xmltv_id="Ziggo Sport Select">Ziggo Sport Select</channel>
    <channel update="i" site="tvgids.nl" site_id="419" xmltv_id="Ziggo Sport Golf">Ziggo Sport Golf</channel>
    <channel update="i" site="tvgids.nl" site_id="420" xmltv_id="Ziggo Sport Racing">Ziggo Sport Racing</channel>
    <channel update="i" site="tvgids.nl" site_id="417" xmltv_id="Extreme Sports Channel">Extreme Sports Channel</channel>
    <channel update="i" site="tvgids.nl" site_id="411" xmltv_id="Film1 Action">Film1 Action</channel>
    <channel update="i" site="tvgids.nl" site_id="468" xmltv_id="Fox Sport 2">Fox Sport 2</channel>
    <channel update="i" site="tvgids.nl" site_id="469" xmltv_id="Fox Sport 3">Fox Sport 3</channel>
    <channel update="i" site="tvgids.nl" site_id="470" xmltv_id="Fox Sport 4">Fox Sport 4</channel>
    <channel update="i" site="tvgids.nl" site_id="39" xmltv_id="Film1 Family">Film1 Family</channel>
    <channel update="i" site="tvgids.nl" site_id="107" xmltv_id="Film 1 Sundance">Film 1 Sundance</channel>
    <channel update="i" site="tvgids.nl" site_id="462" xmltv_id="Shorts TV">Shorts TV</channel>
    <channel update="i" site="tvgids.nl" site_id="407" xmltv_id="OUTTV">OUTTV</channel>
    <channel update="i" site="tvgids.nl" site_id="430" xmltv_id="Film1 Drama">Film1 Drama</channel>
    <channel update="i" site="tvgids.nl" site_id="408" xmltv_id="RTL Lounge">RTL Lounge</channel>
    <channel update="i" site="tvgids.nl" site_id="409" xmltv_id="Rtl crime">Rtl crime</channel>
    <channel update="i" site="tvgids.nl" site_id="317" xmltv_id="Comedy Family">Comedy Family</channel>
    <channel update="i" site="tvgids.nl" site_id="437" xmltv_id="Comedy Central Extra">Comedy Central Extra</channel>
    <channel update="i" site="tvgids.nl" site_id="104" xmltv_id="BBC Entertainment">BBC Entertainment</channel>
    <channel update="i" site="tvgids.nl" site_id="464" xmltv_id="BBC First">BBC First</channel>
    <channel update="i" site="tvgids.nl" site_id="315" xmltv_id="CBS Reality">CBS Reality</channel>
    <channel update="i" site="tvgids.nl" site_id="404" xmltv_id="FOXlife">FOXlife</channel>
    <channel update="i" site="tvgids.nl" site_id="25" xmltv_id="MTV">MTV</channel>
    <channel update="i" site="tvgids.nl" site_id="427" xmltv_id="MTV Brand new">MTV Brand new</channel>
    <channel update="i" site="tvgids.nl" site_id="428" xmltv_id="Brava NL">Brava NL</channel>
    <channel update="i" site="tvgids.nl" site_id="89" xmltv_id="Nickelodeon">Nickelodeon</channel>
    <channel update="i" site="tvgids.nl" site_id="21" xmltv_id="Cartoon Network">Cartoon Network</channel>
    <channel update="i" site="tvgids.nl" site_id="424" xmltv_id="Disney Channel">Disney Channel</channel>
    <channel update="i" site="tvgids.nl" site_id="311" xmltv_id="Disney XD">Disney XD</channel>
    <channel update="i" site="tvgids.nl" site_id="312" xmltv_id="Nick Jr.">Nick Jr.</channel>
    <channel update="i" site="tvgids.nl" site_id="313" xmltv_id="Boomerang">Boomerang</channel>
    <channel update="i" site="tvgids.nl" site_id="416" xmltv_id="Nat Geo Wild">Nat Geo Wild</channel>
    <channel update="i" site="tvgids.nl" site_id="461" xmltv_id="Pebble TV">Pebble TV</channel>
    <channel update="i" site="tvgids.nl" site_id="415" xmltv_id="Travel Channel">Travel Channel</channel>
    <channel update="i" site="tvgids.nl" site_id="413" xmltv_id="HISTORY">HISTORY</channel>
    <channel update="i" site="tvgids.nl" site_id="306" xmltv_id="Discovery Science">Discovery Science</channel>
    <channel update="i" site="tvgids.nl" site_id="406" xmltv_id="Ons">Ons</channel>
    <channel update="i" site="tvgids.nl" site_id="305" xmltv_id="Discovery World">Discovery World</channel>
    <channel update="i" site="tvgids.nl" site_id="414" xmltv_id="Investigiation discovery">Investigiation discovery</channel>
    <channel update="i" site="tvgids.nl" site_id="439" xmltv_id="Animal Planet">Animal Planet</channel>
    <channel update="i" site="tvgids.nl" site_id="70" xmltv_id="NPO Cultura">NPO Cultura</channel>
    <channel update="i" site="tvgids.nl" site_id="64" xmltv_id="NPO Zapp Xtra \/ NPO Best">NPO Zapp Xtra \/ NPO Best</channel>
    <channel update="i" site="tvgids.nl" site_id="38" xmltv_id="ARTE">ARTE</channel>
    <channel update="i" site="tvgids.nl" site_id="26" xmltv_id="CNN">CNN</channel>
    <channel update="i" site="tvgids.nl" site_id="422" xmltv_id="Euronews">Euronews</channel>
    <channel update="i" site="tvgids.nl" site_id="86" xmltv_id="BBC World">BBC World</channel>
    <channel update="i" site="tvgids.nl" site_id="423" xmltv_id="Al Jazeera Engels">Al Jazeera Engels</channel>
    <channel update="i" site="tvgids.nl" site_id="108" xmltv_id="RTV Noord">RTV Noord</channel>
    <channel update="i" site="tvgids.nl" site_id="109" xmltv_id="Omrop Fryslân">Omrop Fryslân</channel>
    <channel update="i" site="tvgids.nl" site_id="110" xmltv_id="RTV Drenthe">RTV Drenthe</channel>
    <channel update="i" site="tvgids.nl" site_id="111" xmltv_id="RTV Oost">RTV Oost</channel>
    <channel update="i" site="tvgids.nl" site_id="112" xmltv_id="Omroep Gelderland">Omroep Gelderland</channel>
    <channel update="i" site="tvgids.nl" site_id="113" xmltv_id="Omroep Flevoland">Omroep Flevoland</channel>
    <channel update="i" site="tvgids.nl" site_id="103" xmltv_id="NH">NH</channel>
    <channel update="i" site="tvgids.nl" site_id="100" xmltv_id="RTV Utrecht">RTV Utrecht</channel>
    <channel update="i" site="tvgids.nl" site_id="101" xmltv_id="RTV West">RTV West</channel>
    <channel update="i" site="tvgids.nl" site_id="102" xmltv_id="RTV Rijnmond">RTV Rijnmond</channel>
    <channel update="i" site="tvgids.nl" site_id="116" xmltv_id="Omroep Zeeland">Omroep Zeeland</channel>
    <channel update="i" site="tvgids.nl" site_id="114" xmltv_id="Omroep Brabant">Omroep Brabant</channel>
    <channel update="i" site="tvgids.nl" site_id="115" xmltv_id="L1 TV">L1 TV</channel>
    <channel update="i" site="tvgids.nl" site_id="40" xmltv_id="AT 5">AT 5</channel>
    <channel update="i" site="tvgids.nl" site_id="401" xmltv_id="Playboy TV">Playboy TV</channel>
    <channel update="i" site="tvgids.nl" site_id="434" xmltv_id="Dusk">Dusk</channel>
    <channel update="i" site="tvgids.nl" site_id="105" xmltv_id="Private Spice">Private Spice</channel>
    <channel update="i" site="tvgids.nl" site_id="410" xmltv_id="101 TV">101 TV</channel>
    <channel update="i" site="tvgids.nl" site_id="90" xmltv_id="BVN">BVN</channel>
    <channel update="i" site="tvgids.nl" site_id="7" xmltv_id="BBC 1">BBC 1</channel>
    <channel update="i" site="tvgids.nl" site_id="8" xmltv_id="BBC 2">BBC 2</channel>
    <channel update="i" site="tvgids.nl" site_id="301" xmltv_id="BBC 4">BBC 4</channel>
    <channel update="i" site="tvgids.nl" site_id="60" xmltv_id="VT4">VT4</channel>
    <channel update="i" site="tvgids.nl" site_id="49" xmltv_id="VTM">VTM</channel>
    <channel update="i" site="tvgids.nl" site_id="59" xmltv_id="2BE">2BE</channel>
    <channel update="i" site="tvgids.nl" site_id="15" xmltv_id="RTBF La 1">RTBF La 1</channel>
    <channel update="i" site="tvgids.nl" site_id="16" xmltv_id="RTBF La 2">RTBF La 2</channel>
    <channel update="i" site="tvgids.nl" site_id="17" xmltv_id="TV 5">TV 5</channel>
    <channel update="i" site="tvgids.nl" site_id="9" xmltv_id="ARD">ARD</channel>
    <channel update="i" site="tvgids.nl" site_id="10" xmltv_id="ZDF">ZDF</channel>
    <channel update="i" site="tvgids.nl" site_id="12" xmltv_id="WDR Fernsehen">WDR Fernsehen</channel>
    <channel update="i" site="tvgids.nl" site_id="13" xmltv_id="NDR Fernsehen">NDR Fernsehen</channel>
    <channel update="i" site="tvgids.nl" site_id="11" xmltv_id="RTL">RTL</channel>
    <channel update="i" site="tvgids.nl" site_id="28" xmltv_id="Sat 1">Sat 1</channel>
    <channel update="i" site="tvgids.nl" site_id="50" xmltv_id="3Sat">3Sat</channel>
    <channel update="i" site="tvgids.nl" site_id="58" xmltv_id="PRO 7">PRO 7</channel>
    <channel update="i" site="tvgids.nl" site_id="32" xmltv_id="TRT int.">TRT int.</channel>
    <channel update="i" site="tvgids.nl" site_id="467" xmltv_id="Spike">Spike</channel>
    <channel update="i" site="tvgids.nl" site_id="304" xmltv_id="AMC">AMC</channel>
  </channels>
</site>