<?xml version="1.0" encoding="UTF-8"?>
<site generator-info-name="WebGrab+Plus/w MDB &amp; REX Postprocess -- version  V1.57 -- Jan van Straaten" site="https://beinconnect.es">
  <channels>
    <channel update="i" site="beinconnect.es" site_id="LIGA" xmltv_id="LIGA">LIGA</channel>
    <channel update="i" site="beinconnect.es" site_id="BEIN" xmltv_id="BEIN">BEIN</channel>
    <channel update="i" site="beinconnect.es" site_id="LIGA123" xmltv_id="LIGA123">LIGA123</channel>
    <channel update="i" site="beinconnect.es" site_id="GOL" xmltv_id="GOL">GOL</channel>
    <channel update="i" site="beinconnect.es" site_id="AXNHD" xmltv_id="AXNHD">AXNHD</channel>
    <channel update="i" site="beinconnect.es" site_id="HISTORIA" xmltv_id="HISTORIA">HISTORIA</channel>
    <channel update="i" site="beinconnect.es" site_id="NATIONALGEOGRAPHIC" xmltv_id="NATIONALGEOGRAPHIC">NATIONALGEOGRAPHIC</channel>
    <channel update="i" site="beinconnect.es" site_id="NICKELODEON" xmltv_id="NICKELODEON">NICKELODEON</channel>
    <channel update="i" site="beinconnect.es" site_id="FOXHD" xmltv_id="FOXHD">FOXHD</channel>
    <channel update="i" site="beinconnect.es" site_id="COMEDY" xmltv_id="COMEDY">COMEDY</channel>
    <channel update="i" site="beinconnect.es" site_id="TNT" xmltv_id="TNT">TNT</channel>
    <channel update="i" site="beinconnect.es" site_id="FOXLIFE" xmltv_id="FOXLIFE">FOXLIFE</channel>
    <channel update="i" site="beinconnect.es" site_id="TCMHD" xmltv_id="TCMHD">TCMHD</channel>
  </channels>
</site>
