﻿<?xml version="1.0" encoding="UTF-8"?>
<site generator-info-name="WebGrab+Plus/w MDB &amp; REX Postprocess -- version V1.56.23 -- Jan van Straaten" site="guia-tv.es">
  <channels>
    <channel update="i" site="guia-tv.es" site_id="la-1" xmltv_id="TVE 1">TVE 1</channel>
    <channel update="i" site="guia-tv.es" site_id="la-2" xmltv_id="La 2">La 2</channel>
    <channel update="i" site="guia-tv.es" site_id="antena-3" xmltv_id="Antena 3">Antena 3</channel>
    <channel update="i" site="guia-tv.es" site_id="cuatro" xmltv_id="Cuatro">Cuatro</channel>
    <channel update="i" site="guia-tv.es" site_id="telecinco" xmltv_id="Tele 5">Tele 5</channel>
    <channel update="i" site="guia-tv.es" site_id="lasexta" xmltv_id="La Sexta">La Sexta</channel>
    <channel update="i" site="guia-tv.es" site_id="c+" xmltv_id="#0">#0</channel>
    <channel update="i" site="guia-tv.es" site_id="clan-tve" xmltv_id="Clan">Clan</channel>
    <channel update="i" site="guia-tv.es" site_id="neox" xmltv_id="Neox">Neox</channel>
    <channel update="i" site="guia-tv.es" site_id="nova" xmltv_id="Nova">Nova</channel>
    <channel update="i" site="guia-tv.es" site_id="disney-channel" xmltv_id="Disney">Disney</channel>
    <channel update="i" site="guia-tv.es" site_id="intereconomia-tv" xmltv_id="Intereconomia">Intereconomia</channel>
    <channel update="i" site="guia-tv.es" site_id="boing" xmltv_id="Boing">Boing</channel>
    <channel update="i" site="guia-tv.es" site_id="divinity" xmltv_id="Divinity">Divinity</channel>
    <channel update="i" site="guia-tv.es" site_id="13tv" xmltv_id="13TV">13TV</channel>
    <channel update="i" site="guia-tv.es" site_id="discovery-max" xmltv_id="Discovery MAX">Discovery MAX</channel>
    <channel update="i" site="guia-tv.es" site_id="mtv-espaa" xmltv_id="MTV">MTV</channel>
    <channel update="i" site="guia-tv.es" site_id="energy" xmltv_id="Energy">Energy</channel>
    <channel update="i" site="guia-tv.es" site_id="paramount-channel" xmltv_id="Paramount">Paramount</channel>
    <channel update="i" site="guia-tv.es" site_id="canal-24-horas" xmltv_id="24 horas">24 horas</channel>
    <channel update="i" site="guia-tv.es" site_id="teledeporte" xmltv_id="Teledeporte">Teledeporte</channel>
    <channel update="i" site="guia-tv.es" site_id="telemadrid" xmltv_id="Telemadrid">Telemadrid</channel>
    <channel update="i" site="guia-tv.es" site_id="etb-1" xmltv_id="ETB 1">ETB 1</channel>
    <channel update="i" site="guia-tv.es" site_id="etb-2" xmltv_id="ETB 2">ETB 2</channel>
    <channel update="i" site="guia-tv.es" site_id="tv3" xmltv_id="TV3">TV3</channel>
    <channel update="i" site="guia-tv.es" site_id="tvg" xmltv_id="TVG">TVG</channel>
    <channel update="i" site="guia-tv.es" site_id="canal-sur" xmltv_id="Canal Sur">Canal Sur</channel>
    <channel update="i" site="guia-tv.es" site_id="la-8" xmltv_id="La 8">La 8</channel>
    <channel update="i" site="guia-tv.es" site_id="ib3" xmltv_id="IB3">IB3</channel>
    <channel update="i" site="guia-tv.es" site_id="tpa" xmltv_id="TPA">TPA</channel>
    <channel update="i" site="guia-tv.es" site_id="axn" xmltv_id="AXN">AXN</channel>
    <channel update="i" site="guia-tv.es" site_id="televisioncanaria" xmltv_id="Televisión Canaria">Televisión Canaria</channel>
    <channel update="i" site="guia-tv.es" site_id="la-otra" xmltv_id="laOtra">laOtra</channel>
    <channel update="i" site="guia-tv.es" site_id="canal-extremadura-tv" xmltv_id="Extremadura TV">Extremadura TV</channel>
    <channel update="i" site="guia-tv.es" site_id="aragon-television" xmltv_id="Aragon TV">Aragon TV</channel>
    <channel update="i" site="guia-tv.es" site_id="castilla---la-mancha-tv" xmltv_id="CLM TV">CLM TV</channel>
    <channel update="i" site="guia-tv.es" site_id="fdf-telecinco" xmltv_id="FDF">FDF</channel>
    <channel update="i" site="guia-tv.es" site_id="bein-sports" xmltv_id="bein Sports">bein Sports</channel>
  </channels>
</site>