﻿<?xml version="1.0" encoding="UTF-8"?>
<site generator-info-name="WebGrab+Plus/w MDB &amp; REX Postprocess -- version  V1.57 -- Jan van Straaten" site="movistarplus.es">
  <channels>
    <channel update="i" site="movistarplus.es" site_id="TVE" xmltv_id="LA 1">LA 1</channel>
    <channel update="i" site="movistarplus.es" site_id="LA2" xmltv_id="LA 2">LA 2</channel>
    <channel update="i" site="movistarplus.es" site_id="A3" xmltv_id="Antena 3">Antena 3</channel>
    <channel update="i" site="movistarplus.es" site_id="C4" xmltv_id="Cuatro">Cuatro</channel>
    <channel update="i" site="movistarplus.es" site_id="T5" xmltv_id="Telecinco">Telecinco</channel>
    <channel update="i" site="movistarplus.es" site_id="SEXTA" xmltv_id="La Sexta">La Sexta</channel>
    <channel update="i" site="movistarplus.es" site_id="MV3" xmltv_id="#0">#0</channel>
    <channel update="i" site="movistarplus.es" site_id="CPSER" xmltv_id="Movistar Series">Movistar Series</channel>
    <channel update="i" site="movistarplus.es" site_id="MV2" xmltv_id="Movistar Series Xtra">Movistar Series Xtra</channel>
    <channel update="i" site="movistarplus.es" site_id="FOXGE" xmltv_id="Fox">Fox</channel>
    <channel update="i" site="movistarplus.es" site_id="AXN" xmltv_id="AXN">AXN</channel>
    <channel update="i" site="movistarplus.es" site_id="TNT" xmltv_id="TNT">TNT</channel>
    <channel update="i" site="movistarplus.es" site_id="PCM" xmltv_id="Comedy Central">Comedy Central</channel>
    <channel update="i" site="movistarplus.es" site_id="CL13" xmltv_id="Calle 13">Calle 13</channel>
    <channel update="i" site="movistarplus.es" site_id="COSMO" xmltv_id="COSMO">COSMO</channel>
    <channel update="i" site="movistarplus.es" site_id="AMC" xmltv_id="AMC">AMC</channel>
    <channel update="i" site="movistarplus.es" site_id="FOXCR" xmltv_id="Fox Life">Fox Life</channel>
    <channel update="i" site="movistarplus.es" site_id="SET" xmltv_id="AXN White">AXN White</channel>
    <channel update="i" site="movistarplus.es" site_id="SCI-FI" xmltv_id="SYFY">SYFY</channel>
    <channel update="i" site="movistarplus.es" site_id="NONSTP" xmltv_id="Non Stop People">Non Stop People</channel>
    <channel update="i" site="movistarplus.es" site_id="MTV" xmltv_id="MTV">MTV</channel>
    <channel update="i" site="movistarplus.es" site_id="FDFIC" xmltv_id="Factoría de Ficción">Factoría de Ficción</channel>
    <channel update="i" site="movistarplus.es" site_id="NEOX" xmltv_id="Neox">Neox</channel>
    <channel update="i" site="movistarplus.es" site_id="ATRESS" xmltv_id="Atreseries">Atreseries</channel>
    <channel update="i" site="movistarplus.es" site_id="ENERGY" xmltv_id="Energy">Energy</channel>
    <channel update="i" site="movistarplus.es" site_id="MV1" xmltv_id="Movistar Estrenos">Movistar Estrenos</channel>
    <channel update="i" site="movistarplus.es" site_id="CPXTRA" xmltv_id="Movistar Xtra">Movistar Xtra</channel>
    <channel update="i" site="movistarplus.es" site_id="CPACCI" xmltv_id="Movistar Acción">Movistar Acción</channel>
    <channel update="i" site="movistarplus.es" site_id="CPCOME" xmltv_id="Movistar Comedia">Movistar Comedia</channel>
    <channel update="i" site="movistarplus.es" site_id="CPCOLE" xmltv_id="Movistar DCine">Movistar DCine</channel>
    <channel update="i" site="movistarplus.es" site_id="DCESP" xmltv_id="Movistar Cine Español">Movistar Cine Español</channel>
    <channel update="i" site="movistarplus.es" site_id="TCM" xmltv_id="TCM">TCM</channel>
    <channel update="i" site="movistarplus.es" site_id="HOLLYW" xmltv_id="Hollywood">Hollywood</channel>
    <channel update="i" site="movistarplus.es" site_id="SUNDAN" xmltv_id="Sundance">Sundance</channel>
    <channel update="i" site="movistarplus.es" site_id="DARK" xmltv_id="DARK">DARK</channel>
    <channel update="i" site="movistarplus.es" site_id="13TV" xmltv_id="13 TV">13 TV</channel>
    <channel update="i" site="movistarplus.es" site_id="TEN" xmltv_id="Ten">Ten</channel>
    <channel update="i" site="movistarplus.es" site_id="PARCH" xmltv_id="Paramount Channel">Paramount Channel</channel>
    <channel update="i" site="movistarplus.es" site_id="DEPORT" xmltv_id="DEPORTES">DEPORTES</channel>
    <channel update="i" site="movistarplus.es" site_id="CPFUT" xmltv_id="Movistar Fútbol">Movistar Fútbol</channel>
    <channel update="i" site="movistarplus.es" site_id="CPPART" xmltv_id="Movistar Partidazo">Movistar Partidazo</channel>
    <channel update="i" site="movistarplus.es" site_id="BELIGA" xmltv_id="Bein LaLiga">Bein LaLiga</channel>
    <channel update="i" site="movistarplus.es" site_id="BELIG1" xmltv_id="Bein LaLiga 1">Bein LaLiga 1</channel>
    <channel update="i" site="movistarplus.es" site_id="BELIG2" xmltv_id="Bein LaLiga 2">Bein LaLiga 2</channel>
    <channel update="i" site="movistarplus.es" site_id="CHUEFA" xmltv_id="beIN SPORTS ">beIN SPORTS </channel>
    <channel update="i" site="movistarplus.es" site_id="BEMAX1" xmltv_id="Bein Max1">Bein Max1</channel>
    <channel update="i" site="movistarplus.es" site_id="REALM" xmltv_id="Real Madrid TV">Real Madrid TV</channel>
    <channel update="i" site="movistarplus.es" site_id="BARNA" xmltv_id="Barça TV">Barça TV</channel>
    <channel update="i" site="movistarplus.es" site_id="CPDEP" xmltv_id="Movistar Deportes 1">Movistar Deportes 1</channel>
    <channel update="i" site="movistarplus.es" site_id="CPD2" xmltv_id="Movistar Deportes 2">Movistar Deportes 2</channel>
    <channel update="i" site="movistarplus.es" site_id="MVF1" xmltv_id="Movistar Fórmula 1">Movistar Fórmula 1</channel>
    <channel update="i" site="movistarplus.es" site_id="MVMTGP" xmltv_id="Movistar Moto GP">Movistar Moto GP</channel>
    <channel update="i" site="movistarplus.es" site_id="GOLF+" xmltv_id="Movistar Golf">Movistar Golf</channel>
    <channel update="i" site="movistarplus.es" site_id="ESP" xmltv_id="Eurosport 1">Eurosport 1</channel>
    <channel update="i" site="movistarplus.es" site_id="ESP2" xmltv_id="Eurosport 2">Eurosport 2</channel>
    <channel update="i" site="movistarplus.es" site_id="GOL" xmltv_id="GOL">GOL</channel>
    <channel update="i" site="movistarplus.es" site_id="GOLHD" xmltv_id="GOL HD">GOL HD</channel>
    <channel update="i" site="movistarplus.es" site_id="TDEP" xmltv_id="Teledeporte">Teledeporte</channel>
    <channel update="i" site="movistarplus.es" site_id="FUTREP" xmltv_id="Canal Fútbol Replay">Canal Fútbol Replay</channel>
    <channel update="i" site="movistarplus.es" site_id="CAZPES" xmltv_id="Caza y Pesca">Caza y Pesca</channel>
    <channel update="i" site="movistarplus.es" site_id="IBERAL" xmltv_id="Iberalia TV">Iberalia TV</channel>
    <channel update="i" site="movistarplus.es" site_id="CFERIA" xmltv_id="Toros TV">Toros TV</channel>
    <channel update="i" site="movistarplus.es" site_id="ARTHUR" xmltv_id="Multideporte 1">Multideporte 1</channel>
    <channel update="i" site="movistarplus.es" site_id="NATGEO" xmltv_id="National Geographic">National Geographic</channel>
    <channel update="i" site="movistarplus.es" site_id="NATGW" xmltv_id="Nat Geo Wild">Nat Geo Wild</channel>
    <channel update="i" site="movistarplus.es" site_id="HIST" xmltv_id="Historia">Historia</channel>
    <channel update="i" site="movistarplus.es" site_id="DCR" xmltv_id="Discovery">Discovery</channel>
    <channel update="i" site="movistarplus.es" site_id="ODISEA" xmltv_id="Odisea">Odisea</channel>
    <channel update="i" site="movistarplus.es" site_id="BIOGRA" xmltv_id="A&amp;E">A&amp;E</channel>
    <channel update="i" site="movistarplus.es" site_id="VJR" xmltv_id="Viajar">Viajar</channel>
    <channel update="i" site="movistarplus.es" site_id="DCRMAX" xmltv_id="Discovery Max">Discovery Max</channel>
    <channel update="i" site="movistarplus.es" site_id="CYM" xmltv_id="Crimen + Investigación">Crimen + Investigación</channel>
    <channel update="i" site="movistarplus.es" site_id="CCTV-E" xmltv_id="CCTV Español">CCTV Español</channel>
    <channel update="i" site="movistarplus.es" site_id="CACOC" xmltv_id="Canal Cocina">Canal Cocina</channel>
    <channel update="i" site="movistarplus.es" site_id="DECASA" xmltv_id="Canal Decasa">Canal Decasa</channel>
    <channel update="i" site="movistarplus.es" site_id="DKISS" xmltv_id="DKISS">DKISS</channel>
    <channel update="i" site="movistarplus.es" site_id="DIVINI" xmltv_id="Divinity">Divinity</channel>
    <channel update="i" site="movistarplus.es" site_id="NOVA" xmltv_id="Nova">Nova</channel>
    <channel update="i" site="movistarplus.es" site_id="MEGA" xmltv_id="Mega">Mega</channel>
    <channel update="i" site="movistarplus.es" site_id="BEMAD" xmltv_id="BE MAD">BE MAD</channel>
    <channel update="i" site="movistarplus.es" site_id="GARAGE" xmltv_id="El Garage TV">El Garage TV</channel>
    <channel update="i" site="movistarplus.es" site_id="ORBE21" xmltv_id="Canal Orbe 21">Canal Orbe 21</channel>
    <channel update="i" site="movistarplus.es" site_id="BABY" xmltv_id="Baby TV">Baby TV</channel>
    <channel update="i" site="movistarplus.es" site_id="PLAYDC" xmltv_id="Disney Junior">Disney Junior</channel>
    <channel update="i" site="movistarplus.es" site_id="PANDA" xmltv_id="Canal Panda">Canal Panda</channel>
    <channel update="i" site="movistarplus.es" site_id="NICKJR" xmltv_id="NICK JR">NICK JR</channel>
    <channel update="i" site="movistarplus.es" site_id="NICK" xmltv_id="Nickelodeon">Nickelodeon</channel>
    <channel update="i" site="movistarplus.es" site_id="DCHXD" xmltv_id="Disney XD">Disney XD</channel>
    <channel update="i" site="movistarplus.es" site_id="DCH" xmltv_id="Disney Channel">Disney Channel</channel>
    <channel update="i" site="movistarplus.es" site_id="BOING" xmltv_id="Boing">Boing</channel>
    <channel update="i" site="movistarplus.es" site_id="CLANTV" xmltv_id="Clan TVE">Clan TVE</channel>
    <channel update="i" site="movistarplus.es" site_id="40TV" xmltv_id="Los40">Los40</channel>
    <channel update="i" site="movistarplus.es" site_id="VH1" xmltv_id="VH1">VH1</channel>
    <channel update="i" site="movistarplus.es" site_id="M2" xmltv_id="MTV ROCKS">MTV ROCKS</channel>
    <channel update="i" site="movistarplus.es" site_id="MEZZO" xmltv_id="Mezzo">Mezzo</channel>
    <channel update="i" site="movistarplus.es" site_id="MEZOHD" xmltv_id="Mezzo Live HD">Mezzo Live HD</channel>
    <channel update="i" site="movistarplus.es" site_id="CLASSD" xmltv_id="Classica">Classica</channel>
    <channel update="i" site="movistarplus.es" site_id="CLASSI" xmltv_id="Classica HD">Classica HD</channel>
    <channel update="i" site="movistarplus.es" site_id="PBOY" xmltv_id="Playboy TV">Playboy TV</channel>
    <channel update="i" site="movistarplus.es" site_id="24H" xmltv_id="24 Horas">24 Horas</channel>
    <channel update="i" site="movistarplus.es" site_id="BBC" xmltv_id="BBC World">BBC World</channel>
    <channel update="i" site="movistarplus.es" site_id="CNN" xmltv_id="CNN Int">CNN Int</channel>
    <channel update="i" site="movistarplus.es" site_id="FOXNWS" xmltv_id="Fox News">Fox News</channel>
    <channel update="i" site="movistarplus.es" site_id="ENW" xmltv_id="Euronews">Euronews</channel>
    <channel update="i" site="movistarplus.es" site_id="ALJAZE" xmltv_id="Al Jazeera English">Al Jazeera English</channel>
    <channel update="i" site="movistarplus.es" site_id="FRA EN" xmltv_id="FRANCE 24">FRANCE 24</channel>
    <channel update="i" site="movistarplus.es" site_id="RTESP" xmltv_id="RT Español">RT Español</channel>
    <channel update="i" site="movistarplus.es" site_id="NBC" xmltv_id="CNBC">CNBC</channel>
    <channel update="i" site="movistarplus.es" site_id="TV5" xmltv_id="TV5MONDE">TV5MONDE</channel>
    <channel update="i" site="movistarplus.es" site_id="BL" xmltv_id="Bloomberg">Bloomberg</channel>
    <channel update="i" site="movistarplus.es" site_id="INTECO" xmltv_id="Intereconomía TV">Intereconomía TV</channel>
    <channel update="i" site="movistarplus.es" site_id="SKYNW" xmltv_id="Sky News">Sky News</channel>
    <channel update="i" site="movistarplus.es" site_id="LIBDIG" xmltv_id="Libertad Digital">Libertad Digital</channel>
    <channel update="i" site="movistarplus.es" site_id="RUSSIA" xmltv_id="RT">RT</channel>
    <channel update="i" site="movistarplus.es" site_id="312" xmltv_id="i24news">i24news</channel>
    <channel update="i" site="movistarplus.es" site_id="CNCWOR" xmltv_id="CNC World">CNC World</channel>
    <channel update="i" site="movistarplus.es" site_id="TELEFE" xmltv_id="Telefe Internacional">Telefe Internacional</channel>
    <channel update="i" site="movistarplus.es" site_id="GALAV" xmltv_id="Canal de las Estrellas">Canal de las Estrellas</channel>
    <channel update="i" site="movistarplus.es" site_id="CARACO" xmltv_id="Caracol TV">Caracol TV</channel>
    <channel update="i" site="movistarplus.es" site_id="TVREC" xmltv_id="TV RECORD">TV RECORD</channel>
    <channel update="i" site="movistarplus.es" site_id="CHILE" xmltv_id="TV Chile">TV Chile</channel>
    <channel update="i" site="movistarplus.es" site_id="COLOMB" xmltv_id="TV Colombia">TV Colombia</channel>
    <channel update="i" site="movistarplus.es" site_id="AZMUND" xmltv_id="AZ Mundo">AZ Mundo</channel>
    <channel update="i" site="movistarplus.es" site_id="CUBAV" xmltv_id="Cubavisión">Cubavisión</channel>
    <channel update="i" site="movistarplus.es" site_id="TLESUR" xmltv_id="Telesur">Telesur</channel>
    <channel update="i" site="movistarplus.es" site_id="EWTN" xmltv_id="EWTN">EWTN</channel>
    <channel update="i" site="movistarplus.es" site_id="PHOEN" xmltv_id="Phoenix Cine">Phoenix Cine</channel>
    <channel update="i" site="movistarplus.es" site_id="INFONW" xmltv_id="Infonews Channel">Infonews Channel</channel>
    <channel update="i" site="movistarplus.es" site_id="ARIRAN" xmltv_id="ARIRANG TV">ARIRANG TV</channel>
    <channel update="i" site="movistarplus.es" site_id="NHK" xmltv_id="NHK World TV">NHK World TV</channel>
    <channel update="i" site="movistarplus.es" site_id="ANTV" xmltv_id="Canal Sur Andalucía">Canal Sur Andalucía</channel>
    <channel update="i" site="movistarplus.es" site_id="TVG" xmltv_id="TV Galicia">TV Galicia</channel>
    <channel update="i" site="movistarplus.es" site_id="TVC" xmltv_id="TV3 Cat">TV3 Cat</channel>
    <channel update="i" site="movistarplus.es" site_id="ETB" xmltv_id="ETB Sat">ETB Sat</channel>
    <channel update="i" site="movistarplus.es" site_id="ARAGON" xmltv_id="Aragón TV Int">Aragón TV Int</channel>
    <channel update="i" site="movistarplus.es" site_id="C33" xmltv_id="Canal 33">Canal 33</channel>
    <channel update="i" site="movistarplus.es" site_id="ESP3" xmltv_id="Esport 3">Esport 3</channel>
    <channel update="i" site="movistarplus.es" site_id="3_24" xmltv_id="3 24">3 24</channel>
    <channel update="i" site="movistarplus.es" site_id="LAXARX" xmltv_id="La Xarxa Televisions">La Xarxa Televisions</channel>
    <channel update="i" site="movistarplus.es" site_id="TQ1" xmltv_id="Alquiler  1">Alquiler  1</channel>
    <channel update="i" site="movistarplus.es" site_id="TQ2" xmltv_id="Alquiler  2">Alquiler  2</channel>
    <channel update="i" site="movistarplus.es" site_id="TQ3" xmltv_id="Alquiler  3">Alquiler  3</channel>
    <channel update="i" site="movistarplus.es" site_id="TQ4" xmltv_id="Alquiler 4">Alquiler 4</channel>
    <channel update="i" site="movistarplus.es" site_id="TQ5" xmltv_id="Alquiler  5">Alquiler  5</channel>
    <channel update="i" site="movistarplus.es" site_id="TQ6" xmltv_id="Alquiler  6">Alquiler  6</channel>
    <channel update="i" site="movistarplus.es" site_id="HDTQ10" xmltv_id="Alquiler HD">Alquiler HD</channel>
    <channel update="i" site="movistarplus.es" site_id="HDTQ2" xmltv_id="Alquiler 2 HD">Alquiler 2 HD</channel>
    <channel update="i" site="movistarplus.es" site_id="MFUT5" xmltv_id="MULTIFUT. 5">MULTIFUT. 5</channel>
    <channel update="i" site="movistarplus.es" site_id="MULTI6" xmltv_id="Multideporte 6">Multideporte 6</channel>
    <channel update="i" site="movistarplus.es" site_id="MULTI9" xmltv_id="Multideporte 7">Multideporte 7</channel>
  </channels>
</site>