﻿<?xml version="1.0" encoding="UTF-8"?>
<site generator-info-name="WebGrab+Plus/w MDB &amp; REX Postprocess -- version  V1.57 -- Jan van Straaten" site="sincroguia.tv.2d">
  <channels>
    <channel update="i" site="sincroguia.tv.2d" site_id="telecinco" xmltv_id="Telecinco">Telecinco</channel>
    <channel update="i" site="sincroguia.tv.2d" site_id="antena-3" xmltv_id="Antena 3">Antena 3</channel>
    <channel update="i" site="sincroguia.tv.2d" site_id="la-1" xmltv_id="La 1">La 1</channel>
    <channel update="i" site="sincroguia.tv.2d" site_id="la-2" xmltv_id="La 2">La 2</channel>
    <channel update="i" site="sincroguia.tv.2d" site_id="canal-24-horas" xmltv_id="Canal 24 horas">Canal 24 horas</channel>
    <channel update="i" site="sincroguia.tv.2d" site_id="teledeporte" xmltv_id="Teledeporte">Teledeporte</channel>
    <channel update="i" site="sincroguia.tv.2d" site_id="la-1-catalunya" xmltv_id="La 1 Catalunya">La 1 Catalunya</channel>
    <channel update="i" site="sincroguia.tv.2d" site_id="la-1-madrid" xmltv_id="La 1 Madrid">La 1 Madrid</channel>
    <channel update="i" site="sincroguia.tv.2d" site_id="canal-sur" xmltv_id="Canal Sur">Canal Sur</channel>
    <channel update="i" site="sincroguia.tv.2d" site_id="canal-sur-2" xmltv_id="Canal Sur 2">Canal Sur 2</channel>
    <channel update="i" site="sincroguia.tv.2d" site_id="canal-sur-andalucia" xmltv_id="Canal Sur Andalucía">Canal Sur Andalucía</channel>
    <channel update="i" site="sincroguia.tv.2d" site_id="etb-1" xmltv_id="ETB 1">ETB 1</channel>
    <channel update="i" site="sincroguia.tv.2d" site_id="etb-2" xmltv_id="ETB 2">ETB 2</channel>
    <channel update="i" site="sincroguia.tv.2d" site_id="etb-sat" xmltv_id="ETB Sat">ETB Sat</channel>
    <channel update="i" site="sincroguia.tv.2d" site_id="tvg" xmltv_id="TVG">TVG</channel>
    <channel update="i" site="sincroguia.tv.2d" site_id="galicia-tv" xmltv_id="Galicia TV">Galicia TV</channel>
    <channel update="i" site="sincroguia.tv.2d" site_id="telemadrid" xmltv_id="Telemadrid">Telemadrid</channel>
    <channel update="i" site="sincroguia.tv.2d" site_id="la-otra" xmltv_id="La Otra">La Otra</channel>
    <channel update="i" site="sincroguia.tv.2d" site_id="television-canaria" xmltv_id="Televisión Canaria">Televisión Canaria</channel>
    <channel update="i" site="sincroguia.tv.2d" site_id="tv3" xmltv_id="TV3">TV3</channel>
    <channel update="i" site="sincroguia.tv.2d" site_id="tv3cat" xmltv_id="TV3CAT">TV3CAT</channel>
    <channel update="i" site="sincroguia.tv.2d" site_id="tcm" xmltv_id="TCM">TCM</channel>
    <channel update="i" site="sincroguia.tv.2d" site_id="hollywood" xmltv_id="Hollywood">Hollywood</channel>
    <channel update="i" site="sincroguia.tv.2d" site_id="axn" xmltv_id="AXN">AXN</channel>
    <channel update="i" site="sincroguia.tv.2d" site_id="calle-13" xmltv_id="Calle 13">Calle 13</channel>
    <channel update="i" site="sincroguia.tv.2d" site_id="extreme-teuve" xmltv_id="Extreme Teuve">Extreme Teuve</channel>
    <channel update="i" site="sincroguia.tv.2d" site_id="odisea" xmltv_id="Odisea">Odisea</channel>
    <channel update="i" site="sincroguia.tv.2d" site_id="euronews" xmltv_id="Euronews">Euronews</channel>
    <channel update="i" site="sincroguia.tv.2d" site_id="fox-news" xmltv_id="Fox News">Fox News</channel>
    <channel update="i" site="sincroguia.tv.2d" site_id="discovery-channel" xmltv_id="Discovery Channel">Discovery Channel</channel>
    <channel update="i" site="sincroguia.tv.2d" site_id="historia" xmltv_id="Historia">Historia</channel>
    <channel update="i" site="sincroguia.tv.2d" site_id="national-geographic" xmltv_id="National Geographic">National Geographic</channel>
    <channel update="i" site="sincroguia.tv.2d" site_id="eurosport" xmltv_id="Eurosport">Eurosport</channel>
    <channel update="i" site="sincroguia.tv.2d" site_id="baraa-tv" xmltv_id="Barça TV">Barça TV</channel>
    <channel update="i" site="sincroguia.tv.2d" site_id="real-madrid-tv" xmltv_id="Real Madrid TV">Real Madrid TV</channel>
    <channel update="i" site="sincroguia.tv.2d" site_id="mtv-espana" xmltv_id="MTV España">MTV España</channel>
    <channel update="i" site="sincroguia.tv.2d" site_id="mtv-rocks" xmltv_id="MTV Rocks">MTV Rocks</channel>
    <channel update="i" site="sincroguia.tv.2d" site_id="mtv-hits" xmltv_id="MTV Hits">MTV Hits</channel>
    <channel update="i" site="sincroguia.tv.2d" site_id="40-tv" xmltv_id="40 TV">40 TV</channel>
    <channel update="i" site="sincroguia.tv.2d" site_id="vh1" xmltv_id="VH1">VH1</channel>
    <channel update="i" site="sincroguia.tv.2d" site_id="sol-musica" xmltv_id="Sol Música">Sol Música</channel>
    <channel update="i" site="sincroguia.tv.2d" site_id="disney-xd" xmltv_id="Disney XD">Disney XD</channel>
    <channel update="i" site="sincroguia.tv.2d" site_id="disney-channel" xmltv_id="Disney Channel">Disney Channel</channel>
    <channel update="i" site="sincroguia.tv.2d" site_id="canal-cocina" xmltv_id="Canal Cocina">Canal Cocina</channel>
    <channel update="i" site="sincroguia.tv.2d" site_id="cosmo" xmltv_id="COSMO">COSMO</channel>
    <channel update="i" site="sincroguia.tv.2d" site_id="viajar" xmltv_id="Viajar">Viajar</channel>
    <channel update="i" site="sincroguia.tv.2d" site_id="ewtn" xmltv_id="EWTN">EWTN</channel>
    <channel update="i" site="sincroguia.tv.2d" site_id="playboy-tv" xmltv_id="Playboy TV">Playboy TV</channel>
    <channel update="i" site="sincroguia.tv.2d" site_id="bloomberg" xmltv_id="Bloomberg">Bloomberg</channel>
    <channel update="i" site="sincroguia.tv.2d" site_id="nickelodeon" xmltv_id="Nickelodeon">Nickelodeon</channel>
    <channel update="i" site="sincroguia.tv.2d" site_id="fox" xmltv_id="FOX">FOX</channel>
    <channel update="i" site="sincroguia.tv.2d" site_id="cnn-internacional" xmltv_id="CNN Internacional">CNN Internacional</channel>
    <channel update="i" site="sincroguia.tv.2d" site_id="cnbc-europe" xmltv_id="CNBC Europe">CNBC Europe</channel>
    <channel update="i" site="sincroguia.tv.2d" site_id="bbc-world" xmltv_id="BBC World">BBC World</channel>
    <channel update="i" site="sincroguia.tv.2d" site_id="tv5-monde" xmltv_id="TV5 Monde">TV5 Monde</channel>
    <channel update="i" site="sincroguia.tv.2d" site_id="8tv" xmltv_id="8tv">8tv</channel>
    <channel update="i" site="sincroguia.tv.2d" site_id="la-2-madrid" xmltv_id="La 2 Madrid">La 2 Madrid</channel>
    <channel update="i" site="sincroguia.tv.2d" site_id="la-2-catalunya" xmltv_id="La 2 Catalunya">La 2 Catalunya</channel>
    <channel update="i" site="sincroguia.tv.2d" site_id="disney-channel-1" xmltv_id="Disney Channel +1">Disney Channel +1</channel>
    <channel update="i" site="sincroguia.tv.2d" site_id="disney-junior" xmltv_id="Disney Junior">Disney Junior</channel>
    <channel update="i" site="sincroguia.tv.2d" site_id="castilla-la-mancha-tv" xmltv_id="Castilla - La Mancha TV">Castilla - La Mancha TV</channel>
    <channel update="i" site="sincroguia.tv.2d" site_id="cyl-7" xmltv_id="CyL 7">CyL 7</channel>
    <channel update="i" site="sincroguia.tv.2d" site_id="movistar-golf" xmltv_id="Movistar Golf">Movistar Golf</channel>
    <channel update="i" site="sincroguia.tv.2d" site_id="mezzo" xmltv_id="Mezzo">Mezzo</channel>
    <channel update="i" site="sincroguia.tv.2d" site_id="arte" xmltv_id="arte">arte</channel>
    <channel update="i" site="sincroguia.tv.2d" site_id="movistar-deportes-1" xmltv_id="Movistar Deportes 1">Movistar Deportes 1</channel>
    <channel update="i" site="sincroguia.tv.2d" site_id="movistar-deportes-2" xmltv_id="Movistar Deportes 2">Movistar Deportes 2</channel>
    <channel update="i" site="sincroguia.tv.2d" site_id="movistar-cine-espanol" xmltv_id="Movistar Cine Español">Movistar Cine Español</channel>
    <channel update="i" site="sincroguia.tv.2d" site_id="caza-y-pesca" xmltv_id="Caza y Pesca">Caza y Pesca</channel>
    <channel update="i" site="sincroguia.tv.2d" site_id="motors-tv" xmltv_id="Motors tv">Motors tv</channel>
    <channel update="i" site="sincroguia.tv.2d" site_id="324" xmltv_id="3/24">3/24</channel>
    <channel update="i" site="sincroguia.tv.2d" site_id="tve-internacional" xmltv_id="TVE Internacional">TVE Internacional</channel>
    <channel update="i" site="sincroguia.tv.2d" site_id="mtv-dance" xmltv_id="MTV Dance">MTV Dance</channel>
    <channel update="i" site="sincroguia.tv.2d" site_id="discovery-max" xmltv_id="Discovery MAX">Discovery MAX</channel>
    <channel update="i" site="sincroguia.tv.2d" site_id="amc" xmltv_id="AMC">AMC</channel>
    <channel update="i" site="sincroguia.tv.2d" site_id="eurosport-2" xmltv_id="Eurosport 2">Eurosport 2</channel>
    <channel update="i" site="sincroguia.tv.2d" site_id="ae" xmltv_id="A&amp;E">A&amp;E</channel>
    <channel update="i" site="sincroguia.tv.2d" site_id="comedy-central" xmltv_id="Comedy Central">Comedy Central</channel>
    <channel update="i" site="sincroguia.tv.2d" site_id="cuatro" xmltv_id="Cuatro">Cuatro</channel>
    <channel update="i" site="sincroguia.tv.2d" site_id="somos" xmltv_id="Somos">Somos</channel>
    <channel update="i" site="sincroguia.tv.2d" site_id="clan-tve" xmltv_id="Clan TVE">Clan TVE</channel>
    <channel update="i" site="sincroguia.tv.2d" site_id="fdf-telecinco" xmltv_id="FDF Telecinco">FDF Telecinco</channel>
    <channel update="i" site="sincroguia.tv.2d" site_id="neox" xmltv_id="Neox">Neox</channel>
    <channel update="i" site="sincroguia.tv.2d" site_id="nova" xmltv_id="Nova">Nova</channel>
    <channel update="i" site="sincroguia.tv.2d" site_id="lasexta" xmltv_id="laSexta">laSexta</channel>
    <channel update="i" site="sincroguia.tv.2d" site_id="axn-white" xmltv_id="AXN White">AXN White</channel>
    <channel update="i" site="sincroguia.tv.2d" site_id="intereconomia-tv" xmltv_id="Intereconomía TV">Intereconomía TV</channel>
    <channel update="i" site="sincroguia.tv.2d" site_id="ib3" xmltv_id="IB3">IB3</channel>
    <channel update="i" site="sincroguia.tv.2d" site_id="syfy" xmltv_id="Syfy">Syfy</channel>
    <channel update="i" site="sincroguia.tv.2d" site_id="tpa" xmltv_id="TPA">TPA</channel>
    <channel update="i" site="sincroguia.tv.2d" site_id="aragon-television" xmltv_id="Aragón Televisión">Aragón Televisión</channel>
    <channel update="i" site="sincroguia.tv.2d" site_id="al-jazeera-english" xmltv_id="Al Jazeera English">Al Jazeera English</channel>
    <channel update="i" site="sincroguia.tv.2d" site_id="super3-33" xmltv_id="Super3-33">Super3-33</channel>
    <channel update="i" site="sincroguia.tv.2d" site_id="7-region-de-murcia" xmltv_id="7 Región de Murcia">7 Región de Murcia</channel>
    <channel update="i" site="sincroguia.tv.2d" site_id="caracol-tv" xmltv_id="Caracol TV">Caracol TV</channel>
    <channel update="i" site="sincroguia.tv.2d" site_id="cubavision" xmltv_id="Cubavisión">Cubavisión</channel>
    <channel update="i" site="sincroguia.tv.2d" site_id="pro-tv-internacional" xmltv_id="Pro TV Internacional">Pro TV Internacional</channel>
    <channel update="i" site="sincroguia.tv.2d" site_id="decasa" xmltv_id="Decasa">Decasa</channel>
    <channel update="i" site="sincroguia.tv.2d" site_id="babytv" xmltv_id="BabyTV">BabyTV</channel>
    <channel update="i" site="sincroguia.tv.2d" site_id="tnt" xmltv_id="TNT">TNT</channel>
    <channel update="i" site="sincroguia.tv.2d" site_id="canal-extremadura-tv" xmltv_id="Canal Extremadura TV">Canal Extremadura TV</channel>
    <channel update="i" site="sincroguia.tv.2d" site_id="canal-de-las-estrellas-europa" xmltv_id="Canal de las Estrellas Europa">Canal de las Estrellas Europa</channel>
    <channel update="i" site="sincroguia.tv.2d" site_id="tve-amarica-1" xmltv_id="TVE América 1">TVE América 1</channel>
    <channel update="i" site="sincroguia.tv.2d" site_id="canal-parlamento" xmltv_id="Canal Parlamento">Canal Parlamento</channel>
    <channel update="i" site="sincroguia.tv.2d" site_id="france-24" xmltv_id="France 24">France 24</channel>
    <channel update="i" site="sincroguia.tv.2d" site_id="nuestra-tele" xmltv_id="Nuestra Tele">Nuestra Tele</channel>
    <channel update="i" site="sincroguia.tv.2d" site_id="telesur" xmltv_id="teleSUR">teleSUR</channel>
    <channel update="i" site="sincroguia.tv.2d" site_id="tv-record" xmltv_id="TV Record">TV Record</channel>
    <channel update="i" site="sincroguia.tv.2d" site_id="telefa" xmltv_id="Telefé">Telefé</channel>
    <channel update="i" site="sincroguia.tv.2d" site_id="cctv-e" xmltv_id="CCTV E">CCTV E</channel>
    <channel update="i" site="sincroguia.tv.2d" site_id="mtv-music" xmltv_id="MTV Music">MTV Music</channel>
    <channel update="i" site="sincroguia.tv.2d" site_id="tcm-1" xmltv_id="TCM +1">TCM +1</channel>
    <channel update="i" site="sincroguia.tv.2d" site_id="la-8" xmltv_id="La 8">La 8</channel>
    <channel update="i" site="sincroguia.tv.2d" site_id="iberalia" xmltv_id="Iberalia">Iberalia</channel>
    <channel update="i" site="sincroguia.tv.2d" site_id="cazavision" xmltv_id="Cazavisión">Cazavisión</channel>
    <channel update="i" site="sincroguia.tv.2d" site_id="fox-life" xmltv_id="FOX Life">FOX Life</channel>
    <channel update="i" site="sincroguia.tv.2d" site_id="boing" xmltv_id="Boing">Boing</channel>
    <channel update="i" site="sincroguia.tv.2d" site_id="tve-internacional-asia" xmltv_id="TVE Internacional Asia">TVE Internacional Asia</channel>
    <channel update="i" site="sincroguia.tv.2d" site_id="hollywood-1" xmltv_id="Hollywood +1">Hollywood +1</channel>
    <channel update="i" site="sincroguia.tv.2d" site_id="esport-3" xmltv_id="Esport 3">Esport 3</channel>
    <channel update="i" site="sincroguia.tv.2d" site_id="rt-espanol" xmltv_id="RT español">RT español</channel>
    <channel update="i" site="sincroguia.tv.2d" site_id="disney-xd-1" xmltv_id="Disney XD +1">Disney XD +1</channel>
    <channel update="i" site="sincroguia.tv.2d" site_id="tmv-valencia" xmltv_id="TMV Valencia">TMV Valencia</channel>
    <channel update="i" site="sincroguia.tv.2d" site_id="nick-junior" xmltv_id="Nick Junior">Nick Junior</channel>
    <channel update="i" site="sincroguia.tv.2d" site_id="13tv" xmltv_id="13tv">13tv</channel>
    <channel update="i" site="sincroguia.tv.2d" site_id="crimen-investigacion" xmltv_id="Crimen Investigación">Crimen Investigación</channel>
    <channel update="i" site="sincroguia.tv.2d" site_id="divinity" xmltv_id="Divinity">Divinity</channel>
    <channel update="i" site="sincroguia.tv.2d" site_id="canal-panda" xmltv_id="Canal Panda">Canal Panda</channel>
    <channel update="i" site="sincroguia.tv.2d" site_id="sundance-channel" xmltv_id="Sundance Channel">Sundance Channel</channel>
    <channel update="i" site="sincroguia.tv.2d" site_id="mtv-live" xmltv_id="MTV Live">MTV Live</channel>
    <channel update="i" site="sincroguia.tv.2d" site_id="vh1-classic" xmltv_id="VH1 Classic">VH1 Classic</channel>
    <channel update="i" site="sincroguia.tv.2d" site_id="energy" xmltv_id="Energy">Energy</channel>
    <channel update="i" site="sincroguia.tv.2d" site_id="upv-tv" xmltv_id="UPV TV">UPV TV</channel>
    <channel update="i" site="sincroguia.tv.2d" site_id="paramount-channel" xmltv_id="Paramount Channel">Paramount Channel</channel>
    <channel update="i" site="sincroguia.tv.2d" site_id="futbol-replay" xmltv_id="Futbol Replay">Futbol Replay</channel>
    <channel update="i" site="sincroguia.tv.2d" site_id="mezzo-live" xmltv_id="Mezzo Live">Mezzo Live</channel>
    <channel update="i" site="sincroguia.tv.2d" site_id="canal-7-televalencia" xmltv_id="Canal 7 Televalencia">Canal 7 Televalencia</channel>
    <channel update="i" site="sincroguia.tv.2d" site_id="onda-algeciras-tv" xmltv_id="Onda Algeciras TV">Onda Algeciras TV</channel>
    <channel update="i" site="sincroguia.tv.2d" site_id="popular-tv-murcia" xmltv_id="Popular TV Murcia">Popular TV Murcia</channel>
    <channel update="i" site="sincroguia.tv.2d" site_id="hustler-tv" xmltv_id="Hustler TV">Hustler TV</channel>
    <channel update="i" site="sincroguia.tv.2d" site_id="navarra-television" xmltv_id="Navarra Televisión">Navarra Televisión</channel>
    <channel update="i" site="sincroguia.tv.2d" site_id="movistar-futbol" xmltv_id="Movistar Fútbol">Movistar Fútbol</channel>
    <channel update="i" site="sincroguia.tv.2d" site_id="toros-tv" xmltv_id="Toros TV">Toros TV</channel>
    <channel update="i" site="sincroguia.tv.2d" site_id="hustler-tv-hd" xmltv_id="Hustler TV HD">Hustler TV HD</channel>
    <channel update="i" site="sincroguia.tv.2d" site_id="national-geographic-wild" xmltv_id="National Geographic Wild">National Geographic Wild</channel>
    <channel update="i" site="sincroguia.tv.2d" site_id="el-garage-tv" xmltv_id="El Garage TV">El Garage TV</channel>
    <channel update="i" site="sincroguia.tv.2d" site_id="etb-3" xmltv_id="ETB 3">ETB 3</channel>
    <channel update="i" site="sincroguia.tv.2d" site_id="movistar-formula-1" xmltv_id="Movistar Formula 1">Movistar Formula 1</channel>
    <channel update="i" site="sincroguia.tv.2d" site_id="motogp" xmltv_id="MotoGP">MotoGP</channel>
    <channel update="i" site="sincroguia.tv.2d" site_id="tv3cat" xmltv_id="TV3CAT">TV3CAT</channel>
    <channel update="i" site="sincroguia.tv.2d" site_id="bein-sports" xmltv_id="beIN Sports">beIN Sports</channel>
    <channel update="i" site="sincroguia.tv.2d" site_id="mega" xmltv_id="Mega">Mega</channel>
    <channel update="i" site="sincroguia.tv.2d" site_id="movistar-series" xmltv_id="Movistar Series">Movistar Series</channel>
    <channel update="i" site="sincroguia.tv.2d" site_id="movistar-series-xtra" xmltv_id="Movistar Series Xtra">Movistar Series Xtra</channel>
    <channel update="i" site="sincroguia.tv.2d" site_id="movistar-estrenos" xmltv_id="Movistar Estrenos">Movistar Estrenos</channel>
    <channel update="i" site="sincroguia.tv.2d" site_id="movistar-xtra" xmltv_id="Movistar Xtra">Movistar Xtra</channel>
    <channel update="i" site="sincroguia.tv.2d" site_id="movistar-accion" xmltv_id="Movistar Acción">Movistar Acción</channel>
    <channel update="i" site="sincroguia.tv.2d" site_id="movistar-comedia" xmltv_id="Movistar Comedia">Movistar Comedia</channel>
    <channel update="i" site="sincroguia.tv.2d" site_id="movistar-dcine" xmltv_id="Movistar DCine">Movistar DCine</channel>
    <channel update="i" site="sincroguia.tv.2d" site_id="movistar-el-partidazo-hd" xmltv_id="Movistar El Partidazo HD">Movistar El Partidazo HD</channel>
    <channel update="i" site="sincroguia.tv.2d" site_id="viral-tv" xmltv_id="Viral TV">Viral TV</channel>
    <channel update="i" site="sincroguia.tv.2d" site_id="atreseries" xmltv_id="Atreseries">Atreseries</channel>
    <channel update="i" site="sincroguia.tv.2d" site_id="0" xmltv_id="#0">#0</channel>
    <channel update="i" site="sincroguia.tv.2d" site_id="ten" xmltv_id="TEN">TEN</channel>
    <channel update="i" site="sincroguia.tv.2d" site_id="be-mad" xmltv_id="Be Mad">Be Mad</channel>
    <channel update="i" site="sincroguia.tv.2d" site_id="dkiss" xmltv_id="DKISS">DKISS</channel>
    <channel update="i" site="sincroguia.tv.2d" site_id="bein-laliga" xmltv_id="beIN LaLiga">beIN LaLiga</channel>
    <channel update="i" site="sincroguia.tv.2d" site_id="gol" xmltv_id="Gol">Gol</channel>
    <channel update="i" site="sincroguia.tv.2d" site_id="dark" xmltv_id="Dark">Dark</channel>
  </channels>
</site>