﻿<?xml version="1.0" encoding="UTF-8"?>
<site generator-info-name="WebGrab+Plus/w MDB &amp; REX Postprocess -- version  V1.57 -- Jan van Straaten" site="sincroguia.tv">
  <channels>
    <channel update="i" site="sincroguia.tv" site_id="620" xmltv_id="Gol TV">Gol TV</channel>
    <channel update="i" site="sincroguia.tv" site_id="280" xmltv_id="La 2 Catalunya">La 2 Catalunya</channel>
    <channel update="i" site="sincroguia.tv" site_id="18" xmltv_id="La 1 Catalunya">La 1 Catalunya</channel>
    <channel update="i" site="sincroguia.tv" site_id="475" xmltv_id="DMAX">DMAX</channel>
    <channel update="i" site="sincroguia.tv" site_id="689" xmltv_id="13tv">13tv</channel>
    <channel update="i" site="sincroguia.tv" site_id="716" xmltv_id="Paramount Channel">Paramount Channel</channel>
    <channel update="i" site="sincroguia.tv" site_id="516" xmltv_id="Intereconomía TV">Intereconomía TV</channel>
    <channel update="i" site="sincroguia.tv" site_id="175" xmltv_id="Disney Channel">Disney Channel</channel>
    <channel update="i" site="sincroguia.tv" site_id="665" xmltv_id="Boing">Boing</channel>
    <channel update="i" site="sincroguia.tv" site_id="697" xmltv_id="Divinity">Divinity</channel>
    <channel update="i" site="sincroguia.tv" site_id="709" xmltv_id="Energy">Energy</channel>
    <channel update="i" site="sincroguia.tv" site_id="506" xmltv_id="FDF Telecinco">FDF Telecinco</channel>
    <channel update="i" site="sincroguia.tv" site_id="508" xmltv_id="Neox">Neox</channel>
    <channel update="i" site="sincroguia.tv" site_id="509" xmltv_id="Nova">Nova</channel>
    <channel update="i" site="sincroguia.tv" site_id="8" xmltv_id="Canal 24 horas">Canal 24 horas</channel>
    <channel update="i" site="sincroguia.tv" site_id="505" xmltv_id="Clan TVE">Clan TVE</channel>
    <channel update="i" site="sincroguia.tv" site_id="9" xmltv_id="Teledeporte">Teledeporte</channel>
    <channel update="i" site="sincroguia.tv" site_id="510" xmltv_id="laSexta">laSexta</channel>
    <channel update="i" site="sincroguia.tv" site_id="1" xmltv_id="Telecinco">Telecinco</channel>
    <channel update="i" site="sincroguia.tv" site_id="496" xmltv_id="Cuatro">Cuatro</channel>
    <channel update="i" site="sincroguia.tv" site_id="2" xmltv_id="Antena 3">Antena 3</channel>
    <channel update="i" site="sincroguia.tv" site_id="4" xmltv_id="La 2">La 2</channel>
    <channel update="i" site="sincroguia.tv" site_id="3" xmltv_id="La 1">La 1</channel>
    <channel update="i" site="sincroguia.tv" site_id="643" xmltv_id="La 8">La 8</channel>
    <channel update="i" site="sincroguia.tv" site_id="324" xmltv_id="CyL 7">CyL 7</channel>
    <channel update="i" site="sincroguia.tv" site_id="582" xmltv_id="Canal Extremadura TV">Canal Extremadura TV</channel>
    <channel update="i" site="sincroguia.tv" site_id="551" xmltv_id="7 Región de Murcia">7 Región de Murcia</channel>
    <channel update="i" site="sincroguia.tv" site_id="521" xmltv_id="TPA">TPA</channel>
    <channel update="i" site="sincroguia.tv" site_id="522" xmltv_id="Aragón Televisión">Aragón Televisión</channel>
    <channel update="i" site="sincroguia.tv" site_id="296" xmltv_id="Castilla-La Mancha Media">Castilla-La Mancha Media</channel>
    <channel update="i" site="sincroguia.tv" site_id="41" xmltv_id="TelevisiónCanaria">TelevisiónCanaria</channel>
    <channel update="i" site="sincroguia.tv" site_id="34" xmltv_id="ETB 2">ETB 2</channel>
    <channel update="i" site="sincroguia.tv" site_id="33" xmltv_id="ETB 1">ETB 1</channel>
    <channel update="i" site="sincroguia.tv" site_id="36" xmltv_id="TVG">TVG</channel>
    <channel update="i" site="sincroguia.tv" site_id="31" xmltv_id="Canal Sur 2">Canal Sur 2</channel>
    <channel update="i" site="sincroguia.tv" site_id="30" xmltv_id="Canal Sur">Canal Sur</channel>
    <channel update="i" site="sincroguia.tv" site_id="519" xmltv_id="IB3">IB3</channel>
    <channel update="i" site="sincroguia.tv" site_id="155" xmltv_id="Barça TV">Barça TV</channel>
    <channel update="i" site="sincroguia.tv" site_id="243" xmltv_id="8tv">8tv</channel>
    <channel update="i" site="sincroguia.tv" site_id="672" xmltv_id="Esport 3">Esport 3</channel>
    <channel update="i" site="sincroguia.tv" site_id="449" xmltv_id="3/24">3/24</channel>
    <channel update="i" site="sincroguia.tv" site_id="541" xmltv_id="Super3-33">Super3-33</channel>
    <channel update="i" site="sincroguia.tv" site_id="43" xmltv_id="TV3">TV3</channel>
    <channel update="i" site="sincroguia.tv" site_id="39" xmltv_id="La Otra">La Otra</channel>
    <channel update="i" site="sincroguia.tv" site_id="38" xmltv_id="Telemadrid">Telemadrid</channel>
    <channel update="i" site="sincroguia.tv" site_id="395" xmltv_id="Motors tv">Motors tv</channel>
    <channel update="i" site="sincroguia.tv" site_id="550" xmltv_id="Extreme Sports Channel">Extreme Sports Channel</channel>
    <channel update="i" site="sincroguia.tv" site_id="620" xmltv_id="Gol TV">Gol TV</channel>
    <channel update="i" site="sincroguia.tv" site_id="155" xmltv_id="Barça TV">Barça TV</channel>
    <channel update="i" site="sincroguia.tv" site_id="153" xmltv_id="Sportmanía">Sportmanía</channel>
    <channel update="i" site="sincroguia.tv" site_id="491" xmltv_id="Eurosport 2">Eurosport 2</channel>
    <channel update="i" site="sincroguia.tv" site_id="154" xmltv_id="Eurosport 1">Eurosport 1</channel>
    <channel update="i" site="sincroguia.tv" site_id="691" xmltv_id="Crimen &amp; Investigación">Crimen &amp; Investigación</channel>
    <channel update="i" site="sincroguia.tv" site_id="688" xmltv_id="Buzz">Buzz</channel>
    <channel update="i" site="sincroguia.tv" site_id="572" xmltv_id="Decasa">Decasa</channel>
    <channel update="i" site="sincroguia.tv" site_id="520" xmltv_id="Syfy">Syfy</channel>
    <channel update="i" site="sincroguia.tv" site_id="183" xmltv_id="Canal Cocina">Canal Cocina</channel>
    <channel update="i" site="sincroguia.tv" site_id="186" xmltv_id="COSMO">COSMO</channel>
    <channel update="i" site="sincroguia.tv" site_id="660" xmltv_id="FOX Life">FOX Life</channel>
    <channel update="i" site="sincroguia.tv" site_id="64" xmltv_id="Calle 13">Calle 13</channel>
    <channel update="i" site="sincroguia.tv" site_id="577" xmltv_id="TNT">TNT</channel>
    <channel update="i" site="sincroguia.tv" site_id="512" xmltv_id="AXN White">AXN White</channel>
    <channel update="i" site="sincroguia.tv" site_id="493" xmltv_id="Comedy Central HD">Comedy Central HD</channel>
    <channel update="i" site="sincroguia.tv" site_id="63" xmltv_id="AXN">AXN</channel>
    <channel update="i" site="sincroguia.tv" site_id="202" xmltv_id="FOX">FOX</channel>
    <channel update="i" site="sincroguia.tv" site_id="250" xmltv_id="Canal+ 1">Canal+ 1</channel>
    <channel update="i" site="sincroguia.tv" site_id="705" xmltv_id="VH1 Classic">VH1 Classic</channel>
    <channel update="i" site="sincroguia.tv" site_id="702" xmltv_id="MTV Live HD">MTV Live HD</channel>
    <channel update="i" site="sincroguia.tv" site_id="627" xmltv_id="MTV Music">MTV Music</channel>
    <channel update="i" site="sincroguia.tv" site_id="338" xmltv_id="Mezzo">Mezzo</channel>
    <channel update="i" site="sincroguia.tv" site_id="161" xmltv_id="MTV Hits">MTV Hits</channel>
    <channel update="i" site="sincroguia.tv" site_id="469" xmltv_id="MTV Dance">MTV Dance</channel>
    <channel update="i" site="sincroguia.tv" site_id="160" xmltv_id="MTV Rocks">MTV Rocks</channel>
    <channel update="i" site="sincroguia.tv" site_id="171" xmltv_id="Sol Música">Sol Música</channel>
    <channel update="i" site="sincroguia.tv" site_id="165" xmltv_id="VH1">VH1</channel>
    <channel update="i" site="sincroguia.tv" site_id="163" xmltv_id="40 TV">40 TV</channel>
    <channel update="i" site="sincroguia.tv" site_id="656" xmltv_id="Cazavisión">Cazavisión</channel>
    <channel update="i" site="sincroguia.tv" site_id="376" xmltv_id="arte">arte</channel>
    <channel update="i" site="sincroguia.tv" site_id="492" xmltv_id="A&amp;E">A&amp;E</channel>
    <channel update="i" site="sincroguia.tv" site_id="134" xmltv_id="Natura">Natura</channel>
    <channel update="i" site="sincroguia.tv" site_id="188" xmltv_id="Viajar">Viajar</channel>
    <channel update="i" site="sincroguia.tv" site_id="151" xmltv_id="National Geographic">National Geographic</channel>
    <channel update="i" site="sincroguia.tv" site_id="148" xmltv_id="Historia">Historia</channel>
    <channel update="i" site="sincroguia.tv" site_id="500" xmltv_id="Discovery Turbo">Discovery Turbo</channel>
    <channel update="i" site="sincroguia.tv" site_id="498" xmltv_id="Discovery Civilization">Discovery Civilization</channel>
    <channel update="i" site="sincroguia.tv" site_id="499" xmltv_id="Discovery Science">Discovery Science</channel>
    <channel update="i" site="sincroguia.tv" site_id="146" xmltv_id="Discovery Channel">Discovery Channel</channel>
    <channel update="i" site="sincroguia.tv" site_id="135" xmltv_id="Odisea">Odisea</channel>
    <channel update="i" site="sincroguia.tv" site_id="698" xmltv_id="Canal Panda">Canal Panda</channel>
    <channel update="i" site="sincroguia.tv" site_id="687" xmltv_id="Nick Junior">Nick Junior</channel>
    <channel update="i" site="sincroguia.tv" site_id="573" xmltv_id="BabyTV">BabyTV</channel>
    <channel update="i" site="sincroguia.tv" site_id="200" xmltv_id="Nickelodeon">Nickelodeon</channel>
    <channel update="i" site="sincroguia.tv" site_id="683" xmltv_id="Disney XD +1">Disney XD +1</channel>
    <channel update="i" site="sincroguia.tv" site_id="174" xmltv_id="Disney XD">Disney XD</channel>
    <channel update="i" site="sincroguia.tv" site_id="292" xmltv_id="Disney Junior">Disney Junior</channel>
    <channel update="i" site="sincroguia.tv" site_id="291" xmltv_id="Disney Channel +1">Disney Channel +1</channel>
    <channel update="i" site="sincroguia.tv" site_id="175" xmltv_id="Disney Channel">Disney Channel</channel>
    <channel update="i" site="sincroguia.tv" site_id="35" xmltv_id="ETB Sat">ETB Sat</channel>
    <channel update="i" site="sincroguia.tv" site_id="37" xmltv_id="Galicia TV">Galicia TV</channel>
    <channel update="i" site="sincroguia.tv" site_id="32" xmltv_id="Canal Sur Andalucía">Canal Sur Andalucía</channel>
    <channel update="i" site="sincroguia.tv" site_id="47" xmltv_id="TV3CAT">TV3CAT</channel>
    <channel update="i" site="sincroguia.tv" site_id="608" xmltv_id="France 24 (English)">France 24 (English)</channel>
    <channel update="i" site="sincroguia.tv" site_id="682" xmltv_id="RT español">RT español</channel>
    <channel update="i" site="sincroguia.tv" site_id="653" xmltv_id="VE PLUS TV">VE PLUS TV</channel>
    <channel update="i" site="sincroguia.tv" site_id="630" xmltv_id="Phoenix Infonews">Phoenix Infonews</channel>
    <channel update="i" site="sincroguia.tv" site_id="631" xmltv_id="Phoenix CNE">Phoenix CNE</channel>
    <channel update="i" site="sincroguia.tv" site_id="619" xmltv_id="CCTV E">CCTV E</channel>
    <channel update="i" site="sincroguia.tv" site_id="416" xmltv_id="TV Chile">TV Chile</channel>
    <channel update="i" site="sincroguia.tv" site_id="614" xmltv_id="teleSUR">teleSUR</channel>
    <channel update="i" site="sincroguia.tv" site_id="616" xmltv_id="Telefé Internacional">Telefé Internacional</channel>
    <channel update="i" site="sincroguia.tv" site_id="566" xmltv_id="Caracol TV">Caracol TV</channel>
    <channel update="i" site="sincroguia.tv" site_id="576" xmltv_id="Russia Today">Russia Today</channel>
    <channel update="i" site="sincroguia.tv" site_id="613" xmltv_id="Nuestra Tele">Nuestra Tele</channel>
    <channel update="i" site="sincroguia.tv" site_id="615" xmltv_id="TV Record">TV Record</channel>
    <channel update="i" site="sincroguia.tv" site_id="607" xmltv_id="AZ Mundo">AZ Mundo</channel>
    <channel update="i" site="sincroguia.tv" site_id="567" xmltv_id="Cubavisión Internacional">Cubavisión Internacional</channel>
    <channel update="i" site="sincroguia.tv" site_id="589" xmltv_id="Canal de las Estrellas Europa">Canal de las Estrellas Europa</channel>
    <channel update="i" site="sincroguia.tv" site_id="209" xmltv_id="TV5 Monde">TV5 Monde</channel>
    <channel update="i" site="sincroguia.tv" site_id="206" xmltv_id="Deutsche Welle">Deutsche Welle</channel>
    <channel update="i" site="sincroguia.tv" site_id="196" xmltv_id="Bloomberg">Bloomberg</channel>
    <channel update="i" site="sincroguia.tv" site_id="140" xmltv_id="Fox News">Fox News</channel>
    <channel update="i" site="sincroguia.tv" site_id="539" xmltv_id="Al Jazeera English">Al Jazeera English</channel>
    <channel update="i" site="sincroguia.tv" site_id="139" xmltv_id="Euronews">Euronews</channel>
    <channel update="i" site="sincroguia.tv" site_id="204" xmltv_id="CNBC Europe">CNBC Europe</channel>
    <channel update="i" site="sincroguia.tv" site_id="208" xmltv_id="BBC World">BBC World</channel>
    <channel update="i" site="sincroguia.tv" site_id="203" xmltv_id="CNN Internacional">CNN Internacional</channel>
    <channel update="i" site="sincroguia.tv" site_id="59" xmltv_id="TCM">TCM</channel>
    <channel update="i" site="sincroguia.tv" site_id="699" xmltv_id="Sundance TV">Sundance TV</channel>
    <channel update="i" site="sincroguia.tv" site_id="671" xmltv_id="Hollywood +1">Hollywood +1</channel>
    <channel update="i" site="sincroguia.tv" site_id="501" xmltv_id="Somos">Somos</channel>
    <channel update="i" site="sincroguia.tv" site_id="68" xmltv_id="Extreme Teuve">Extreme Teuve</channel>
    <channel update="i" site="sincroguia.tv" site_id="61" xmltv_id="Hollywood">Hollywood</channel>
    <channel update="i" site="sincroguia.tv" site_id="628" xmltv_id="TCM +1">TCM +1</channel>
    <channel update="i" site="sincroguia.tv" site_id="481" xmltv_id="AMC">AMC</channel>
    <channel update="i" site="sincroguia.tv" site_id="192" xmltv_id="Playboy TV">Playboy TV</channel>
    <channel update="i" site="sincroguia.tv" site_id="654" xmltv_id="Iberalia">Iberalia</channel>
    <channel update="i" site="sincroguia.tv" site_id="190" xmltv_id="EWTN">EWTN</channel>
    <channel update="i" site="sincroguia.tv" site_id="604" xmltv_id="Canal Parlamento">Canal Parlamento</channel>
    <channel update="i" site="sincroguia.tv" site_id="667" xmltv_id="TVE Internacional Asia">TVE Internacional Asia</channel>
    <channel update="i" site="sincroguia.tv" site_id="597" xmltv_id="TVE América II">TVE América II</channel>
    <channel update="i" site="sincroguia.tv" site_id="594" xmltv_id="TVE América I">TVE América I</channel>
    <channel update="i" site="sincroguia.tv" site_id="468" xmltv_id="TVE Internacional">TVE Internacional</channel>
    <channel update="i" site="sincroguia.tv" site_id="686" xmltv_id="TMV Valencia">TMV Valencia</channel>
    <channel update="i" site="sincroguia.tv" site_id="629" xmltv_id="ZTV">ZTV</channel>
    <channel update="i" site="sincroguia.tv" site_id="316" xmltv_id="Tele Elx">Tele Elx</channel>
    <channel update="i" site="sincroguia.tv" site_id="639" xmltv_id="Kiss tv">Kiss tv</channel>
    <channel update="i" site="sincroguia.tv" site_id="603" xmltv_id="Libertad Digital TV">Libertad Digital TV</channel>
    <channel update="i" site="sincroguia.tv" site_id="586" xmltv_id="8Madrid TV">8Madrid TV</channel>
    <channel update="i" site="sincroguia.tv" site_id="702" xmltv_id="MTV Live HD">MTV Live HD</channel>
    <channel update="i" site="sincroguia.tv" site_id="681" xmltv_id="National Geographic Wild HD">National Geographic Wild HD</channel>
    <channel update="i" site="sincroguia.tv" site_id="678" xmltv_id="AMC HD">AMC HD</channel>
    <channel update="i" site="sincroguia.tv" site_id="668" xmltv_id="TV3HD">TV3HD</channel>
    <channel update="i" site="sincroguia.tv" site_id="675" xmltv_id="Telemadrid HD">Telemadrid HD</channel>
    <channel update="i" site="sincroguia.tv" site_id="674" xmltv_id="laSextaHD">laSextaHD</channel>
    <channel update="i" site="sincroguia.tv" site_id="669" xmltv_id="Telecinco HD">Telecinco HD</channel>
    <channel update="i" site="sincroguia.tv" site_id="670" xmltv_id="Antena 3 HD">Antena 3 HD</channel>
    <channel update="i" site="sincroguia.tv" site_id="690" xmltv_id="La 1 HD">La 1 HD</channel>
    <!-- manually added -->
    <channel update="i" site="sincroguia.tv" site_id="743" xmltv_id="Futbol Replay">Futbol Replay</channel>
    <channel update="i" site="sincroguia.tv" site_id="748" xmltv_id="Mezzo Live">Mezzo Live</channel>
    <channel update="i" site="sincroguia.tv" site_id="751" xmltv_id="Canal 7 Televalencia">Canal 7 Televalencia</channel>
    <channel update="i" site="sincroguia.tv" site_id="753" xmltv_id="Onda Algeciras TV">Onda Algeciras TV</channel>
    <channel update="i" site="sincroguia.tv" site_id="754" xmltv_id="Popular TV Murcia">Popular TV Murcia</channel>
    <channel update="i" site="sincroguia.tv" site_id="778" xmltv_id="Toros TV">Toros TV</channel>
    <channel update="i" site="sincroguia.tv" site_id="784" xmltv_id="National Geographic Wild">National Geographic Wild</channel>
    <channel update="i" site="sincroguia.tv" site_id="786" xmltv_id="El Garage TV">El Garage TV</channel>
    <channel update="i" site="sincroguia.tv" site_id="841" xmltv_id="Mega">Mega</channel>
    <channel update="i" site="sincroguia.tv" site_id="843" xmltv_id="Movistar Series">Movistar Series</channel>
    <channel update="i" site="sincroguia.tv" site_id="844" xmltv_id="Movistar Series Xtra">Movistar Series Xtra</channel>
    <channel update="i" site="sincroguia.tv" site_id="845" xmltv_id="Movistar Estrenos">Movistar Estrenos</channel>
    <channel update="i" site="sincroguia.tv" site_id="847" xmltv_id="Movistar Acción">Movistar Acción</channel>
    <channel update="i" site="sincroguia.tv" site_id="848" xmltv_id="Movistar Comedia">Movistar Comedia</channel>
    <channel update="i" site="sincroguia.tv" site_id="849" xmltv_id="Movistar DCine">Movistar DCine</channel>
    <channel update="i" site="sincroguia.tv" site_id="870" xmltv_id="Viral TV">Viral TV</channel>
    <channel update="i" site="sincroguia.tv" site_id="883" xmltv_id="Atreseries">Atreseries</channel>
    <channel update="i" site="sincroguia.tv" site_id="889" xmltv_id="TEN">TEN</channel>
    <channel update="i" site="sincroguia.tv" site_id="892" xmltv_id="DKISS">DKISS</channel>
  </channels>
</site>
