﻿<?xml version="1.0" encoding="UTF-8"?>
<site generator-info-name="WebGrab+Plus/w MDB &amp; REX Postprocess -- version  V1.57 -- Jan van Straaten" site="mtrk.uz">
  <channels>
    <channel update="i" site="mtrk.uz" site_id="uz/uzbekistan" xmltv_id="O`zbekiston">O`zbekiston</channel>
    <channel update="i" site="mtrk.uz" site_id="uz/yoshlarr" xmltv_id="Yoshlar">Yoshlar</channel>
    <channel update="i" site="mtrk.uz" site_id="uz/sportt" xmltv_id="Sport">Sport</channel>
    <channel update="i" site="mtrk.uz" site_id="uz/tashkentt" xmltv_id="Toshkent">Toshkent</channel>
    <channel update="i" site="mtrk.uz" site_id="uz/madaniyatt" xmltv_id="Madaniyat va ma’rifat">Madaniyat va ma’rifat</channel>
    <channel update="i" site="mtrk.uz" site_id="uz/dunyoo" xmltv_id="Dunyo bo‘ylab">Dunyo bo‘ylab</channel>
    <channel update="i" site="mtrk.uz" site_id="uz/bolajonn" xmltv_id="Bolajon">Bolajon</channel>
    <channel update="i" site="mtrk.uz" site_id="uz/navoo" xmltv_id="Navo">Navo</channel>
    <channel update="i" site="mtrk.uz" site_id="uz/diyor" xmltv_id="Diyor">Diyor</channel>
    <channel update="i" site="mtrk.uz" site_id="uz/oilaviy" xmltv_id="Oilaviy">Oilaviy</channel>
    <channel update="i" site="mtrk.uz" site_id="uz/kinoteatr" xmltv_id="Kinoteatr">Kinoteatr</channel>
    <channel update="i" site="mtrk.uz" site_id="uz/uzhdd" xmltv_id="uzhd">uzhd</channel>
    <channel update="i" site="mtrk.uz" site_id="uz/mahalla" xmltv_id="Mahalla">Mahalla</channel>
  </channels>
</site>