﻿<?xml version="1.0" encoding="UTF-8"?>
<site generator-info-name="WebGrab+Plus/w MDB &amp; REX Postprocess -- version V2.0.6 -- Jan van Straaten" site="kwese.com">
  <channels>
    <channel update="i" site="kwese.com" site_id="Kwes%C3%A9_Info_L" xmltv_id="Kwesé Info">Kwesé Info</channel>
    <channel update="i" site="kwese.com" site_id="Kwes%C3%A9_Prime_L" xmltv_id="Kwesé Prime">Kwesé Prime</channel>
    <channel update="i" site="kwese.com" site_id="Kwes%C3%A9_Stories_L_0" xmltv_id="Kwesé Stories">Kwesé Stories</channel>
    <channel update="i" site="kwese.com" site_id="Kwes%C3%A9_Movies1_L" xmltv_id="Kwesé Movies1">Kwesé Movies1</channel>
    <channel update="i" site="kwese.com" site_id="Kwes%C3%A9_Movies2_L" xmltv_id="Kwesé Movies2">Kwesé Movies2</channel>
    <channel update="i" site="kwese.com" site_id="Kwes%C3%A9_Movies3_L" xmltv_id="Kwesé Movies3">Kwesé Movies3</channel>
    <channel update="i" site="kwese.com" site_id="AMC" xmltv_id="AMC">AMC</channel>
    <channel update="i" site="kwese.com" site_id="Viceland_0" xmltv_id="Viceland">Viceland</channel>
    <channel update="i" site="kwese.com" site_id="Passion" xmltv_id="Passion">Passion</channel>
    <channel update="i" site="kwese.com" site_id="AfricanMovieChannelSeries" xmltv_id="AfricanMovieChannelSeries">AfricanMovieChannelSeries</channel>
    <channel update="i" site="kwese.com" site_id="ZBollyNova" xmltv_id="ZBollyNova">ZBollyNova</channel>
    <channel update="i" site="kwese.com" site_id="ZBollyMovies" xmltv_id="ZBollyMovies">ZBollyMovies</channel>
    <channel update="i" site="kwese.com" site_id="AfricanMovieChannel_0" xmltv_id="AfricanMovieChannel">AfricanMovieChannel</channel>
    <channel update="i" site="kwese.com" site_id="TrueMovies_0" xmltv_id="TrueMovies">TrueMovies</channel>
    <channel update="i" site="kwese.com" site_id="CBSReality_0" xmltv_id="CBSReality">CBSReality</channel>
    <channel update="i" site="kwese.com" site_id="Kwese%CC%81_FreeSports_L_0_1" xmltv_id="Kwesé FreeSports">Kwesé FreeSports</channel>
    <channel update="i" site="kwese.com" site_id="Kwes%C3%A9_Sports1_L" xmltv_id="Kwesé Sports1">Kwesé Sports1</channel>
    <channel update="i" site="kwese.com" site_id="Kwes%C3%A9_Sports2_L" xmltv_id="Kwesé Sports2">Kwesé Sports2</channel>
    <channel update="i" site="kwese.com" site_id="ESPN" xmltv_id="ESPN">ESPN</channel>
    <channel update="i" site="kwese.com" site_id="NBATV_0" xmltv_id="NBATV">NBATV</channel>
    <channel update="i" site="kwese.com" site_id="ESportsTV" xmltv_id="ESportsTV">ESportsTV</channel>
    <channel update="i" site="kwese.com" site_id="LFCTV" xmltv_id="LFCTV">LFCTV</channel>
    <channel update="i" site="kwese.com" site_id="Kwes%C3%A9_Know_L" xmltv_id="Kwesé Know">Kwesé Know</channel>
    <channel update="i" site="kwese.com" site_id="Kwes%C3%A9_Inc_L" xmltv_id="Kwesé Inc">Kwesé Inc</channel>
    <channel update="i" site="kwese.com" site_id="Odisseia_0" xmltv_id="Odisseia">Odisseia</channel>
    <channel update="i" site="kwese.com" site_id="DTX_0" xmltv_id="DTX">DTX</channel>
    <channel update="i" site="kwese.com" site_id="AnimalPlanet" xmltv_id="AnimalPlanet">AnimalPlanet</channel>
    <channel update="i" site="kwese.com" site_id="DiscoveryScience_0" xmltv_id="DiscoveryScience">DiscoveryScience</channel>
    <channel update="i" site="kwese.com" site_id="IDX_0" xmltv_id="IDX">IDX</channel>
    <channel update="i" site="kwese.com" site_id="TravelChannel_0" xmltv_id="TravelChannel">TravelChannel</channel>
    <channel update="i" site="kwese.com" site_id="FLN_0" xmltv_id="FLN">FLN</channel>
    <channel update="i" site="kwese.com" site_id="FashionOne" xmltv_id="FashionOne">FashionOne</channel>
    <channel update="i" site="kwese.com" site_id="Kwes%C3%A9_Kids_L" xmltv_id="Kwesé Kids">Kwesé Kids</channel>
    <channel update="i" site="kwese.com" site_id="Dreamworks" xmltv_id="Dreamworks">Dreamworks</channel>
    <channel update="i" site="kwese.com" site_id="Pop" xmltv_id="Pop">Pop</channel>
    <channel update="i" site="kwese.com" site_id="JimJam_0" xmltv_id="JimJam">JimJam</channel>
    <channel update="i" site="kwese.com" site_id="Revolt" xmltv_id="Revolt">Revolt</channel>
    <channel update="i" site="kwese.com" site_id="TraceAfrica" xmltv_id="TraceAfrica">TraceAfrica</channel>
    <channel update="i" site="kwese.com" site_id="TraceMziki" xmltv_id="TraceMziki">TraceMziki</channel>
    <channel update="i" site="kwese.com" site_id="TraceGospel" xmltv_id="TraceGospel">TraceGospel</channel>
    <channel update="i" site="kwese.com" site_id="CNN_200px" xmltv_id="CNN">CNN</channel>
    <channel update="i" site="kwese.com" site_id="BBCWorldNews_0" xmltv_id="BBCWorldNews">BBCWorldNews</channel>
    <channel update="i" site="kwese.com" site_id="SkyNews" xmltv_id="SkyNews">SkyNews</channel>
    <channel update="i" site="kwese.com" site_id="TVCNews" xmltv_id="TVCNews">TVCNews</channel>
    <channel update="i" site="kwese.com" site_id="AfricaNews_0" xmltv_id="AfricaNews">AfricaNews</channel>
    <channel update="i" site="kwese.com" site_id="Aljazeera_0" xmltv_id="Aljazeera">Aljazeera</channel>
    <channel update="i" site="kwese.com" site_id="Bloomberg_0" xmltv_id="Bloomberg">Bloomberg</channel>
    <channel update="i" site="kwese.com" site_id="CNBCAfrica_200px_0" xmltv_id="CNBCAfrica">CNBCAfrica</channel>
    <channel update="i" site="kwese.com" site_id="France24" xmltv_id="France24">France24</channel>
    <channel update="i" site="kwese.com" site_id="DW_200px" xmltv_id="DW">DW</channel>
    <channel update="i" site="kwese.com" site_id="DoveTelevision_200px_0" xmltv_id="DoveTelevision">DoveTelevision</channel>
    <channel update="i" site="kwese.com" site_id="HillsongChannel_200px_0" xmltv_id="HillsongChannel">HillsongChannel</channel>
    <channel update="i" site="kwese.com" site_id="EWTN_200px_0" xmltv_id="EWTN">EWTN</channel>
    <channel update="i" site="kwese.com" site_id="FlowTV_200px_0" xmltv_id="FlowTV">FlowTV</channel>
    <channel update="i" site="kwese.com" site_id="Kwese_FreeSports_L" xmltv_id="Kwese FreeSports">Kwese FreeSports</channel>
  </channels>
</site>