﻿<?xml version="1.0" encoding="UTF-8"?>
<site generator-info-name="WebGrab+Plus/w MDB &amp; REX Postprocess -- version V1.56.23 -- Jan van Straaten" site="zuku.co">
  <channels>
    <channel update="i" site="zuku.co" site_id="BET" xmltv_id="BET">BET</channel>
    <channel update="i" site="zuku.co" site_id="Zuku+Nolly" xmltv_id="Zuku Nolly">Zuku Nolly</channel>
    <channel update="i" site="zuku.co" site_id="Viasat+Explore" xmltv_id="Viasat Explore">Viasat Explore</channel>
    <channel update="i" site="zuku.co" site_id="Nat+Geo+Gold" xmltv_id="Nat Geo Gold">Nat Geo Gold</channel>
    <channel update="i" site="zuku.co" site_id="CCTV+9+Documentary" xmltv_id="CCTV 9 Documentary">CCTV 9 Documentary</channel>
    <channel update="i" site="zuku.co" site_id="BBC+World+News" xmltv_id="BBC World News">BBC World News</channel>
    <channel update="i" site="zuku.co" site_id="TVC+News" xmltv_id="TVC News">TVC News</channel>
    <channel update="i" site="zuku.co" site_id="CCTV+News" xmltv_id="CCTV News">CCTV News</channel>
    <channel update="i" site="zuku.co" site_id="BabyTV" xmltv_id="BabyTV">BabyTV</channel>
    <channel update="i" site="zuku.co" site_id="Duck+TV" xmltv_id="Duck TV">Duck TV</channel>
    <channel update="i" site="zuku.co" site_id="Nickelodeon" xmltv_id="Nickelodeon">Nickelodeon</channel>
    <channel update="i" site="zuku.co" site_id="Ginx+TV" xmltv_id="Ginx TV">Ginx TV</channel>
    <channel update="i" site="zuku.co" site_id="Viasat+Crime" xmltv_id="Viasat Crime">Viasat Crime</channel>
    <channel update="i" site="zuku.co" site_id="CCTV-4+(Chinese)" xmltv_id="CCTV-4 (Chinese)">CCTV-4 (Chinese)</channel>
    <channel update="i" site="zuku.co" site_id="Hope+International" xmltv_id="Hope International">Hope International</channel>
    <channel update="i" site="zuku.co" site_id="Ahlulbayt+TV" xmltv_id="Ahlulbayt TV">Ahlulbayt TV</channel>
    <channel update="i" site="zuku.co" site_id="Life+Ok" xmltv_id="Life Ok">Life Ok</channel>
    <channel update="i" site="zuku.co" site_id="Star+Gold" xmltv_id="Star Gold">Star Gold</channel>
    <channel update="i" site="zuku.co" site_id="NDTV+Profit" xmltv_id="NDTV Profit">NDTV Profit</channel>
    <channel update="i" site="zuku.co" site_id="NDTV+24x7" xmltv_id="NDTV 24x7">NDTV 24x7</channel>
    <channel update="i" site="zuku.co" site_id="NDTV+Good+Times" xmltv_id="NDTV Good Times">NDTV Good Times</channel>
    <channel update="i" site="zuku.co" site_id="B4U+Music" xmltv_id="B4U Music">B4U Music</channel>
  </channels>
</site>