<?xml version="1.0" encoding="UTF-8"?>
<site generator-info-name="WebGrab+Plus/w MDB &amp; REX Postprocess -- version  V2.0 -- Jan van Straaten" site="dsmart.com.tr">
  <channels>
    <channel update="i" site="dsmart.com.tr" site_id="58d29bb0eefad3db9c60624e" xmltv_id="Animal Planet Hd">Animal Planet Hd</channel>
    <channel update="i" site="dsmart.com.tr" site_id="58d29bb0eefad3db9c60628f" xmltv_id="MovieSmart Family HD">MovieSmart Family HD</channel>
    <channel update="i" site="dsmart.com.tr" site_id="58d29bb0eefad3db9c606258" xmltv_id="KAnal D Hd">KAnal D Hd</channel>
    <channel update="i" site="dsmart.com.tr" site_id="58d29bb0eefad3db9c606290" xmltv_id="MovieSmart Premium HD">MovieSmart Premium HD</channel>
    <channel update="i" site="dsmart.com.tr" site_id="58d29bb0eefad3db9c606291" xmltv_id="MovieSmart Premium 2 HD">MovieSmart Premium 2 HD</channel>
    <channel update="i" site="dsmart.com.tr" site_id="58d29bb0eefad3db9c606292" xmltv_id="MovieSmart Platin HD">MovieSmart Platin HD</channel>
    <channel update="i" site="dsmart.com.tr" site_id="58d29bb0eefad3db9c6062b5" xmltv_id="Smart Çocuk">Smart Çocuk</channel>
    <channel update="i" site="dsmart.com.tr" site_id="58d29bb0eefad3db9c606293" xmltv_id="MovieSmart Platin 2 HD">MovieSmart Platin 2 HD</channel>
    <channel update="i" site="dsmart.com.tr" site_id="58d29bb0eefad3db9c606260" xmltv_id="MovieSmart Gold HD">MovieSmart Gold HD</channel>
    <channel update="i" site="dsmart.com.tr" site_id="58d29bb0eefad3db9c6062b6" xmltv_id="Da Vinci">Da Vinci</channel>
    <channel update="i" site="dsmart.com.tr" site_id="58d29bb0eefad3db9c6062bd" xmltv_id="Viasat History HD">Viasat History HD</channel>
    <channel update="i" site="dsmart.com.tr" site_id="58d29bb0eefad3db9c606259" xmltv_id="Star Tv HD">Star Tv HD</channel>
    <channel update="i" site="dsmart.com.tr" site_id="58d29bb0eefad3db9c60624f" xmltv_id="Nhk">Nhk</channel>
    <channel update="i" site="dsmart.com.tr" site_id="58d29bb0eefad3db9c6062b4" xmltv_id="FightBox HD">FightBox HD</channel>
    <channel update="i" site="dsmart.com.tr" site_id="58d29bb0eefad3db9c606297" xmltv_id="Kidz Animez Tv">Kidz Animez Tv</channel>
    <channel update="i" site="dsmart.com.tr" site_id="58d29bb0eefad3db9c6062c3" xmltv_id="E Entertainment">E Entertainment</channel>
    <channel update="i" site="dsmart.com.tr" site_id="58d29bb0eefad3db9c6062c8" xmltv_id="Cartoon Network">Cartoon Network</channel>
    <channel update="i" site="dsmart.com.tr" site_id="58d29bb0eefad3db9c606261" xmltv_id="MovieSmart Fest HD">MovieSmart Fest HD</channel>
    <channel update="i" site="dsmart.com.tr" site_id="58d29bb0eefad3db9c606299" xmltv_id="MovieSmart Türk HD">MovieSmart Türk HD</channel>
    <channel update="i" site="dsmart.com.tr" site_id="58d29bb0eefad3db9c6062b8" xmltv_id="CNN İnternational">CNN İnternational</channel>
    <channel update="i" site="dsmart.com.tr" site_id="58d29bb0eefad3db9c60622b" xmltv_id="Kanal D">Kanal D</channel>
    <channel update="i" site="dsmart.com.tr" site_id="58d29bb0eefad3db9c60622c" xmltv_id="Show TV">Show TV</channel>
    <channel update="i" site="dsmart.com.tr" site_id="58d29bb0eefad3db9c60622d" xmltv_id="STAR TV">STAR TV</channel>
    <channel update="i" site="dsmart.com.tr" site_id="58d29bb0eefad3db9c606247" xmltv_id="ATV Turkiye">ATV Turkiye</channel>
    <channel update="i" site="dsmart.com.tr" site_id="58d29bb0eefad3db9c60622f" xmltv_id="TRT 1">TRT 1</channel>
    <channel update="i" site="dsmart.com.tr" site_id="58d29bb0eefad3db9c606239" xmltv_id="Kanal 7">Kanal 7</channel>
    <channel update="i" site="dsmart.com.tr" site_id="58d29bb0eefad3db9c60623b" xmltv_id="FOX">FOX</channel>
    <channel update="i" site="dsmart.com.tr" site_id="58d29bb0eefad3db9c606254" xmltv_id="Ntv Avrupa">Ntv Avrupa</channel>
    <channel update="i" site="dsmart.com.tr" site_id="58d29bb0eefad3db9c60623a" xmltv_id="NTV Turkiye">NTV Turkiye</channel>
    <channel update="i" site="dsmart.com.tr" site_id="58d29bb0eefad3db9c606230" xmltv_id="TRT Haber">TRT Haber</channel>
    <channel update="i" site="dsmart.com.tr" site_id="58d29bb0eefad3db9c606232" xmltv_id="Haberturk">Haberturk</channel>
    <channel update="i" site="dsmart.com.tr" site_id="58d29bb0eefad3db9c60622e" xmltv_id="24">24</channel>
    <channel update="i" site="dsmart.com.tr" site_id="58d29bb0eefad3db9c60629b" xmltv_id="Show TV HD">Show TV HD</channel>
    <channel update="i" site="dsmart.com.tr" site_id="58d29bb0eefad3db9c606238" xmltv_id="TLC">TLC</channel>
    <channel update="i" site="dsmart.com.tr" site_id="58d29bb0eefad3db9c606233" xmltv_id="TV 8">TV 8</channel>
    <channel update="i" site="dsmart.com.tr" site_id="58d29bb0eefad3db9c6062cb" xmltv_id="tv8,5">tv8,5</channel>
    <channel update="i" site="dsmart.com.tr" site_id="58d29bb0eefad3db9c60629c" xmltv_id="Kanal 7 HD">Kanal 7 HD</channel>
    <channel update="i" site="dsmart.com.tr" site_id="58d29bb0eefad3db9c606296" xmltv_id="Sports Tv">Sports Tv</channel>
    <channel update="i" site="dsmart.com.tr" site_id="58d29bb0eefad3db9c606235" xmltv_id="FB TV">FB TV</channel>
    <channel update="i" site="dsmart.com.tr" site_id="58d29bb0eefad3db9c606256" xmltv_id="bbchd">bbchd</channel>
    <channel update="i" site="dsmart.com.tr" site_id="58d29bb0eefad3db9c606246" xmltv_id="NTV SPOR">NTV SPOR</channel>
    <channel update="i" site="dsmart.com.tr" site_id="58d29bb0eefad3db9c606255" xmltv_id="Trt Hd">Trt Hd</channel>
    <channel update="i" site="dsmart.com.tr" site_id="58d29bb0eefad3db9c60629d" xmltv_id="Haberturk HD">Haberturk HD</channel>
    <channel update="i" site="dsmart.com.tr" site_id="58d29bb0eefad3db9c606276" xmltv_id="Tvnet">Tvnet</channel>
    <channel update="i" site="dsmart.com.tr" site_id="58d29bb0eefad3db9c60629e" xmltv_id="TVNET HD">TVNET HD</channel>
    <channel update="i" site="dsmart.com.tr" site_id="58d29bb0eefad3db9c6062a0" xmltv_id="FOX HD">FOX HD</channel>
    <channel update="i" site="dsmart.com.tr" site_id="58d29bb0eefad3db9c6062a3" xmltv_id="A Spor">A Spor</channel>
    <channel update="i" site="dsmart.com.tr" site_id="58d29bb0eefad3db9c6062aa" xmltv_id="EuroSport HD">EuroSport HD</channel>
    <channel update="i" site="dsmart.com.tr" site_id="58d29bb0eefad3db9c606245" xmltv_id="Number One Türk">Number One Türk</channel>
    <channel update="i" site="dsmart.com.tr" site_id="58d29bb0eefad3db9c6062a4" xmltv_id="Nat Geo HD">Nat Geo HD</channel>
    <channel update="i" site="dsmart.com.tr" site_id="58d29bb0eefad3db9c6062a5" xmltv_id="Nat Geo Wild HD">Nat Geo Wild HD</channel>
    <channel update="i" site="dsmart.com.tr" site_id="58d29bb0eefad3db9c6062a6" xmltv_id="Nat Geo People HD">Nat Geo People HD</channel>
    <channel update="i" site="dsmart.com.tr" site_id="58d29bb0eefad3db9c6062a7" xmltv_id="GENC TV">GENC TV</channel>
    <channel update="i" site="dsmart.com.tr" site_id="58d29bb0eefad3db9c6062a2" xmltv_id="Power Tv">Power Tv</channel>
    <channel update="i" site="dsmart.com.tr" site_id="58d29bb0eefad3db9c60623c" xmltv_id="Number One TV">Number One TV</channel>
    <channel update="i" site="dsmart.com.tr" site_id="58d29bb0eefad3db9c606234" xmltv_id="POWERTURK TV">POWERTURK TV</channel>
    <channel update="i" site="dsmart.com.tr" site_id="58d29bb0eefad3db9c606241" xmltv_id="KRAL TV">KRAL TV</channel>
    <channel update="i" site="dsmart.com.tr" site_id="58d29bb0eefad3db9c606249" xmltv_id="AIRPORT TV">AIRPORT TV</channel>
    <channel update="i" site="dsmart.com.tr" site_id="58d29bb0eefad3db9c6062ab" xmltv_id="Number One HD">Number One HD</channel>
    <channel update="i" site="dsmart.com.tr" site_id="58d29bb0eefad3db9c6062ac" xmltv_id="Power HD Türk">Power HD Türk</channel>
    <channel update="i" site="dsmart.com.tr" site_id="58d29bb0eefad3db9c6062b0" xmltv_id="Uçankuş TV">Uçankuş TV</channel>
    <channel update="i" site="dsmart.com.tr" site_id="58d29bb0eefad3db9c606250" xmltv_id="Meltem Tv">Meltem Tv</channel>
    <channel update="i" site="dsmart.com.tr" site_id="58d29bb0eefad3db9c6062ae" xmltv_id="TV 8 HD">TV 8 HD</channel>
    <channel update="i" site="dsmart.com.tr" site_id="58d29bb0eefad3db9c606257" xmltv_id="Minika Go">Minika Go</channel>
    <channel update="i" site="dsmart.com.tr" site_id="58d29bb0eefad3db9c6062b2" xmltv_id="A Spor HD">A Spor HD</channel>
    <channel update="i" site="dsmart.com.tr" site_id="58d29bb0eefad3db9c60624c" xmltv_id="Trt Türk">Trt Türk</channel>
    <channel update="i" site="dsmart.com.tr" site_id="58d29bb0eefad3db9c60624b" xmltv_id="Trt Avaz">Trt Avaz</channel>
    <channel update="i" site="dsmart.com.tr" site_id="58d29bb0eefad3db9c60624a" xmltv_id="TRT6">TRT6</channel>
    <channel update="i" site="dsmart.com.tr" site_id="58d29bb0eefad3db9c606231" xmltv_id="TRT 3">TRT 3</channel>
    <channel update="i" site="dsmart.com.tr" site_id="58d29bb0eefad3db9c606244" xmltv_id="TRT 4">TRT 4</channel>
    <channel update="i" site="dsmart.com.tr" site_id="58d29bb0eefad3db9c6062a8" xmltv_id="TRT Belgesel HD">TRT Belgesel HD</channel>
    <channel update="i" site="dsmart.com.tr" site_id="58d29bb0eefad3db9c606237" xmltv_id="Flash TV">Flash TV</channel>
    <channel update="i" site="dsmart.com.tr" site_id="58d29bb0eefad3db9c6062a9" xmltv_id="TRT Spor HD">TRT Spor HD</channel>
    <channel update="i" site="dsmart.com.tr" site_id="58d29bb0eefad3db9c60623f" xmltv_id="Kanal A">Kanal A</channel>
    <channel update="i" site="dsmart.com.tr" site_id="58d29bb0eefad3db9c606240" xmltv_id="Kanal B">Kanal B</channel>
    <channel update="i" site="dsmart.com.tr" site_id="58d29bb0eefad3db9c60623e" xmltv_id="Bloomberg Ht">Bloomberg Ht</channel>
    <channel update="i" site="dsmart.com.tr" site_id="58d29bb0eefad3db9c60627e" xmltv_id="The Fight Network">The Fight Network</channel>
    <channel update="i" site="dsmart.com.tr" site_id="58d29bb0eefad3db9c606243" xmltv_id="ULKE TV">ULKE TV</channel>
    <channel update="i" site="dsmart.com.tr" site_id="58d29bb0eefad3db9c606236" xmltv_id="Sky Turk 360">Sky Turk 360</channel>
    <channel update="i" site="dsmart.com.tr" site_id="58d29bb0eefad3db9c60623d" xmltv_id="TGRT Haber">TGRT Haber</channel>
    <channel update="i" site="dsmart.com.tr" site_id="58d29bb0eefad3db9c60629f" xmltv_id="Ulke Tv HD">Ulke Tv HD</channel>
    <channel update="i" site="dsmart.com.tr" site_id="58d29bb0eefad3db9c606242" xmltv_id="Ulusal Kanal">Ulusal Kanal</channel>
    <channel update="i" site="dsmart.com.tr" site_id="58d29bb0eefad3db9c606298" xmltv_id="Beyaz Tv Hd">Beyaz Tv Hd</channel>
    <channel update="i" site="dsmart.com.tr" site_id="58d29bb0eefad3db9c60625a" xmltv_id="Dizi Premium HD">Dizi Premium HD</channel>
    <channel update="i" site="dsmart.com.tr" site_id="58d29bb0eefad3db9c60628e" xmltv_id="Discovery Science Hd">Discovery Science Hd</channel>
    <channel update="i" site="dsmart.com.tr" site_id="58d29bb0eefad3db9c6062b9" xmltv_id="Boomerang HD">Boomerang HD</channel>
    <channel update="i" site="dsmart.com.tr" site_id="58d29bb0eefad3db9c606248" xmltv_id="Discovery channel">Discovery channel</channel>
    <channel update="i" site="dsmart.com.tr" site_id="58d29bb0eefad3db9c6062c9" xmltv_id="Life Time">Life Time</channel>
    <channel update="i" site="dsmart.com.tr" site_id="58d29bb0eefad3db9c606279" xmltv_id="Kanal T">Kanal T</channel>
    <channel update="i" site="dsmart.com.tr" site_id="58d29bb0eefad3db9c60625b" xmltv_id="MovieSmart Action HD">MovieSmart Action HD</channel>
    <channel update="i" site="dsmart.com.tr" site_id="58d29bb0eefad3db9c60625d" xmltv_id="A Haber">A Haber</channel>
    <channel update="i" site="dsmart.com.tr" site_id="58d29bb0eefad3db9c60625e" xmltv_id="A Haber HD">A Haber HD</channel>
    <channel update="i" site="dsmart.com.tr" site_id="58d29bb0eefad3db9c60625f" xmltv_id="Atv HD">Atv HD</channel>
    <channel update="i" site="dsmart.com.tr" site_id="58d29bb0eefad3db9c60629a" xmltv_id="MovieSmart Classic HD">MovieSmart Classic HD</channel>
    <channel update="i" site="dsmart.com.tr" site_id="58d29bb0eefad3db9c606262" xmltv_id="Trt Diyanet">Trt Diyanet</channel>
    <channel update="i" site="dsmart.com.tr" site_id="58d29bb0eefad3db9c606263" xmltv_id="Trt Okul">Trt Okul</channel>
    <channel update="i" site="dsmart.com.tr" site_id="58d29bb0eefad3db9c606266" xmltv_id="Trt Müzik">Trt Müzik</channel>
    <channel update="i" site="dsmart.com.tr" site_id="58d29bb0eefad3db9c606264" xmltv_id="Trt Belgesel">Trt Belgesel</channel>
    <channel update="i" site="dsmart.com.tr" site_id="58d29bb0eefad3db9c606265" xmltv_id="Trt Arapca">Trt Arapca</channel>
    <channel update="i" site="dsmart.com.tr" site_id="58d29bb0eefad3db9c606267" xmltv_id="Kral Pop">Kral Pop</channel>
    <channel update="i" site="dsmart.com.tr" site_id="58d29bb0eefad3db9c606268" xmltv_id="Fox Crime Hd">Fox Crime Hd</channel>
    <channel update="i" site="dsmart.com.tr" site_id="58d29bb0eefad3db9c606269" xmltv_id="Fx Hd">Fx Hd</channel>
    <channel update="i" site="dsmart.com.tr" site_id="58d29bb0eefad3db9c6062a1" xmltv_id="Tv2 HD">Tv2 HD</channel>
    <channel update="i" site="dsmart.com.tr" site_id="58d29bb0eefad3db9c60626c" xmltv_id="Disney Channel">Disney Channel</channel>
    <channel update="i" site="dsmart.com.tr" site_id="58d29bb0eefad3db9c60626d" xmltv_id="Minika Çocuk">Minika Çocuk</channel>
    <channel update="i" site="dsmart.com.tr" site_id="58d29bb0eefad3db9c60626e" xmltv_id="NBA TV HD">NBA TV HD</channel>
    <channel update="i" site="dsmart.com.tr" site_id="58d29bb0eefad3db9c60626f" xmltv_id="World Travel Channel">World Travel Channel</channel>
    <channel update="i" site="dsmart.com.tr" site_id="58d29bb0eefad3db9c6062ad" xmltv_id="World Beauty Channel">World Beauty Channel</channel>
    <channel update="i" site="dsmart.com.tr" site_id="58d29bb0eefad3db9c606270" xmltv_id="Trt Spor">Trt Spor</channel>
    <channel update="i" site="dsmart.com.tr" site_id="58d29bb0eefad3db9c606271" xmltv_id="Fox Sports Hd">Fox Sports Hd</channel>
    <channel update="i" site="dsmart.com.tr" site_id="58d29bb0eefad3db9c606272" xmltv_id="Tmb">Tmb</channel>
    <channel update="i" site="dsmart.com.tr" site_id="58d29bb0eefad3db9c606273" xmltv_id="Ege Tv">Ege Tv</channel>
    <channel update="i" site="dsmart.com.tr" site_id="58d29bb0eefad3db9c606274" xmltv_id="Trt 1 Hd">Trt 1 Hd</channel>
    <channel update="i" site="dsmart.com.tr" site_id="58d29bb0eefad3db9c606275" xmltv_id="Expo Channel">Expo Channel</channel>
    <channel update="i" site="dsmart.com.tr" site_id="58d29bb0eefad3db9c606278" xmltv_id="Max Smart Premium Hd">Max Smart Premium Hd</channel>
    <channel update="i" site="dsmart.com.tr" site_id="58d29bb0eefad3db9c60627a" xmltv_id="Tv2">Tv2</channel>
    <channel update="i" site="dsmart.com.tr" site_id="58d29bb0eefad3db9c60627b" xmltv_id="24 Kitchen Hd">24 Kitchen Hd</channel>
    <channel update="i" site="dsmart.com.tr" site_id="58d29bb0eefad3db9c60627c" xmltv_id="Semerkand Tv">Semerkand Tv</channel>
    <channel update="i" site="dsmart.com.tr" site_id="58d29bb0eefad3db9c60627d" xmltv_id="Semerkand Tv Hd">Semerkand Tv Hd</channel>
    <channel update="i" site="dsmart.com.tr" site_id="58d29bb0eefad3db9c60627f" xmltv_id="Food Network HD">Food Network HD</channel>
    <channel update="i" site="dsmart.com.tr" site_id="58d29bb0eefad3db9c606280" xmltv_id="FOX LIFE HD">FOX LIFE HD</channel>
    <channel update="i" site="dsmart.com.tr" site_id="58d29bb0eefad3db9c606281" xmltv_id="Eurosport 2 Hd">Eurosport 2 Hd</channel>
    <channel update="i" site="dsmart.com.tr" site_id="58d29bb0eefad3db9c606282" xmltv_id="NTV SPOR HD">NTV SPOR HD</channel>
    <channel update="i" site="dsmart.com.tr" site_id="58d29bb0eefad3db9c606283" xmltv_id="DTX">DTX</channel>
    <channel update="i" site="dsmart.com.tr" site_id="58d29bb0eefad3db9c606284" xmltv_id="Planet Çocuk">Planet Çocuk</channel>
    <channel update="i" site="dsmart.com.tr" site_id="58d29bb0eefad3db9c606285" xmltv_id="Planet Pembe">Planet Pembe</channel>
    <channel update="i" site="dsmart.com.tr" site_id="58d29bb0eefad3db9c606286" xmltv_id="Planet Mutfak">Planet Mutfak</channel>
    <channel update="i" site="dsmart.com.tr" site_id="58d29bb0eefad3db9c606287" xmltv_id="Planet Türk">Planet Türk</channel>
    <channel update="i" site="dsmart.com.tr" site_id="58d29bb0eefad3db9c606288" xmltv_id="Halk Tv">Halk Tv</channel>
    <channel update="i" site="dsmart.com.tr" site_id="58d29bb0eefad3db9c606289" xmltv_id="Trt Haber Hd">Trt Haber Hd</channel>
    <channel update="i" site="dsmart.com.tr" site_id="58d29bb0eefad3db9c60628a" xmltv_id="Smart Sport HD">Smart Sport HD</channel>
    <channel update="i" site="dsmart.com.tr" site_id="58d29bb0eefad3db9c60628b" xmltv_id="Smartspor2 HD">Smartspor2 HD</channel>
    <channel update="i" site="dsmart.com.tr" site_id="58d29bb0eefad3db9c6062cc" xmltv_id="Trt World">Trt World</channel>
    <channel update="i" site="dsmart.com.tr" site_id="58d29bb0eefad3db9c60628c" xmltv_id="Dream Tv">Dream Tv</channel>
    <channel update="i" site="dsmart.com.tr" site_id="58d29bb0eefad3db9c60628d" xmltv_id="Dream Türk">Dream Türk</channel>
    <channel update="i" site="dsmart.com.tr" site_id="58d29bb0eefad3db9c6062af" xmltv_id="Flash Tv HD">Flash Tv HD</channel>
    <channel update="i" site="dsmart.com.tr" site_id="58d29bb0eefad3db9c6062b1" xmltv_id="Fil Tv">Fil Tv</channel>
    <channel update="i" site="dsmart.com.tr" site_id="58d29bb0eefad3db9c6062b3" xmltv_id="Power Tv Hd">Power Tv Hd</channel>
    <channel update="i" site="dsmart.com.tr" site_id="58d29bb0eefad3db9c6062ba" xmltv_id="FilmBox HD">FilmBox HD</channel>
    <channel update="i" site="dsmart.com.tr" site_id="58d29bb0eefad3db9c6062bb" xmltv_id="Outdoor">Outdoor</channel>
    <channel update="i" site="dsmart.com.tr" site_id="58d29bb0eefad3db9c6062bc" xmltv_id="BBC Earth">BBC Earth</channel>
    <channel update="i" site="dsmart.com.tr" site_id="58d29bb0eefad3db9c6062be" xmltv_id="Docubox">Docubox</channel>
    <channel update="i" site="dsmart.com.tr" site_id="58d29bb0eefad3db9c6062bf" xmltv_id="FAST &amp; FUN">FAST &amp; FUN</channel>
    <channel update="i" site="dsmart.com.tr" site_id="58d29bb0eefad3db9c6062c0" xmltv_id="Number 1 Türk HD">Number 1 Türk HD</channel>
    <channel update="i" site="dsmart.com.tr" site_id="58d29bb0eefad3db9c6062c1" xmltv_id="Test">Test</channel>
    <channel update="i" site="dsmart.com.tr" site_id="58d29bb0eefad3db9c6062b7" xmltv_id="Baby TV">Baby TV</channel>
    <channel update="i" site="dsmart.com.tr" site_id="58d29bb0eefad3db9c6062c2" xmltv_id="FashionOne TV">FashionOne TV</channel>
    <channel update="i" site="dsmart.com.tr" site_id="58d29bb0eefad3db9c6062ca" xmltv_id="Kültürtürk Tv">Kültürtürk Tv</channel>
    <channel update="i" site="dsmart.com.tr" site_id="58d29bb0eefad3db9c6062c4" xmltv_id="Fashion Tv">Fashion Tv</channel>
    <channel update="i" site="dsmart.com.tr" site_id="58d29bb0eefad3db9c6062c5" xmltv_id="Trace Urban">Trace Urban</channel>
    <channel update="i" site="dsmart.com.tr" site_id="58d29bb0eefad3db9c6062c6" xmltv_id="BBc World News">BBc World News</channel>
    <channel update="i" site="dsmart.com.tr" site_id="58d29bb0eefad3db9c6062c7" xmltv_id="Medine Tv">Medine Tv</channel>
    <channel update="i" site="dsmart.com.tr" site_id="58d29bb0eefad3db9c606252" xmltv_id="Atv Avrupa">Atv Avrupa</channel>
    <channel update="i" site="dsmart.com.tr" site_id="58d29bb0eefad3db9c606253" xmltv_id="Kanal 7 İnt">Kanal 7 İnt</channel>
    <channel update="i" site="dsmart.com.tr" site_id="58d29bb0eefad3db9c60626b" xmltv_id="Tvem">Tvem</channel>
    <channel update="i" site="dsmart.com.tr" site_id="58d29bb0eefad3db9c606251" xmltv_id="Show Türk">Show Türk</channel>
  </channels>
</site>
