﻿<?xml version="1.0" encoding="UTF-8"?>
<site generator-info-name="WebGrab+Plus/w MDB &amp; REX Postprocess -- version V1.56.23.1 -- Jan van Straaten" site="hurriyet.com.tr">
  <channels>
    <channel update="i" site="hurriyet.com.tr" site_id="/yayin-akisi/94/0/KANAL-D" xmltv_id="KANAL D">KANAL D</channel>
    <channel update="i" site="hurriyet.com.tr" site_id="/yayin-akisi/20/1/CNN-TÜRK" xmltv_id="CNN TÃœRK">CNN TÃœRK</channel>
    <channel update="i" site="hurriyet.com.tr" site_id="/yayin-akisi/90/2/STAR-TV" xmltv_id="STAR TV">STAR TV</channel>
    <channel update="i" site="hurriyet.com.tr" site_id="/yayin-akisi/92/3/SHOW-TV" xmltv_id="SHOW TV">SHOW TV</channel>
    <channel update="i" site="hurriyet.com.tr" site_id="/yayin-akisi/83/4/ATV" xmltv_id="ATV">ATV</channel>
    <channel update="i" site="hurriyet.com.tr" site_id="/yayin-akisi/15/5/TRT-1" xmltv_id="TRT 1">TRT 1</channel>
    <channel update="i" site="hurriyet.com.tr" site_id="/yayin-akisi/21/6/NTV" xmltv_id="NTV">NTV</channel>
    <channel update="i" site="hurriyet.com.tr" site_id="/yayin-akisi/87/7/FOX" xmltv_id="FOX">FOX</channel>
    <channel update="i" site="hurriyet.com.tr" site_id="/yayin-akisi/24/8/TV8" xmltv_id="TV8">TV8</channel>
    <channel update="i" site="hurriyet.com.tr" site_id="/yayin-akisi/30/9/360" xmltv_id="360">360</channel>
    <channel update="i" site="hurriyet.com.tr" site_id="/yayin-akisi/295/10/BLOOMBERG-HT" xmltv_id="BLOOMBERG HT">BLOOMBERG HT</channel>
    <channel update="i" site="hurriyet.com.tr" site_id="/yayin-akisi/365/11/A-HABER" xmltv_id="A HABER">A HABER</channel>
    <channel update="i" site="hurriyet.com.tr" site_id="/yayin-akisi/95/12/KANAL-7" xmltv_id="KANAL 7">KANAL 7</channel>
    <channel update="i" site="hurriyet.com.tr" site_id="/yayin-akisi/105/13/24" xmltv_id="24">24</channel>
    <channel update="i" site="hurriyet.com.tr" site_id="/yayin-akisi/132/14/TV2" xmltv_id="TV2">TV2</channel>
    <channel update="i" site="hurriyet.com.tr" site_id="/yayin-akisi/22/15/HABERTÜRK" xmltv_id="HABERTÃœRK">HABERTÃœRK</channel>
    <channel update="i" site="hurriyet.com.tr" site_id="/yayin-akisi/29/16/FLASH-TV" xmltv_id="FLASH TV">FLASH TV</channel>
    <channel update="i" site="hurriyet.com.tr" site_id="/yayin-akisi/321/17/BEYAZ-TV" xmltv_id="BEYAZ TV">BEYAZ TV</channel>
    <channel update="i" site="hurriyet.com.tr" site_id="/yayin-akisi/383/18/ANIMAL-PLANET" xmltv_id="ANIMAL PLANET">ANIMAL PLANET</channel>
    <channel update="i" site="hurriyet.com.tr" site_id="/yayin-akisi/98/19/DISCOVERY-CHANNEL" xmltv_id="DISCOVERY CHANNEL">DISCOVERY CHANNEL</channel>
    <channel update="i" site="hurriyet.com.tr" site_id="/yayin-akisi/306/20/NATIONAL-GEOGRAPHIC-PEOPLE" xmltv_id="NATIONAL GEOGRAPHIC PEOPLE">NATIONAL GEOGRAPHIC PEOPLE</channel>
    <channel update="i" site="hurriyet.com.tr" site_id="/yayin-akisi/309/21/NATIONAL-GEOGRAPHIC-WILD-HD" xmltv_id="NATIONAL GEOGRAPHIC WILD HD">NATIONAL GEOGRAPHIC WILD HD</channel>
    <channel update="i" site="hurriyet.com.tr" site_id="/yayin-akisi/171/22/BBC-WORLD-NEWS" xmltv_id="BBC WORLD NEWS">BBC WORLD NEWS</channel>
    <channel update="i" site="hurriyet.com.tr" site_id="/yayin-akisi/196/23/SÄ°NEMA-TV" xmltv_id="SÄ°NEMA TV">SÄ°NEMA TV</channel>
    <channel update="i" site="hurriyet.com.tr" site_id="/yayin-akisi/542/24/TÄ°VÄ°BU-SPOR-TÄ°LE-2-HD" xmltv_id="TÄ°VÄ°BU SPOR TÄ°LE 2 HD">TÄ°VÄ°BU SPOR TÄ°LE 2 HD</channel>
    <channel update="i" site="hurriyet.com.tr" site_id="/yayin-akisi/66/25/EUROSPORT-1" xmltv_id="EUROSPORT 1">EUROSPORT 1</channel>
    <channel update="i" site="hurriyet.com.tr" site_id="/yayin-akisi/165/26/EUROSPORT-2-INT" xmltv_id="EUROSPORT 2 INT">EUROSPORT 2 INT</channel>
    <channel update="i" site="hurriyet.com.tr" site_id="/yayin-akisi/156/27/DISCOVERY-WORLD-CHANNEL" xmltv_id="DISCOVERY WORLD CHANNEL">DISCOVERY WORLD CHANNEL</channel>
    <channel update="i" site="hurriyet.com.tr" site_id="/yayin-akisi/17/28/TRT-3----SPOR" xmltv_id="TRT 3 -  SPOR">TRT 3 -  SPOR</channel>
    <channel update="i" site="hurriyet.com.tr" site_id="/yayin-akisi/127/29/NTV-SPOR" xmltv_id="NTV SPOR">NTV SPOR</channel>
    <channel update="i" site="hurriyet.com.tr" site_id="/yayin-akisi/126/30/NATIONAL-GEOGRAPHIC-CHANNEL" xmltv_id="NATIONAL GEOGRAPHIC CHANNEL">NATIONAL GEOGRAPHIC CHANNEL</channel>
    <channel update="i" site="hurriyet.com.tr" site_id="/yayin-akisi/49/31/LÄ°G-TV" xmltv_id="LÄ°G TV">LÄ°G TV</channel>
    <channel update="i" site="hurriyet.com.tr" site_id="/yayin-akisi/368/32/LÄ°G-TV-3" xmltv_id="LÄ°G TV 3">LÄ°G TV 3</channel>
    <channel update="i" site="hurriyet.com.tr" site_id="/yayin-akisi/329/33/SPORTS-TV" xmltv_id="SPORTS TV">SPORTS TV</channel>
    <channel update="i" site="hurriyet.com.tr" site_id="/yayin-akisi/139/34/DISCOVERY-SCIENCE-CHANNEL" xmltv_id="DISCOVERY SCIENCE CHANNEL">DISCOVERY SCIENCE CHANNEL</channel>
  </channels>
</site>