<?xml version="1.0" encoding="UTF-8"?>
<site generator-info-name="WebGrab+Plus/w MDB &amp; REX Postprocess -- version  V1.57 -- Jan van Straaten" site="sporekrani.com">
  <channels>
    <channel update="i" site="sporekrani.com" site_id="Tivibu-Spor-4" xmltv_id="Tivibu Spor 4">Tivibu Spor 4</channel>
    <channel update="i" site="sporekrani.com" site_id="Tivibu-Spor" xmltv_id="Tivibu Spor">Tivibu Spor</channel>
    <channel update="i" site="sporekrani.com" site_id="NBA-TV" xmltv_id="NBA TV">NBA TV</channel>
    <channel update="i" site="sporekrani.com" site_id="NBA-TV-HD" xmltv_id="NBA TV HD">NBA TV HD</channel>
    <channel update="i" site="sporekrani.com" site_id="FOX-Sports-HD" xmltv_id="FOX Sports HD">FOX Sports HD</channel>
    <channel update="i" site="sporekrani.com" site_id="Bein-Sports-3" xmltv_id="Bein Sports 3">Bein Sports 3</channel>
    <channel update="i" site="sporekrani.com" site_id="Smart-Spor-2" xmltv_id="Smart Spor 2">Smart Spor 2</channel>
    <channel update="i" site="sporekrani.com" site_id="Turkcell-TV-Plus" xmltv_id="Turkcell TV Plus">Turkcell TV Plus</channel>
    <channel update="i" site="sporekrani.com" site_id="Smart-Spor-2-HD" xmltv_id="Smart Spor 2 HD">Smart Spor 2 HD</channel>
    <channel update="i" site="sporekrani.com" site_id="TRT-Spor" xmltv_id="TRT Spor">TRT Spor</channel>
    <channel update="i" site="sporekrani.com" site_id="TRT-Spor-HD" xmltv_id="TRT Spor HD">TRT Spor HD</channel>
    <channel update="i" site="sporekrani.com" site_id="Eurosport" xmltv_id="Eurosport">Eurosport</channel>
    <channel update="i" site="sporekrani.com" site_id="Eurosport-HD" xmltv_id="Eurosport HD">Eurosport HD</channel>
    <channel update="i" site="sporekrani.com" site_id="Bursaspor-TV" xmltv_id="Bursaspor TV">Bursaspor TV</channel>
    <channel update="i" site="sporekrani.com" site_id="NTV-Spor" xmltv_id="NTV Spor">NTV Spor</channel>
    <channel update="i" site="sporekrani.com" site_id="NTV-Spor-HD" xmltv_id="NTV Spor HD">NTV Spor HD</channel>
    <channel update="i" site="sporekrani.com" site_id="Eurosport-2" xmltv_id="Eurosport 2">Eurosport 2</channel>
    <channel update="i" site="sporekrani.com" site_id="Eurosport-2-HD" xmltv_id="Eurosport 2 HD">Eurosport 2 HD</channel>
    <channel update="i" site="sporekrani.com" site_id="Tivibu-Spor-2" xmltv_id="Tivibu Spor 2">Tivibu Spor 2</channel>
    <channel update="i" site="sporekrani.com" site_id="Bein-Sports-2" xmltv_id="Bein Sports 2">Bein Sports 2</channel>
    <channel update="i" site="sporekrani.com" site_id="TBF-TV" xmltv_id="TBF TV">TBF TV</channel>
    <channel update="i" site="sporekrani.com" site_id="Bein-Sports-4" xmltv_id="Bein Sports 4">Bein Sports 4</channel>
    <channel update="i" site="sporekrani.com" site_id="Bein-Sports" xmltv_id="Bein Sports">Bein Sports</channel>
    <channel update="i" site="sporekrani.com" site_id="Tivibu-Spor-3" xmltv_id="Tivibu Spor 3">Tivibu Spor 3</channel>
    <channel update="i" site="sporekrani.com" site_id="Bein-Sports-Kanal-91" xmltv_id="Bein Sports Kanal 91">Bein Sports Kanal 91</channel>
    <channel update="i" site="sporekrani.com" site_id="Fight-Network-Turkey" xmltv_id="Fight Network Turkey">Fight Network Turkey</channel>
    <channel update="i" site="sporekrani.com" site_id="FB-TV" xmltv_id="FB TV">FB TV</channel>
    <channel update="i" site="sporekrani.com" site_id="GS-TV" xmltv_id="GS TV">GS TV</channel>
    <channel update="i" site="sporekrani.com" site_id="Alta%C5%9F-TV-Ordu" xmltv_id="AltaÅ TV Ordu">AltaÅ TV Ordu</channel>
    <channel update="i" site="sporekrani.com" site_id="Twitch-TV" xmltv_id="Twitch TV">Twitch TV</channel>
    <channel update="i" site="sporekrani.com" site_id="TRT-Avaz" xmltv_id="TRT Avaz">TRT Avaz</channel>
    <channel update="i" site="sporekrani.com" site_id="Hentbol-Web-TV" xmltv_id="Hentbol Web TV">Hentbol Web TV</channel>
    <channel update="i" site="sporekrani.com" site_id="Smart-Spor" xmltv_id="Smart Spor">Smart Spor</channel>
    <channel update="i" site="sporekrani.com" site_id="Smart-Spor-HD" xmltv_id="Smart Spor HD">Smart Spor HD</channel>
    <channel update="i" site="sporekrani.com" site_id="Bein-Sports-Kanal-92" xmltv_id="Bein Sports Kanal 92">Bein Sports Kanal 92</channel>
    <channel update="i" site="sporekrani.com" site_id="TV-8.5" xmltv_id="TV 8.5">TV 8.5</channel>
    <channel update="i" site="sporekrani.com" site_id="Beyaz-TV" xmltv_id="Beyaz TV">Beyaz TV</channel>
    <channel update="i" site="sporekrani.com" site_id="Kanal-58-Sivas" xmltv_id="Kanal 58 Sivas">Kanal 58 Sivas</channel>
    <channel update="i" site="sporekrani.com" site_id="%C3%87ay-TV-Rize" xmltv_id="Ãay TV Rize">Ãay TV Rize</channel>
    <channel update="i" site="sporekrani.com" site_id="Kanal-16-Bursa" xmltv_id="Kanal 16 Bursa">Kanal 16 Bursa</channel>
    <channel update="i" site="sporekrani.com" site_id="Kanal-3-Afyon" xmltv_id="Kanal 3 Afyon">Kanal 3 Afyon</channel>
    <channel update="i" site="sporekrani.com" site_id="Ege-T%C3%BCrk-TV" xmltv_id="Ege TÃ¼rk TV">Ege TÃ¼rk TV</channel>
    <channel update="i" site="sporekrani.com" site_id="TVNET" xmltv_id="TVNET">TVNET</channel>
    <channel update="i" site="sporekrani.com" site_id="Geli%C5%9Fim-Koleji-Youtube" xmltv_id="GeliÅim Koleji Youtube">GeliÅim Koleji Youtube</channel>
    <channel update="i" site="sporekrani.com" site_id="A-Spor" xmltv_id="A Spor">A Spor</channel>
    <channel update="i" site="sporekrani.com" site_id="A-Spor-HD" xmltv_id="A Spor HD">A Spor HD</channel>
  </channels>
</site>
