﻿<?xml version="1.0" encoding="UTF-8"?>
<site generator-info-name="WebGrab+Plus/w MDB &amp; REX Postprocess -- version V1.56.14 -- Jan van Straaten" site="trt.net.tr">
  <channels>
    <channel update="i" site="trt.net.tr" site_id="trt-1" xmltv_id="TRT 1">TRT 1</channel>
    <channel update="i" site="trt.net.tr" site_id="trt-haber" xmltv_id="TRT Haber">TRT Haber</channel>
    <channel update="i" site="trt.net.tr" site_id="trt-3" xmltv_id="TRT 3-Spor">TRT 3-Spor</channel>
    <channel update="i" site="trt.net.tr" site_id="trt-kurdi" xmltv_id="TRT Kurdî">TRT Kurdî</channel>
    <channel update="i" site="trt.net.tr" site_id="trt-cocuk" xmltv_id="TRT Çocuk">TRT Çocuk</channel>
    <channel update="i" site="trt.net.tr" site_id="trt-turk" xmltv_id="TRT Türk">TRT Türk</channel>
    <channel update="i" site="trt.net.tr" site_id="trt-avaz" xmltv_id="TRT Avaz">TRT Avaz</channel>
    <channel update="i" site="trt.net.tr" site_id="trt-belgesel" xmltv_id="TRT Belgesel">TRT Belgesel</channel>
    <channel update="i" site="trt.net.tr" site_id="trt-muzik" xmltv_id="TRT Müzik">TRT Müzik</channel>
    <channel update="i" site="trt.net.tr" site_id="trt-elarabia" xmltv_id="TRT El Arabia">TRT El Arabia</channel>
    <channel update="i" site="trt.net.tr" site_id="trt-diyanet" xmltv_id="TRT Diyanet">TRT Diyanet</channel>
    <channel update="i" site="trt.net.tr" site_id="trt-okul" xmltv_id="TRT Okul">TRT Okul</channel>
  </channels>
</site>