﻿<?xml version="1.0" encoding="UTF-8"?>
<site generator-info-name="WebGrab+Plus/w MDB &amp; REX Postprocess -- version  V1.57 -- Jan van Straaten" site="canalplus-caledonie.com">
  <channels>
    <channel update="i" site="canalplus-caledonie.com" site_id="70013" xmltv_id="CANAL+ HD">CANAL+ HD</channel>
    <channel update="i" site="canalplus-caledonie.com" site_id="70014" xmltv_id="CANAL+ CINEMA HD">CANAL+ CINEMA HD</channel>
    <channel update="i" site="canalplus-caledonie.com" site_id="70022" xmltv_id="CANAL+ SPORT HD">CANAL+ SPORT HD</channel>
    <channel update="i" site="canalplus-caledonie.com" site_id="70401" xmltv_id="CANAL+ FAMILY">CANAL+ FAMILY</channel>
    <channel update="i" site="canalplus-caledonie.com" site_id="70312" xmltv_id="CANAL+ SERIES">CANAL+ SERIES</channel>
    <channel update="i" site="canalplus-caledonie.com" site_id="70095" xmltv_id="TF1 HD">TF1 HD</channel>
    <channel update="i" site="canalplus-caledonie.com" site_id="70188" xmltv_id="FRANCE 2">FRANCE 2</channel>
    <channel update="i" site="canalplus-caledonie.com" site_id="70045" xmltv_id="FRANCE 3">FRANCE 3</channel>
    <channel update="i" site="canalplus-caledonie.com" site_id="70196" xmltv_id="FRANCE 4">FRANCE 4</channel>
    <channel update="i" site="canalplus-caledonie.com" site_id="70046" xmltv_id="FRANCE 5">FRANCE 5</channel>
    <channel update="i" site="canalplus-caledonie.com" site_id="70057" xmltv_id="M6">M6</channel>
    <channel update="i" site="canalplus-caledonie.com" site_id="70007" xmltv_id="ARTE">ARTE</channel>
    <channel update="i" site="canalplus-caledonie.com" site_id="70047" xmltv_id="FRANCE  O">FRANCE  O</channel>
    <channel update="i" site="canalplus-caledonie.com" site_id="70232" xmltv_id="TV5">TV5</channel>
    <channel update="i" site="canalplus-caledonie.com" site_id="70086" xmltv_id="CALEDONIE 1ERE">CALEDONIE 1ERE</channel>
    <channel update="i" site="canalplus-caledonie.com" site_id="70314" xmltv_id="NCTV">NCTV</channel>
    <channel update="i" site="canalplus-caledonie.com" site_id="70089" xmltv_id="WALLIS ET FUTUNA 1ERE">WALLIS ET FUTUNA 1ERE</channel>
    <channel update="i" site="canalplus-caledonie.com" site_id="70408" xmltv_id="AUSTRALIA+">AUSTRALIA+</channel>
    <channel update="i" site="canalplus-caledonie.com" site_id="70120" xmltv_id="C8">C8</channel>
    <channel update="i" site="canalplus-caledonie.com" site_id="70140" xmltv_id="W9">W9</channel>
    <channel update="i" site="canalplus-caledonie.com" site_id="70216" xmltv_id="NRJ12">NRJ12</channel>
    <channel update="i" site="canalplus-caledonie.com" site_id="70098" xmltv_id="TMC">TMC</channel>
    <channel update="i" site="canalplus-caledonie.com" site_id="70033" xmltv_id="COMEDIE +">COMEDIE +</channel>
    <channel update="i" site="canalplus-caledonie.com" site_id="70077" xmltv_id="RTL9">RTL9</channel>
    <channel update="i" site="canalplus-caledonie.com" site_id="70078" xmltv_id="SYFY">SYFY</channel>
    <channel update="i" site="canalplus-caledonie.com" site_id="70001" xmltv_id="13EME RUE">13EME RUE</channel>
    <channel update="i" site="canalplus-caledonie.com" site_id="70094" xmltv_id="TEVA">TEVA</channel>
    <channel update="i" site="canalplus-caledonie.com" site_id="70080" xmltv_id="SERIE CLUB">SERIE CLUB</channel>
    <channel update="i" site="canalplus-caledonie.com" site_id="70065" xmltv_id="MTV">MTV</channel>
    <channel update="i" site="canalplus-caledonie.com" site_id="70136" xmltv_id="GAME ONE">GAME ONE</channel>
    <channel update="i" site="canalplus-caledonie.com" site_id="70048" xmltv_id="I&gt;TELE">I&gt;TELE</channel>
    <channel update="i" site="canalplus-caledonie.com" site_id="70114" xmltv_id="FRANCE 24">FRANCE 24</channel>
    <channel update="i" site="canalplus-caledonie.com" site_id="70054" xmltv_id="LCI">LCI</channel>
    <channel update="i" site="canalplus-caledonie.com" site_id="70244" xmltv_id="CANAL EVENEMENT">CANAL EVENEMENT</channel>
    <channel update="i" site="canalplus-caledonie.com" site_id="70050" xmltv_id="INFOSPORT +">INFOSPORT +</channel>
    <channel update="i" site="canalplus-caledonie.com" site_id="70041" xmltv_id="EUROSPORT 1">EUROSPORT 1</channel>
    <channel update="i" site="canalplus-caledonie.com" site_id="70042" xmltv_id="EUROSP2 /L’EQUIPE">EUROSP2 /L’EQUIPE</channel>
    <channel update="i" site="canalplus-caledonie.com" site_id="70064" xmltv_id="MOTORS TV">MOTORS TV</channel>
    <channel update="i" site="canalplus-caledonie.com" site_id="70221" xmltv_id="MCS EXTREME">MCS EXTREME</channel>
    <channel update="i" site="canalplus-caledonie.com" site_id="70037" xmltv_id="EQUIDIA LIVE">EQUIDIA LIVE</channel>
    <channel update="i" site="canalplus-caledonie.com" site_id="70115" xmltv_id="beIN SPORTS 1 HD">beIN SPORTS 1 HD</channel>
    <channel update="i" site="canalplus-caledonie.com" site_id="70243" xmltv_id="beIN SPORTS 2">beIN SPORTS 2</channel>
    <channel update="i" site="canalplus-caledonie.com" site_id="70347" xmltv_id="BEIN SPORTS 3">BEIN SPORTS 3</channel>
    <channel update="i" site="canalplus-caledonie.com" site_id="70109" xmltv_id="VOYAGE">VOYAGE</channel>
    <channel update="i" site="canalplus-caledonie.com" site_id="70072" xmltv_id="PLANETE +">PLANETE +</channel>
    <channel update="i" site="canalplus-caledonie.com" site_id="70142" xmltv_id="PLANETE+ CI">PLANETE+ CI</channel>
    <channel update="i" site="canalplus-caledonie.com" site_id="70248" xmltv_id="DISCOVERY CHANNEL">DISCOVERY CHANNEL</channel>
    <channel update="i" site="canalplus-caledonie.com" site_id="70138" xmltv_id="USHUAIA TV">USHUAIA TV</channel>
    <channel update="i" site="canalplus-caledonie.com" site_id="70374" xmltv_id="ENGLISH CLUB TV">ENGLISH CLUB TV</channel>
    <channel update="i" site="canalplus-caledonie.com" site_id="70073" xmltv_id="PLANETE + A&amp;E">PLANETE + A&amp;E</channel>
    <channel update="i" site="canalplus-caledonie.com" site_id="70145" xmltv_id="NATIONAL GEOGRAPHIC HD">NATIONAL GEOGRAPHIC HD</channel>
    <channel update="i" site="canalplus-caledonie.com" site_id="70223" xmltv_id="NAT GEO WILD">NAT GEO WILD</channel>
    <channel update="i" site="canalplus-caledonie.com" site_id="70079" xmltv_id="SEASONS">SEASONS</channel>
    <channel update="i" site="canalplus-caledonie.com" site_id="70158" xmltv_id="HISTOIRE">HISTOIRE</channel>
    <channel update="i" site="canalplus-caledonie.com" site_id="70146" xmltv_id="GULLI">GULLI</channel>
    <channel update="i" site="canalplus-caledonie.com" site_id="70035" xmltv_id="DISNEY CHANNEL">DISNEY CHANNEL</channel>
    <channel update="i" site="canalplus-caledonie.com" site_id="70148" xmltv_id="TELETOON+">TELETOON+</channel>
    <channel update="i" site="canalplus-caledonie.com" site_id="70224" xmltv_id="NICKELODEON">NICKELODEON</channel>
    <channel update="i" site="canalplus-caledonie.com" site_id="70099" xmltv_id="DISNEY CINEMA">DISNEY CINEMA</channel>
    <channel update="i" site="canalplus-caledonie.com" site_id="70075" xmltv_id="DISNEY JUNIOR">DISNEY JUNIOR</channel>
    <channel update="i" site="canalplus-caledonie.com" site_id="70097" xmltv_id="TIJI">TIJI</channel>
    <channel update="i" site="canalplus-caledonie.com" site_id="70217" xmltv_id="CSTAR">CSTAR</channel>
    <channel update="i" site="canalplus-caledonie.com" site_id="70062" xmltv_id="MCM TOP">MCM TOP</channel>
    <channel update="i" site="canalplus-caledonie.com" site_id="70332" xmltv_id="INDIES LIVE">INDIES LIVE</channel>
    <channel update="i" site="canalplus-caledonie.com" site_id="70061" xmltv_id="RFM TV">RFM TV</channel>
    <channel update="i" site="canalplus-caledonie.com" site_id="70147" xmltv_id="MTV HITS">MTV HITS</channel>
    <channel update="i" site="canalplus-caledonie.com" site_id="70155" xmltv_id="TRACE TROPICAL">TRACE TROPICAL</channel>
    <channel update="i" site="canalplus-caledonie.com" site_id="70063" xmltv_id="MEZZO">MEZZO</channel>
    <channel update="i" site="canalplus-caledonie.com" site_id="70028" xmltv_id="CINE + PREMIER">CINE + PREMIER</channel>
    <channel update="i" site="canalplus-caledonie.com" site_id="70027" xmltv_id="CINE + FRISSON">CINE + FRISSON</channel>
    <channel update="i" site="canalplus-caledonie.com" site_id="70025" xmltv_id="CINE + EMOTION">CINE + EMOTION</channel>
    <channel update="i" site="canalplus-caledonie.com" site_id="70026" xmltv_id="CINE + FAMIZ">CINE + FAMIZ</channel>
    <channel update="i" site="canalplus-caledonie.com" site_id="70004" xmltv_id="ACTION">ACTION</channel>
    <channel update="i" site="canalplus-caledonie.com" site_id="70303" xmltv_id="PARAMOUNT TV">PARAMOUNT TV</channel>
    <channel update="i" site="canalplus-caledonie.com" site_id="70316" xmltv_id="OCS MAX">OCS MAX</channel>
    <channel update="i" site="canalplus-caledonie.com" site_id="70317" xmltv_id="OCS CITY">OCS CITY</channel>
    <channel update="i" site="canalplus-caledonie.com" site_id="70318" xmltv_id="OCS CHOC">OCS CHOC</channel>
    <channel update="i" site="canalplus-caledonie.com" site_id="70319" xmltv_id="OCS GEANTS">OCS GEANTS</channel>
    <channel update="i" site="canalplus-caledonie.com" site_id="70028" xmltv_id="CINE + PREMIER vo">CINE + PREMIER vo</channel>
    <channel update="i" site="canalplus-caledonie.com" site_id="70027" xmltv_id="CINE + FRISSON vo">CINE + FRISSON vo</channel>
    <channel update="i" site="canalplus-caledonie.com" site_id="70025" xmltv_id="CINE + EMOTION vo">CINE + EMOTION vo</channel>
    <channel update="i" site="canalplus-caledonie.com" site_id="70026" xmltv_id="CINE + FAMIZ vo">CINE + FAMIZ vo</channel>
    <channel update="i" site="canalplus-caledonie.com" site_id="70303" xmltv_id="PARAMOUNT vo">PARAMOUNT vo</channel>
    <channel update="i" site="canalplus-caledonie.com" site_id="70110" xmltv_id="XXL">XXL</channel>
    <channel update="i" site="canalplus-caledonie.com" site_id="70220" xmltv_id="LIBIDO TV">LIBIDO TV</channel>
    <channel update="i" site="canalplus-caledonie.com" site_id="70154" xmltv_id="DORCEL TV">DORCEL TV</channel>
  </channels>
</site>