﻿<?xml version="1.0" encoding="UTF-8"?>
<site generator-info-name="WebGrab+Plus/w MDB &amp; REX Postprocess -- version V1.56.25 -- Jan van Straaten" site="extratv.me">
  <channels>
    <channel update="i" site="extratv.me" site_id="88" xmltv_id="RTCG1">RTCG1</channel>
    <channel update="i" site="extratv.me" site_id="90" xmltv_id="RTCG2">RTCG2</channel>
    <channel update="i" site="extratv.me" site_id="98" xmltv_id="Prva">Prva</channel>
    <channel update="i" site="extratv.me" site_id="100" xmltv_id="Vijesti">Vijesti</channel>
    <channel update="i" site="extratv.me" site_id="93" xmltv_id="Pink M">Pink M</channel>
    <channel update="i" site="extratv.me" site_id="108" xmltv_id="Atlas">Atlas</channel>
    <channel update="i" site="extratv.me" site_id="115" xmltv_id="777 TV">777 TV</channel>
    <channel update="i" site="extratv.me" site_id="156" xmltv_id="Arenasport 1">Arenasport 1</channel>
    <channel update="i" site="extratv.me" site_id="128" xmltv_id="Arenasport 2">Arenasport 2</channel>
    <channel update="i" site="extratv.me" site_id="138" xmltv_id="Arenasport 3">Arenasport 3</channel>
    <channel update="i" site="extratv.me" site_id="104" xmltv_id="Arenasport 4">Arenasport 4</channel>
    <channel update="i" site="extratv.me" site_id="107" xmltv_id="Arenasport 5">Arenasport 5</channel>
    <channel update="i" site="extratv.me" site_id="113" xmltv_id="Fight Sport">Fight Sport</channel>
    <channel update="i" site="extratv.me" site_id="150" xmltv_id="Cinestar TV">Cinestar TV</channel>
    <channel update="i" site="extratv.me" site_id="158" xmltv_id="Nickelodeon">Nickelodeon</channel>
    <channel update="i" site="extratv.me" site_id="131" xmltv_id="Nickelodeon Junior">Nickelodeon Junior</channel>
    <channel update="i" site="extratv.me" site_id="148" xmltv_id="MTV Adria">MTV Adria</channel>
    <channel update="i" site="extratv.me" site_id="122" xmltv_id="VH1">VH1</channel>
    <channel update="i" site="extratv.me" site_id="101" xmltv_id="RTS1">RTS1</channel>
    <channel update="i" site="extratv.me" site_id="118" xmltv_id="RTS2">RTS2</channel>
    <channel update="i" site="extratv.me" site_id="124" xmltv_id="B92">B92</channel>
    <channel update="i" site="extratv.me" site_id="136" xmltv_id="Happy TV">Happy TV</channel>
    <channel update="i" site="extratv.me" site_id="111" xmltv_id="DM SAT">DM SAT</channel>
    <channel update="i" site="extratv.me" site_id="152" xmltv_id="Al Jazeera">Al Jazeera</channel>
    <channel update="i" site="extratv.me" site_id="21931" xmltv_id="Deutche Welle">Deutche Welle</channel>
    <channel update="i" site="extratv.me" site_id="21934" xmltv_id="Russia Today">Russia Today</channel>
    <channel update="i" site="extratv.me" site_id="121" xmltv_id="Pink 2">Pink 2</channel>
    <channel update="i" site="extratv.me" site_id="126" xmltv_id="RTV Vojvodina">RTV Vojvodina</channel>
    <channel update="i" site="extratv.me" site_id="110" xmltv_id="Studio B">Studio B</channel>
    <channel update="i" site="extratv.me" site_id="94" xmltv_id="TV Corona">TV Corona</channel>
    <channel update="i" site="extratv.me" site_id="21935" xmltv_id="TV Srpska">TV Srpska</channel>
    <channel update="i" site="extratv.me" site_id="21932" xmltv_id="TV Niksic">TV Niksic</channel>
    <channel update="i" site="extratv.me" site_id="21933" xmltv_id="TV Budva">TV Budva</channel>
    <channel update="i" site="extratv.me" site_id="144" xmltv_id="HRT1">HRT1</channel>
  </channels>
</site>