<?xml version="1.0" encoding="UTF-8"?>
<site generator-info-name="WebGrab+Plus/w MDB &amp; REX Postprocess -- version  V1.57 -- Jan van Straaten" site="tvtoday.de.m">
  <channels>
    <channel update="i" site="m.tvtoday.de" site_id="13TH" xmltv_id="13th Street">13th Street</channel>
    <channel update="i" site="m.tvtoday.de" site_id="3PLUS" xmltv_id="3+">3+</channel>
    <channel update="i" site="m.tvtoday.de" site_id="3SAT" xmltv_id="3sat">3sat</channel>
    <channel update="i" site="m.tvtoday.de" site_id="AETV" xmltv_id="A&amp;E">A&amp;E</channel>
    <channel update="i" site="m.tvtoday.de" site_id="ADULT" xmltv_id="Adult Channel">Adult Channel</channel>
    <channel update="i" site="m.tvtoday.de" site_id="ALJAZ" xmltv_id="Al Jazeera">Al Jazeera</channel>
    <channel update="i" site="m.tvtoday.de" site_id="APLAN" xmltv_id="Animal Planet">Animal Planet</channel>
    <channel update="i" site="m.tvtoday.de" site_id="ANIXE" xmltv_id="ANIXE">ANIXE</channel>
    <channel update="i" site="m.tvtoday.de" site_id="ALPHA" xmltv_id="ARD-alpha">ARD-alpha</channel>
    <channel update="i" site="m.tvtoday.de" site_id="ARTE" xmltv_id="ARTE">ARTE</channel>
    <channel update="i" site="m.tvtoday.de" site_id="ATV" xmltv_id="ATV">ATV</channel>
    <channel update="i" site="m.tvtoday.de" site_id="ATV2" xmltv_id="ATV II">ATV II</channel>
    <channel update="i" site="m.tvtoday.de" site_id="AMS" xmltv_id="Auto Motor Sport Channel">Auto Motor Sport Channel</channel>
    <channel update="i" site="m.tvtoday.de" site_id="AXN" xmltv_id="AXN">AXN</channel>
    <channel update="i" site="m.tvtoday.de" site_id="BBC-E" xmltv_id="BBC Entertainm.">BBC Entertainm.</channel>
    <channel update="i" site="m.tvtoday.de" site_id="BBC" xmltv_id="BBC World News">BBC World News</channel>
    <channel update="i" site="m.tvtoday.de" site_id="BUTV" xmltv_id="Beate-Uhse.TV">Beate-Uhse.TV</channel>
    <channel update="i" site="m.tvtoday.de" site_id="BE1" xmltv_id="Belgien 1">Belgien 1</channel>
    <channel update="i" site="m.tvtoday.de" site_id="BIBEL" xmltv_id="Bibel TV">Bibel TV</channel>
    <channel update="i" site="m.tvtoday.de" site_id="BLIZZ" xmltv_id="blizz">blizz</channel>
    <channel update="i" site="m.tvtoday.de" site_id="BLM" xmltv_id="Bloomberg Europe TV">Bloomberg Europe TV</channel>
    <channel update="i" site="m.tvtoday.de" site_id="BLUM" xmltv_id="Blue Movie">Blue Movie</channel>
    <channel update="i" site="m.tvtoday.de" site_id="BLUM2" xmltv_id="Blue Movie 2">Blue Movie 2</channel>
    <channel update="i" site="m.tvtoday.de" site_id="BLUM3" xmltv_id="Blue Movie 3">Blue Movie 3</channel>
    <channel update="i" site="m.tvtoday.de" site_id="GUSTO" xmltv_id="BonGusto">BonGusto</channel>
    <channel update="i" site="m.tvtoday.de" site_id="BOOM" xmltv_id="Boomerang">Boomerang</channel>
    <channel update="i" site="m.tvtoday.de" site_id="BR" xmltv_id="BR">BR</channel>
    <channel update="i" site="m.tvtoday.de" site_id="C-NET" xmltv_id="Cartoon Network">Cartoon Network</channel>
    <channel update="i" site="m.tvtoday.de" site_id="CH21" xmltv_id="Channel21">Channel21</channel>
    <channel update="i" site="m.tvtoday.de" site_id="CLASS" xmltv_id="Classica">Classica</channel>
    <channel update="i" site="m.tvtoday.de" site_id="CNBC" xmltv_id="CNBC">CNBC</channel>
    <channel update="i" site="m.tvtoday.de" site_id="CNN" xmltv_id="CNN International">CNN International</channel>
    <channel update="i" site="m.tvtoday.de" site_id="CC" xmltv_id="COMEDY CENTRAL">COMEDY CENTRAL</channel>
    <channel update="i" site="m.tvtoday.de" site_id="ARD" xmltv_id="Das Erste">Das Erste</channel>
    <channel update="i" site="m.tvtoday.de" site_id="DMC" xmltv_id="DELUXE MUSIC">DELUXE MUSIC</channel>
    <channel update="i" site="m.tvtoday.de" site_id="DATV" xmltv_id="Der Aktionär TV">Der Aktionär TV</channel>
    <channel update="i" site="m.tvtoday.de" site_id="DMF" xmltv_id="Deutsches Musik Fernsehen">Deutsches Musik Fernsehen</channel>
    <channel update="i" site="m.tvtoday.de" site_id="HDDIS" xmltv_id="Discovery HD">Discovery HD</channel>
    <channel update="i" site="m.tvtoday.de" site_id="DISNE" xmltv_id="Disney Channel">Disney Channel</channel>
    <channel update="i" site="m.tvtoday.de" site_id="DCM" xmltv_id="Disney Cinemagic">Disney Cinemagic</channel>
    <channel update="i" site="m.tvtoday.de" site_id="DJUN" xmltv_id="Disney Junior">Disney Junior</channel>
    <channel update="i" site="m.tvtoday.de" site_id="DXD" xmltv_id="Disney XD">Disney XD</channel>
    <channel update="i" site="m.tvtoday.de" site_id="DMAX" xmltv_id="DMAX">DMAX</channel>
    <channel update="i" site="m.tvtoday.de" site_id="DR1" xmltv_id="DR1">DR1</channel>
    <channel update="i" site="m.tvtoday.de" site_id="DWTV" xmltv_id="DW (Europe)">DW (Europe)</channel>
    <channel update="i" site="m.tvtoday.de" site_id="E!" xmltv_id="E! Entertainm.">E! Entertainm.</channel>
    <channel update="i" site="m.tvtoday.de" site_id="EURON" xmltv_id="euronews">euronews</channel>
    <channel update="i" site="m.tvtoday.de" site_id="EURO" xmltv_id="Eurosport 1">Eurosport 1</channel>
    <channel update="i" site="m.tvtoday.de" site_id="EURO2" xmltv_id="Eurosport 2">Eurosport 2</channel>
    <channel update="i" site="m.tvtoday.de" site_id="EX-SP" xmltv_id="EXTREME SPORTS">EXTREME SPORTS</channel>
    <channel update="i" site="m.tvtoday.de" site_id="FAMTV" xmltv_id="Family TV">Family TV</channel>
    <channel update="i" site="m.tvtoday.de" site_id="FATV" xmltv_id="Fashion TV">Fashion TV</channel>
    <channel update="i" site="m.tvtoday.de" site_id="FLN" xmltv_id="Fine Living Network">Fine Living Network</channel>
    <channel update="i" site="m.tvtoday.de" site_id="FFTV" xmltv_id="FIX &amp; FOXI">FIX &amp; FOXI</channel>
    <channel update="i" site="m.tvtoday.de" site_id="FOOD" xmltv_id="Food Network">Food Network</channel>
    <channel update="i" site="m.tvtoday.de" site_id="FOX" xmltv_id="FOX">FOX</channel>
    <channel update="i" site="m.tvtoday.de" site_id="FR24E" xmltv_id="France 24 (engl.)">France 24 (engl.)</channel>
    <channel update="i" site="m.tvtoday.de" site_id="FR24F" xmltv_id="France 24 (franz.)">France 24 (franz.)</channel>
    <channel update="i" site="m.tvtoday.de" site_id="FUNDO" xmltv_id="FunDorado TV">FunDorado TV</channel>
    <channel update="i" site="m.tvtoday.de" site_id="GEO" xmltv_id="GEO Television">GEO Television</channel>
    <channel update="i" site="m.tvtoday.de" site_id="GOLD" xmltv_id="GoldStar TV">GoldStar TV</channel>
    <channel update="i" site="m.tvtoday.de" site_id="LAUNE" xmltv_id="Gute Laune TV">Gute Laune TV</channel>
    <channel update="i" site="m.tvtoday.de" site_id="HH1" xmltv_id="Hamburg 1">Hamburg 1</channel>
    <channel update="i" site="m.tvtoday.de" site_id="HEIMA" xmltv_id="Heimatkanal">Heimatkanal</channel>
    <channel update="i" site="m.tvtoday.de" site_id="HISHD" xmltv_id="HISTORY HD">HISTORY HD</channel>
    <channel update="i" site="m.tvtoday.de" site_id="HR" xmltv_id="HR">HR</channel>
    <channel update="i" site="m.tvtoday.de" site_id="HSE" xmltv_id="HSE24">HSE24</channel>
    <channel update="i" site="m.tvtoday.de" site_id="JUKE" xmltv_id="Jukebox">Jukebox</channel>
    <channel update="i" site="m.tvtoday.de" site_id="JUNIO" xmltv_id="Junior">Junior</channel>
    <channel update="i" site="m.tvtoday.de" site_id="KTV" xmltv_id="K-TV">K-TV</channel>
    <channel update="i" site="m.tvtoday.de" site_id="K1" xmltv_id="kabel eins">kabel eins</channel>
    <channel update="i" site="m.tvtoday.de" site_id="K1CLA" xmltv_id="kabel eins CLASSICS">kabel eins CLASSICS</channel>
    <channel update="i" site="m.tvtoday.de" site_id="K1DOKU" xmltv_id="kabel eins Doku">kabel eins Doku</channel>
    <channel update="i" site="m.tvtoday.de" site_id="KIKA" xmltv_id="KiKA">KiKA</channel>
    <channel update="i" site="m.tvtoday.de" site_id="KINOW" xmltv_id="KinoweltTV">KinoweltTV</channel>
    <channel update="i" site="m.tvtoday.de" site_id="LEITV" xmltv_id="Leipzig Fernsehen">Leipzig Fernsehen</channel>
    <channel update="i" site="m.tvtoday.de" site_id="LUSTP" xmltv_id="LUST PUR">LUST PUR</channel>
    <channel update="i" site="m.tvtoday.de" site_id="MAPO" xmltv_id="Marco Polo TV">Marco Polo TV</channel>
    <channel update="i" site="m.tvtoday.de" site_id="MDR" xmltv_id="MDR">MDR</channel>
    <channel update="i" site="m.tvtoday.de" site_id="MEZZO" xmltv_id="Mezzo">Mezzo</channel>
    <channel update="i" site="m.tvtoday.de" site_id="MGM" xmltv_id="MGM HD">MGM HD</channel>
    <channel update="i" site="m.tvtoday.de" site_id="MOTOR" xmltv_id="Motors TV">Motors TV</channel>
    <channel update="i" site="m.tvtoday.de" site_id="MOVTV" xmltv_id="Motorvision TV">Motorvision TV</channel>
    <channel update="i" site="m.tvtoday.de" site_id="MTV" xmltv_id="MTV">MTV</channel>
    <channel update="i" site="m.tvtoday.de" site_id="MTV-B" xmltv_id="MTV Base">MTV Base</channel>
    <channel update="i" site="m.tvtoday.de" site_id="MTV-D" xmltv_id="MTV Dance">MTV Dance</channel>
    <channel update="i" site="m.tvtoday.de" site_id="MTV-H" xmltv_id="MTV Hits">MTV Hits</channel>
    <channel update="i" site="m.tvtoday.de" site_id="MTV-L" xmltv_id="MTV Live HD">MTV Live HD</channel>
    <channel update="i" site="m.tvtoday.de" site_id="TVM" xmltv_id="münchen.tv">münchen.tv</channel>
    <channel update="i" site="m.tvtoday.de" site_id="MUE2" xmltv_id="münchen2">münchen2</channel>
    <channel update="i" site="m.tvtoday.de" site_id="NTV" xmltv_id="n-tv">n-tv</channel>
    <channel update="i" site="m.tvtoday.de" site_id="N24" xmltv_id="N24">N24</channel>
    <channel update="i" site="m.tvtoday.de" site_id="N24DOKU" xmltv_id="N24 Doku">N24 Doku</channel>
    <channel update="i" site="m.tvtoday.de" site_id="N-GHD" xmltv_id="Nat Geo HD">Nat Geo HD</channel>
    <channel update="i" site="m.tvtoday.de" site_id="N-GP" xmltv_id="Nat Geo People HD">Nat Geo People HD</channel>
    <channel update="i" site="m.tvtoday.de" site_id="N-GW" xmltv_id="NAT GEO WILD">NAT GEO WILD</channel>
    <channel update="i" site="m.tvtoday.de" site_id="NAUCH" xmltv_id="Nautical Channel">Nautical Channel</channel>
    <channel update="i" site="m.tvtoday.de" site_id="N3" xmltv_id="NDR">NDR</channel>
    <channel update="i" site="m.tvtoday.de" site_id="NICKJ" xmltv_id="Nick Jr.">Nick Jr.</channel>
    <channel update="i" site="m.tvtoday.de" site_id="NICK" xmltv_id="Nickelodeon">Nickelodeon</channel>
    <channel update="i" site="m.tvtoday.de" site_id="NICKT" xmltv_id="Nicktoons">Nicktoons</channel>
    <channel update="i" site="m.tvtoday.de" site_id="NL1" xmltv_id="NL 1">NL 1</channel>
    <channel update="i" site="m.tvtoday.de" site_id="NL2" xmltv_id="NL 2">NL 2</channel>
    <channel update="i" site="m.tvtoday.de" site_id="NL3" xmltv_id="NL 3">NL 3</channel>
    <channel update="i" site="m.tvtoday.de" site_id="FES" xmltv_id="ONE">ONE</channel>
    <channel update="i" site="m.tvtoday.de" site_id="ORF2" xmltv_id="ORF 2">ORF 2</channel>
    <channel update="i" site="m.tvtoday.de" site_id="ORF1" xmltv_id="ORF eins">ORF eins</channel>
    <channel update="i" site="m.tvtoday.de" site_id="ORF3" xmltv_id="ORF III">ORF III</channel>
    <channel update="i" site="m.tvtoday.de" site_id="ORFSP" xmltv_id="ORF SPORT +">ORF SPORT +</channel>
    <channel update="i" site="m.tvtoday.de" site_id="PHOEN" xmltv_id="PHOENIX">PHOENIX</channel>
    <channel update="i" site="m.tvtoday.de" site_id="PLANE" xmltv_id="PLANET">PLANET</channel>
    <channel update="i" site="m.tvtoday.de" site_id="PBOY" xmltv_id="Playboy TV">Playboy TV</channel>
    <channel update="i" site="m.tvtoday.de" site_id="PRO7" xmltv_id="ProSieben">ProSieben</channel>
    <channel update="i" site="m.tvtoday.de" site_id="PRO7F" xmltv_id="ProSieben Fun">ProSieben Fun</channel>
    <channel update="i" site="m.tvtoday.de" site_id="PRO7M" xmltv_id="ProSieben MAXX">ProSieben MAXX</channel>
    <channel update="i" site="m.tvtoday.de" site_id="PULS4" xmltv_id="PULS 4">PULS 4</channel>
    <channel update="i" site="m.tvtoday.de" site_id="PULS8" xmltv_id="PULS acht">PULS acht</channel>
    <channel update="i" site="m.tvtoday.de" site_id="QVC" xmltv_id="QVC">QVC</channel>
    <channel update="i" site="m.tvtoday.de" site_id="QVCBS" xmltv_id="QVC Beauty &amp; Style">QVC Beauty &amp; Style</channel>
    <channel update="i" site="m.tvtoday.de" site_id="QVCP" xmltv_id="QVC Plus">QVC Plus</channel>
    <channel update="i" site="m.tvtoday.de" site_id="RBB" xmltv_id="RBB">RBB</channel>
    <channel update="i" site="m.tvtoday.de" site_id="RCK" xmltv_id="RCK TV">RCK TV</channel>
    <channel update="i" site="m.tvtoday.de" site_id="REGIO" xmltv_id="Regio TV">Regio TV</channel>
    <channel update="i" site="m.tvtoday.de" site_id="REGBS" xmltv_id="Regio TV Bodensee">Regio TV Bodensee</channel>
    <channel update="i" site="m.tvtoday.de" site_id="RNF" xmltv_id="Rhein-Neckar Fernsehen">Rhein-Neckar Fernsehen</channel>
    <channel update="i" site="m.tvtoday.de" site_id="RMTV" xmltv_id="rheinmain tv">rheinmain tv</channel>
    <channel update="i" site="m.tvtoday.de" site_id="RIC" xmltv_id="RiC/eoTV">RiC/eoTV</channel>
    <channel update="i" site="m.tvtoday.de" site_id="ROM" xmltv_id="Romance TV">Romance TV</channel>
    <channel update="i" site="m.tvtoday.de" site_id="RTL" xmltv_id="RTL">RTL</channel>
    <channel update="i" site="m.tvtoday.de" site_id="RTL-C" xmltv_id="RTL Crime">RTL Crime</channel>
    <channel update="i" site="m.tvtoday.de" site_id="RTL2" xmltv_id="RTL II">RTL II</channel>
    <channel update="i" site="m.tvtoday.de" site_id="RTL2YOU" xmltv_id="RTL II YOU">RTL II YOU</channel>
    <channel update="i" site="m.tvtoday.de" site_id="RTL-L" xmltv_id="RTL Living">RTL Living</channel>
    <channel update="i" site="m.tvtoday.de" site_id="RTL-N" xmltv_id="RTL NITRO">RTL NITRO</channel>
    <channel update="i" site="m.tvtoday.de" site_id="PASS" xmltv_id="RTL Passion">RTL Passion</channel>
    <channel update="i" site="m.tvtoday.de" site_id="RTLPL" xmltv_id="RTLplus">RTLplus</channel>
    <channel update="i" site="m.tvtoday.de" site_id="SACH" xmltv_id="Sachsen Fernsehen">Sachsen Fernsehen</channel>
    <channel update="i" site="m.tvtoday.de" site_id="SAT1" xmltv_id="SAT.1">SAT.1</channel>
    <channel update="i" site="m.tvtoday.de" site_id="SAT1E" xmltv_id="SAT.1 emotions">SAT.1 emotions</channel>
    <channel update="i" site="m.tvtoday.de" site_id="SAT1G" xmltv_id="SAT.1 Gold">SAT.1 Gold</channel>
    <channel update="i" site="m.tvtoday.de" site_id="SERVU" xmltv_id="ServusTV Deutschland">ServusTV Deutschland</channel>
    <channel update="i" site="m.tvtoday.de" site_id="SILVE" xmltv_id="Silverline">Silverline</channel>
    <channel update="i" site="m.tvtoday.de" site_id="SIXX" xmltv_id="sixx">sixx</channel>
    <channel update="i" site="m.tvtoday.de" site_id="SKY1" xmltv_id="Sky 1">Sky 1</channel>
    <channel update="i" site="m.tvtoday.de" site_id="SKY3D" xmltv_id="Sky 3D">Sky 3D</channel>
    <channel update="i" site="m.tvtoday.de" site_id="SKY-A" xmltv_id="Sky Action">Sky Action</channel>
    <channel update="i" site="m.tvtoday.de" site_id="ARTS" xmltv_id="SKY Arts HD">SKY Arts HD</channel>
    <channel update="i" site="m.tvtoday.de" site_id="SKYAT" xmltv_id="Sky Atlantic HD">Sky Atlantic HD</channel>
    <channel update="i" site="m.tvtoday.de" site_id="BULI" xmltv_id="Sky Bundesliga">Sky Bundesliga</channel>
    <channel update="i" site="m.tvtoday.de" site_id="CIN" xmltv_id="Sky Cinema">Sky Cinema</channel>
    <channel update="i" site="m.tvtoday.de" site_id="SKY-H" xmltv_id="Sky Cinema Harry Potter HD">Sky Cinema Harry Potter HD</channel>
    <channel update="i" site="m.tvtoday.de" site_id="CIN1" xmltv_id="Sky Cinema+1">Sky Cinema+1</channel>
    <channel update="i" site="m.tvtoday.de" site_id="CIN24" xmltv_id="Sky Cinema+24">Sky Cinema+24</channel>
    <channel update="i" site="m.tvtoday.de" site_id="SKY-C" xmltv_id="Sky Comedy">Sky Comedy</channel>
    <channel update="i" site="m.tvtoday.de" site_id="SKY-E" xmltv_id="Sky Emotion">Sky Emotion</channel>
    <channel update="i" site="m.tvtoday.de" site_id="SKY-F" xmltv_id="Sky Family">Sky Family</channel>
    <channel update="i" site="m.tvtoday.de" site_id="SKY-K" xmltv_id="Sky Krimi">Sky Krimi</channel>
    <channel update="i" site="m.tvtoday.de" site_id="SKY-N" xmltv_id="Sky Nostalgie">Sky Nostalgie</channel>
    <channel update="i" site="m.tvtoday.de" site_id="SKY-S" xmltv_id="Sky select">Sky select</channel>
    <channel update="i" site="m.tvtoday.de" site_id="SPO-A" xmltv_id="Sky Sport Austria">Sky Sport Austria</channel>
    <channel update="i" site="m.tvtoday.de" site_id="HDSPO" xmltv_id="Sky Sport HD 1">Sky Sport HD 1</channel>
    <channel update="i" site="m.tvtoday.de" site_id="SHD2" xmltv_id="Sky Sport HD 2">Sky Sport HD 2</channel>
    <channel update="i" site="m.tvtoday.de" site_id="SNHD" xmltv_id="Sky Sport News HD">Sky Sport News HD</channel>
    <channel update="i" site="m.tvtoday.de" site_id="SKLAR" xmltv_id="sonnenklar TV">sonnenklar TV</channel>
    <channel update="i" site="m.tvtoday.de" site_id="SONY" xmltv_id="Sony E. Television">Sony E. Television</channel>
    <channel update="i" site="m.tvtoday.de" site_id="SP-GE" xmltv_id="SPIEGEL Geschichte">SPIEGEL Geschichte</channel>
    <channel update="i" site="m.tvtoday.de" site_id="SPTVW" xmltv_id="SPIEGEL TV WISSEN">SPIEGEL TV WISSEN</channel>
    <channel update="i" site="m.tvtoday.de" site_id="SPORT" xmltv_id="SPORT1">SPORT1</channel>
    <channel update="i" site="m.tvtoday.de" site_id="SP1US" xmltv_id="SPORT1 US">SPORT1 US</channel>
    <channel update="i" site="m.tvtoday.de" site_id="S1PLU" xmltv_id="SPORT1+">SPORT1+</channel>
    <channel update="i" site="m.tvtoday.de" site_id="SPO-D" xmltv_id="sportdigital">sportdigital</channel>
    <channel update="i" site="m.tvtoday.de" site_id="SF1" xmltv_id="SRF 1">SRF 1</channel>
    <channel update="i" site="m.tvtoday.de" site_id="SF2" xmltv_id="SRF zwei">SRF zwei</channel>
    <channel update="i" site="m.tvtoday.de" site_id="STTV" xmltv_id="STAR TV">STAR TV</channel>
    <channel update="i" site="m.tvtoday.de" site_id="SUPER" xmltv_id="SUPER RTL">SUPER RTL</channel>
    <channel update="i" site="m.tvtoday.de" site_id="SWR" xmltv_id="SWR/SR">SWR/SR</channel>
    <channel update="i" site="m.tvtoday.de" site_id="SCIFI" xmltv_id="Syfy">Syfy</channel>
    <channel update="i" site="m.tvtoday.de" site_id="TAG24" xmltv_id="tagesschau 24">tagesschau 24</channel>
    <channel update="i" site="m.tvtoday.de" site_id="TELE5" xmltv_id="TELE 5">TELE 5</channel>
    <channel update="i" site="m.tvtoday.de" site_id="TLC" xmltv_id="TLC">TLC</channel>
    <channel update="i" site="m.tvtoday.de" site_id="TNT-C" xmltv_id="TNT Comedy">TNT Comedy</channel>
    <channel update="i" site="m.tvtoday.de" site_id="TNT-F" xmltv_id="TNT Film">TNT Film</channel>
    <channel update="i" site="m.tvtoday.de" site_id="TNT-S" xmltv_id="TNT Serie">TNT Serie</channel>
    <channel update="i" site="m.tvtoday.de" site_id="TOGGO" xmltv_id="TOGGO plus">TOGGO plus</channel>
    <channel update="i" site="m.tvtoday.de" site_id="TRACE" xmltv_id="Trace TV">Trace TV</channel>
    <channel update="i" site="m.tvtoday.de" site_id="TRCH" xmltv_id="Travel Channel">Travel Channel</channel>
    <channel update="i" site="m.tvtoday.de" site_id="TVB" xmltv_id="tv.berlin">tv.berlin</channel>
    <channel update="i" site="m.tvtoday.de" site_id="TV2" xmltv_id="TV2">TV2</channel>
    <channel update="i" site="m.tvtoday.de" site_id="TV5" xmltv_id="TV5 Monde">TV5 Monde</channel>
    <channel update="i" site="m.tvtoday.de" site_id="UNIVE" xmltv_id="Universal Channel HD">Universal Channel HD</channel>
    <channel update="i" site="m.tvtoday.de" site_id="VH1" xmltv_id="VH1 Classic">VH1 Classic</channel>
    <channel update="i" site="m.tvtoday.de" site_id="VIVA" xmltv_id="VIVA">VIVA</channel>
    <channel update="i" site="m.tvtoday.de" site_id="VOX" xmltv_id="VOX">VOX</channel>
    <channel update="i" site="m.tvtoday.de" site_id="WDR" xmltv_id="WDR">WDR</channel>
    <channel update="i" site="m.tvtoday.de" site_id="WDWTV" xmltv_id="Welt der Wunder TV">Welt der Wunder TV</channel>
    <channel update="i" site="m.tvtoday.de" site_id="DWF" xmltv_id="Wetter.com TV">Wetter.com TV</channel>
    <channel update="i" site="m.tvtoday.de" site_id="ZDF" xmltv_id="ZDF">ZDF</channel>
    <channel update="i" site="m.tvtoday.de" site_id="ZINFO" xmltv_id="ZDFinfo">ZDFinfo</channel>
    <channel update="i" site="m.tvtoday.de" site_id="2NEO" xmltv_id="ZDFneo">ZDFneo</channel>
    <channel update="i" site="m.tvtoday.de" site_id="ZEE-1" xmltv_id="Zee.One">Zee.One</channel>
  </channels>
</site>
