<?xml version="1.0" encoding="UTF-8"?>
<site generator-info-name="WebGrab+Plus/w MDB &amp; REX Postprocess -- version  V1.57 -- Jan van Straaten" site="tvdigital.de">
  <channels>
    <channel update="i" site="tvdigital.de" site_id="13thstreet" xmltv_id="13TH STREET">13TH STREET</channel>
    <channel update="i" site="tvdigital.de" site_id="3plus" xmltv_id="3plus">3plus</channel>
    <channel update="i" site="tvdigital.de" site_id="3sat" xmltv_id="3sat">3sat</channel>
    <channel update="i" site="tvdigital.de" site_id="5plus" xmltv_id="5plus">5plus</channel>
    <channel update="i" site="tvdigital.de" site_id="aunde" xmltv_id="A und E">A und E</channel>
    <channel update="i" site="tvdigital.de" site_id="animalplanet" xmltv_id="Animal Planet">Animal Planet</channel>
    <channel update="i" site="tvdigital.de" site_id="anixehdserie" xmltv_id="Anixe HD Serie">Anixe HD Serie</channel>
    <channel update="i" site="tvdigital.de" site_id="ardalpha" xmltv_id="ARD alpha">ARD alpha</channel>
    <channel update="i" site="tvdigital.de" site_id="arte" xmltv_id="Arte">Arte</channel>
    <channel update="i" site="tvdigital.de" site_id="atv" xmltv_id="ATV">ATV</channel>
    <channel update="i" site="tvdigital.de" site_id="atv2" xmltv_id="ATV2">ATV2</channel>
    <channel update="i" site="tvdigital.de" site_id="automotorundsportchannel" xmltv_id="auto motor und sport channel">auto motor und sport channel</channel>
    <channel update="i" site="tvdigital.de" site_id="axn" xmltv_id="AXN">AXN</channel>
    <channel update="i" site="tvdigital.de" site_id="bbcentertainment" xmltv_id="BBC Entertainment">BBC Entertainment</channel>
    <channel update="i" site="tvdigital.de" site_id="bbcworldnews" xmltv_id="BBC World News">BBC World News</channel>
    <channel update="i" site="tvdigital.de" site_id="beateuhsetv" xmltv_id="Beate-Uhse.TV">Beate-Uhse.TV</channel>
    <channel update="i" site="tvdigital.de" site_id="bibeltv" xmltv_id="Bibel TV">Bibel TV</channel>
    <channel update="i" site="tvdigital.de" site_id="bluehustler" xmltv_id="Blue Hustler">Blue Hustler</channel>
    <channel update="i" site="tvdigital.de" site_id="bongusto" xmltv_id="BonGusto">BonGusto</channel>
    <channel update="i" site="tvdigital.de" site_id="boomerang" xmltv_id="Boomerang">Boomerang</channel>
    <channel update="i" site="tvdigital.de" site_id="br" xmltv_id="BR">BR</channel>
    <channel update="i" site="tvdigital.de" site_id="cartoonnetwork" xmltv_id="Cartoon Network">Cartoon Network</channel>
    <channel update="i" site="tvdigital.de" site_id="channel21" xmltv_id="Channel 21">Channel 21</channel>
    <channel update="i" site="tvdigital.de" site_id="classica" xmltv_id="Classica">Classica</channel>
    <channel update="i" site="tvdigital.de" site_id="cnn" xmltv_id="CNN">CNN</channel>
    <channel update="i" site="tvdigital.de" site_id="daserste" xmltv_id="Das Erste">Das Erste</channel>
    <channel update="i" site="tvdigital.de" site_id="deluxemusic" xmltv_id="Deluxe Music">Deluxe Music</channel>
    <channel update="i" site="tvdigital.de" site_id="deutschesanlegerfernsehen" xmltv_id="Deutsches Anleger Fernsehen">Deutsches Anleger Fernsehen</channel>
    <channel update="i" site="tvdigital.de" site_id="discoverychannel" xmltv_id="Discovery Channel">Discovery Channel</channel>
    <channel update="i" site="tvdigital.de" site_id="disneychannel" xmltv_id="Disney Channel">Disney Channel</channel>
    <channel update="i" site="tvdigital.de" site_id="disneycinemagic" xmltv_id="Disney Cinemagic">Disney Cinemagic</channel>
    <channel update="i" site="tvdigital.de" site_id="disneyjunior" xmltv_id="Disney Junior">Disney Junior</channel>
    <channel update="i" site="tvdigital.de" site_id="disneyxd" xmltv_id="Disney XD">Disney XD</channel>
    <channel update="i" site="tvdigital.de" site_id="dmax" xmltv_id="DMAX">DMAX</channel>
    <channel update="i" site="tvdigital.de" site_id="dweurope" xmltv_id="DW Europe">DW Europe</channel>
    <channel update="i" site="tvdigital.de" site_id="e!entertainment" xmltv_id="E! Entertainment">E! Entertainment</channel>
    <channel update="i" site="tvdigital.de" site_id="euronews" xmltv_id="Euronews">Euronews</channel>
    <channel update="i" site="tvdigital.de" site_id="eurosport" xmltv_id="Eurosport">Eurosport</channel>
    <channel update="i" site="tvdigital.de" site_id="eurosport2" xmltv_id="Eurosport 2">Eurosport 2</channel>
    <channel update="i" site="tvdigital.de" site_id="extremesportschannel" xmltv_id="Extreme Sports Channel">Extreme Sports Channel</channel>
    <channel update="i" site="tvdigital.de" site_id="fixundfoxi" xmltv_id="Fix&amp;Foxi">Fix&amp;Foxi</channel>
    <channel update="i" site="tvdigital.de" site_id="fox" xmltv_id="FOX">FOX</channel>
    <channel update="i" site="tvdigital.de" site_id="geotelevision" xmltv_id="Geo Television">Geo Television</channel>
    <channel update="i" site="tvdigital.de" site_id="goldstartv" xmltv_id="GoldStar TV">GoldStar TV</channel>
    <channel update="i" site="tvdigital.de" site_id="gutelaunetv" xmltv_id="Gute Laune TV">Gute Laune TV</channel>
    <channel update="i" site="tvdigital.de" site_id="heimatkanal" xmltv_id="Heimatkanal">Heimatkanal</channel>
    <channel update="i" site="tvdigital.de" site_id="history" xmltv_id="History">History</channel>
    <channel update="i" site="tvdigital.de" site_id="historyhd" xmltv_id="History HD">History HD</channel>
    <channel update="i" site="tvdigital.de" site_id="hr" xmltv_id="HR">HR</channel>
    <channel update="i" site="tvdigital.de" site_id="hse24" xmltv_id="HSE24">HSE24</channel>
    <channel update="i" site="tvdigital.de" site_id="jukebox" xmltv_id="Jukebox">Jukebox</channel>
    <channel update="i" site="tvdigital.de" site_id="junior" xmltv_id="Junior">Junior</channel>
    <channel update="i" site="tvdigital.de" site_id="kabel1doku" xmltv_id="Kabel 1 Doku">Kabel 1 Doku</channel>
    <channel update="i" site="tvdigital.de" site_id="kabeleins" xmltv_id="kabel eins">kabel eins</channel>
    <channel update="i" site="tvdigital.de" site_id="kabeleinsclassics" xmltv_id="kabel eins classics">kabel eins classics</channel>
    <channel update="i" site="tvdigital.de" site_id="kika" xmltv_id="KiKA">KiKA</channel>
    <channel update="i" site="tvdigital.de" site_id="kinowelttv" xmltv_id="Kinowelt TV">Kinowelt TV</channel>
    <channel update="i" site="tvdigital.de" site_id="lustpur" xmltv_id="Lust Pur">Lust Pur</channel>
    <channel update="i" site="tvdigital.de" site_id="marcopolo" xmltv_id="Marco Polo">Marco Polo</channel>
    <channel update="i" site="tvdigital.de" site_id="mdr" xmltv_id="MDR">MDR</channel>
    <channel update="i" site="tvdigital.de" site_id="mgm" xmltv_id="MGM">MGM</channel>
    <channel update="i" site="tvdigital.de" site_id="motorstv" xmltv_id="Motors TV">Motors TV</channel>
    <channel update="i" site="tvdigital.de" site_id="motorvisiontv" xmltv_id="Motorvision TV">Motorvision TV</channel>
    <channel update="i" site="tvdigital.de" site_id="mtv" xmltv_id="MTV">MTV</channel>
    <channel update="i" site="tvdigital.de" site_id="mtvbrandnew" xmltv_id="MTV Brand New">MTV Brand New</channel>
    <channel update="i" site="tvdigital.de" site_id="mtvhd" xmltv_id="MTV HD">MTV HD</channel>
    <channel update="i" site="tvdigital.de" site_id="mtvlivehd" xmltv_id="MTV Live HD">MTV Live HD</channel>
    <channel update="i" site="tvdigital.de" site_id="ntv" xmltv_id="n-tv">n-tv</channel>
    <channel update="i" site="tvdigital.de" site_id="n24" xmltv_id="N24">N24</channel>
    <channel update="i" site="tvdigital.de" site_id="natgeopeople" xmltv_id="Nat Geo People">Nat Geo People</channel>
    <channel update="i" site="tvdigital.de" site_id="natgeowild" xmltv_id="Nat Geo Wild">Nat Geo Wild</channel>
    <channel update="i" site="tvdigital.de" site_id="nationalgeographicchannel" xmltv_id="National Geographic Channel">National Geographic Channel</channel>
    <channel update="i" site="tvdigital.de" site_id="nauticalchannel" xmltv_id="Nautical Channel">Nautical Channel</channel>
    <channel update="i" site="tvdigital.de" site_id="ndr" xmltv_id="NDR">NDR</channel>
    <channel update="i" site="tvdigital.de" site_id="nickjr" xmltv_id="NICK Jr.">NICK Jr.</channel>
    <channel update="i" site="tvdigital.de" site_id="nickelodeon" xmltv_id="Nickelodeon">Nickelodeon</channel>
    <channel update="i" site="tvdigital.de" site_id="nicktoons" xmltv_id="Nicktoons">Nicktoons</channel>
    <channel update="i" site="tvdigital.de" site_id="one" xmltv_id="One">One</channel>
    <channel update="i" site="tvdigital.de" site_id="orf2" xmltv_id="ORF 2">ORF 2</channel>
    <channel update="i" site="tvdigital.de" site_id="orf3" xmltv_id="ORF 3">ORF 3</channel>
    <channel update="i" site="tvdigital.de" site_id="orfeins" xmltv_id="ORF eins">ORF eins</channel>
    <channel update="i" site="tvdigital.de" site_id="orfsportplus" xmltv_id="ORF Sport +">ORF Sport +</channel>
    <channel update="i" site="tvdigital.de" site_id="passion" xmltv_id="Passion">Passion</channel>
    <channel update="i" site="tvdigital.de" site_id="penthousesd" xmltv_id="Penthouse SD">Penthouse SD</channel>
    <channel update="i" site="tvdigital.de" site_id="phoenix" xmltv_id="Phoenix">Phoenix</channel>
    <channel update="i" site="tvdigital.de" site_id="planet" xmltv_id="Planet">Planet</channel>
    <channel update="i" site="tvdigital.de" site_id="playboytv" xmltv_id="Playboy TV">Playboy TV</channel>
    <channel update="i" site="tvdigital.de" site_id="prosieben" xmltv_id="ProSieben">ProSieben</channel>
    <channel update="i" site="tvdigital.de" site_id="prosiebenfun" xmltv_id="ProSieben Fun">ProSieben Fun</channel>
    <channel update="i" site="tvdigital.de" site_id="prosiebenmaxx" xmltv_id="ProSieben Maxx">ProSieben Maxx</channel>
    <channel update="i" site="tvdigital.de" site_id="puls4" xmltv_id="Puls 4">Puls 4</channel>
    <channel update="i" site="tvdigital.de" site_id="qvc" xmltv_id="QVC">QVC</channel>
    <channel update="i" site="tvdigital.de" site_id="rbb" xmltv_id="RBB">RBB</channel>
    <channel update="i" site="tvdigital.de" site_id="rcktv" xmltv_id="RCK TV">RCK TV</channel>
    <channel update="i" site="tvdigital.de" site_id="romancetv" xmltv_id="Romance TV">Romance TV</channel>
    <channel update="i" site="tvdigital.de" site_id="rtl" xmltv_id="RTL">RTL</channel>
    <channel update="i" site="tvdigital.de" site_id="rtlcrime" xmltv_id="RTL Crime">RTL Crime</channel>
    <channel update="i" site="tvdigital.de" site_id="rtlii" xmltv_id="RTL II">RTL II</channel>
    <channel update="i" site="tvdigital.de" site_id="rtlliving" xmltv_id="RTL Living">RTL Living</channel>
    <channel update="i" site="tvdigital.de" site_id="rtlnitro" xmltv_id="RTL NITRO">RTL NITRO</channel>
    <channel update="i" site="tvdigital.de" site_id="rtlplus" xmltv_id="RTL Plus">RTL Plus</channel>
    <channel update="i" site="tvdigital.de" site_id="sat1" xmltv_id="Sat.1">Sat.1</channel>
    <channel update="i" site="tvdigital.de" site_id="sat1emotions" xmltv_id="Sat.1 Emotions">Sat.1 Emotions</channel>
    <channel update="i" site="tvdigital.de" site_id="sat1gold" xmltv_id="Sat.1 Gold">Sat.1 Gold</channel>
    <channel update="i" site="tvdigital.de" site_id="servustv" xmltv_id="Servus TV">Servus TV</channel>
    <channel update="i" site="tvdigital.de" site_id="silverline" xmltv_id="Silverline">Silverline</channel>
    <channel update="i" site="tvdigital.de" site_id="sixx" xmltv_id="Sixx">Sixx</channel>
    <channel update="i" site="tvdigital.de" site_id="sixxaustria" xmltv_id="sixx Austria">sixx Austria</channel>
    <channel update="i" site="tvdigital.de" site_id="sky1" xmltv_id="Sky 1">Sky 1</channel>
    <channel update="i" site="tvdigital.de" site_id="sky3d" xmltv_id="Sky 3D">Sky 3D</channel>
    <channel update="i" site="tvdigital.de" site_id="skyartshd" xmltv_id="Sky Arts HD">Sky Arts HD</channel>
    <channel update="i" site="tvdigital.de" site_id="skyatlantichd" xmltv_id="Sky Atlantic HD">Sky Atlantic HD</channel>
    <channel update="i" site="tvdigital.de" site_id="skyatlanticplus1" xmltv_id="Sky Atlantic+1">Sky Atlantic+1</channel>
    <channel update="i" site="tvdigital.de" site_id="skybundesliga" xmltv_id="Sky Bundesliga">Sky Bundesliga</channel>
    <channel update="i" site="tvdigital.de" site_id="skycinema" xmltv_id="Sky Cinema">Sky Cinema</channel>
    <channel update="i" site="tvdigital.de" site_id="skycinemaplus1" xmltv_id="Sky Cinema +1">Sky Cinema +1</channel>
    <channel update="i" site="tvdigital.de" site_id="skycinemaplus24" xmltv_id="Sky Cinema +24">Sky Cinema +24</channel>
    <channel update="i" site="tvdigital.de" site_id="skycinemaaction" xmltv_id="Sky Cinema Action">Sky Cinema Action</channel>
    <channel update="i" site="tvdigital.de" site_id="skycinemacomedy" xmltv_id="Sky Cinema Comedy">Sky Cinema Comedy</channel>
    <channel update="i" site="tvdigital.de" site_id="skycinemaemotion" xmltv_id="Sky Cinema Emotion">Sky Cinema Emotion</channel>
    <channel update="i" site="tvdigital.de" site_id="skycinemafamilyhd" xmltv_id="Sky Cinema Family HD">Sky Cinema Family HD</channel>
    <channel update="i" site="tvdigital.de" site_id="skycinemahits" xmltv_id="Sky Cinema Hits">Sky Cinema Hits</channel>
    <channel update="i" site="tvdigital.de" site_id="skycinemanostalgie" xmltv_id="Sky Cinema Nostalgie">Sky Cinema Nostalgie</channel>
    <channel update="i" site="tvdigital.de" site_id="skykrimi" xmltv_id="Sky Krimi">Sky Krimi</channel>
    <channel update="i" site="tvdigital.de" site_id="skysportaustria" xmltv_id="Sky Sport Austria">Sky Sport Austria</channel>
    <channel update="i" site="tvdigital.de" site_id="skysporthd1" xmltv_id="Sky Sport HD 1">Sky Sport HD 1</channel>
    <channel update="i" site="tvdigital.de" site_id="skysporthd2" xmltv_id="Sky Sport HD 2">Sky Sport HD 2</channel>
    <channel update="i" site="tvdigital.de" site_id="skysportnewshd" xmltv_id="Sky Sport News HD">Sky Sport News HD</channel>
    <channel update="i" site="tvdigital.de" site_id="sonnenklartv" xmltv_id="sonnenklar.tv">sonnenklar.tv</channel>
    <channel update="i" site="tvdigital.de" site_id="sonyentertainmenttelevision" xmltv_id="Sony Entertainment Television">Sony Entertainment Television</channel>
    <channel update="i" site="tvdigital.de" site_id="spiegelgeschichte" xmltv_id="Spiegel Geschichte">Spiegel Geschichte</channel>
    <channel update="i" site="tvdigital.de" site_id="spiegeltvwissen" xmltv_id="Spiegel TV Wissen">Spiegel TV Wissen</channel>
    <channel update="i" site="tvdigital.de" site_id="sport1" xmltv_id="SPORT1">SPORT1</channel>
    <channel update="i" site="tvdigital.de" site_id="sport1us" xmltv_id="Sport1 US">Sport1 US</channel>
    <channel update="i" site="tvdigital.de" site_id="sport1plus" xmltv_id="SPORT1+">SPORT1+</channel>
    <channel update="i" site="tvdigital.de" site_id="sportdigital" xmltv_id="sportdigital">sportdigital</channel>
    <channel update="i" site="tvdigital.de" site_id="srf1" xmltv_id="SRF 1">SRF 1</channel>
    <channel update="i" site="tvdigital.de" site_id="srf2" xmltv_id="SRF 2">SRF 2</channel>
    <channel update="i" site="tvdigital.de" site_id="srfinfo" xmltv_id="SRF info">SRF info</channel>
    <channel update="i" site="tvdigital.de" site_id="startv" xmltv_id="Star TV">Star TV</channel>
    <channel update="i" site="tvdigital.de" site_id="superrtl" xmltv_id="Super RTL">Super RTL</channel>
    <channel update="i" site="tvdigital.de" site_id="swr" xmltv_id="SWR">SWR</channel>
    <channel update="i" site="tvdigital.de" site_id="syfy" xmltv_id="Syfy">Syfy</channel>
    <channel update="i" site="tvdigital.de" site_id="tagesschau24" xmltv_id="tagesschau24">tagesschau24</channel>
    <channel update="i" site="tvdigital.de" site_id="tele5" xmltv_id="Tele 5">Tele 5</channel>
    <channel update="i" site="tvdigital.de" site_id="tlc" xmltv_id="TLC">TLC</channel>
    <channel update="i" site="tvdigital.de" site_id="tntcomedy" xmltv_id="TNT Comedy">TNT Comedy</channel>
    <channel update="i" site="tvdigital.de" site_id="tntfilm" xmltv_id="TNT Film">TNT Film</channel>
    <channel update="i" site="tvdigital.de" site_id="tntserie" xmltv_id="TNT Serie">TNT Serie</channel>
    <channel update="i" site="tvdigital.de" site_id="travelchannel" xmltv_id="Travelchannel">Travelchannel</channel>
    <channel update="i" site="tvdigital.de" site_id="trttuerk" xmltv_id="TRT Türk">TRT Türk</channel>
    <channel update="i" site="tvdigital.de" site_id="tv5monde" xmltv_id="TV5MONDE">TV5MONDE</channel>
    <channel update="i" site="tvdigital.de" site_id="universalchannel" xmltv_id="Universal Channel">Universal Channel</channel>
    <channel update="i" site="tvdigital.de" site_id="vh1classic" xmltv_id="VH1 Classic">VH1 Classic</channel>
    <channel update="i" site="tvdigital.de" site_id="vivacomedycentral" xmltv_id="Viva / Comedy Central">Viva / Comedy Central</channel>
    <channel update="i" site="tvdigital.de" site_id="vox" xmltv_id="VOX">VOX</channel>
    <channel update="i" site="tvdigital.de" site_id="wdr" xmltv_id="WDR">WDR</channel>
    <channel update="i" site="tvdigital.de" site_id="zdf" xmltv_id="ZDF">ZDF</channel>
    <channel update="i" site="tvdigital.de" site_id="zdfinfo" xmltv_id="ZDFinfo">ZDFinfo</channel>
    <channel update="i" site="tvdigital.de" site_id="zdfneo" xmltv_id="ZDFneo">ZDFneo</channel>
    <channel update="i" site="tvdigital.de" site_id="zeeone" xmltv_id="Zee One">Zee One</channel>
  </channels>
</site>
