<?xml version="1.0" encoding="UTF-8"?>
<site generator-info-name="WebGrab+Plus/w MDB &amp; REX Postprocess -- version  V1.57 -- Jan van Straaten" site="vodafone.de">
  <channels>
    <channel update="i" site="vodafone.de" site_id="1566" xmltv_id="Vodafone Infochannel">Vodafone Infochannel</channel>
    <channel update="i" site="vodafone.de" site_id="1" xmltv_id="Das Erste">Das Erste</channel>
    <channel update="i" site="vodafone.de" site_id="2" xmltv_id="ZDF">ZDF</channel>
    <channel update="i" site="vodafone.de" site_id="4" xmltv_id="RTL">RTL</channel>
    <channel update="i" site="vodafone.de" site_id="5" xmltv_id="SAT.1">SAT.1</channel>
    <channel update="i" site="vodafone.de" site_id="6" xmltv_id="ProSieben">ProSieben</channel>
    <channel update="i" site="vodafone.de" site_id="11" xmltv_id="VOX">VOX</channel>
    <channel update="i" site="vodafone.de" site_id="9" xmltv_id="RTL II">RTL II</channel>
    <channel update="i" site="vodafone.de" site_id="8" xmltv_id="kabel eins">kabel eins</channel>
    <channel update="i" site="vodafone.de" site_id="118" xmltv_id="3sat">3sat</channel>
    <channel update="i" site="vodafone.de" site_id="10" xmltv_id="ARTE">ARTE</channel>
    <channel update="i" site="vodafone.de" site_id="956" xmltv_id="EinsPlus">EinsPlus</channel>
    <channel update="i" site="vodafone.de" site_id="4162" xmltv_id="Das Erste HD">Das Erste HD</channel>
    <channel update="i" site="vodafone.de" site_id="4163" xmltv_id="ZDF HD">ZDF HD</channel>
    <channel update="i" site="vodafone.de" site_id="4224" xmltv_id="RTL HD">RTL HD</channel>
    <channel update="i" site="vodafone.de" site_id="4225" xmltv_id="SAT.1 HD">SAT.1 HD</channel>
    <channel update="i" site="vodafone.de" site_id="4226" xmltv_id="ProSieben HD">ProSieben HD</channel>
    <channel update="i" site="vodafone.de" site_id="4228" xmltv_id="VOX HD">VOX HD</channel>
    <channel update="i" site="vodafone.de" site_id="4636" xmltv_id="RTL II HD">RTL II HD</channel>
    <channel update="i" site="vodafone.de" site_id="4227" xmltv_id="kabel eins HD">kabel eins HD</channel>
    <channel update="i" site="vodafone.de" site_id="3832" xmltv_id="ARTE HD">ARTE HD</channel>
    <channel update="i" site="vodafone.de" site_id="4965" xmltv_id="3sat HD">3sat HD</channel>
    <channel update="i" site="vodafone.de" site_id="4119" xmltv_id="ServusTV">ServusTV</channel>
    <channel update="i" site="vodafone.de" site_id="4726" xmltv_id="ServusTV HD">ServusTV HD</channel>
    <channel update="i" site="vodafone.de" site_id="3520" xmltv_id="MDR S-Anhalt">MDR S-Anhalt</channel>
    <channel update="i" site="vodafone.de" site_id="3521" xmltv_id="MDR Sachsen">MDR Sachsen</channel>
    <channel update="i" site="vodafone.de" site_id="3522" xmltv_id="MDR Thüringen">MDR Thüringen</channel>
    <channel update="i" site="vodafone.de" site_id="3525" xmltv_id="NDR FS MV">NDR FS MV</channel>
    <channel update="i" site="vodafone.de" site_id="3524" xmltv_id="NDR FS HH">NDR FS HH</channel>
    <channel update="i" site="vodafone.de" site_id="19" xmltv_id="NDR FS NDS">NDR FS NDS</channel>
    <channel update="i" site="vodafone.de" site_id="3526" xmltv_id="NDR FS SH">NDR FS SH</channel>
    <channel update="i" site="vodafone.de" site_id="35" xmltv_id="rbb Brandenburg">rbb Brandenburg</channel>
    <channel update="i" site="vodafone.de" site_id="3528" xmltv_id="rbb Berlin">rbb Berlin</channel>
    <channel update="i" site="vodafone.de" site_id="18" xmltv_id="BR Fernsehen Süd">BR Fernsehen Süd</channel>
    <channel update="i" site="vodafone.de" site_id="17" xmltv_id="WDR Köln">WDR Köln</channel>
    <channel update="i" site="vodafone.de" site_id="26" xmltv_id="hr-fernsehen">hr-fernsehen</channel>
    <channel update="i" site="vodafone.de" site_id="30" xmltv_id="SWR Fernsehen RP">SWR Fernsehen RP</channel>
    <channel update="i" site="vodafone.de" site_id="31" xmltv_id="SR Fernsehen">SR Fernsehen</channel>
    <channel update="i" site="vodafone.de" site_id="9643" xmltv_id="hr-fernsehen HD">hr-fernsehen HD</channel>
    <channel update="i" site="vodafone.de" site_id="5425" xmltv_id="SWR Fernsehen RP HD">SWR Fernsehen RP HD</channel>
    <channel update="i" site="vodafone.de" site_id="4968" xmltv_id="WDR Köln HD">WDR Köln HD</channel>
    <channel update="i" site="vodafone.de" site_id="4966" xmltv_id="BR Fernsehen Süd HD">BR Fernsehen Süd HD</channel>
    <channel update="i" site="vodafone.de" site_id="5426" xmltv_id="NDR FS HH HD">NDR FS HH HD</channel>
    <channel update="i" site="vodafone.de" site_id="9652" xmltv_id="MDR Sachsen HD">MDR Sachsen HD</channel>
    <channel update="i" site="vodafone.de" site_id="9661" xmltv_id="rbb Berlin HD">rbb Berlin HD</channel>
    <channel update="i" site="vodafone.de" site_id="5427" xmltv_id="NDR FS MV HD">NDR FS MV HD</channel>
    <channel update="i" site="vodafone.de" site_id="9655" xmltv_id="MDR Thüringen HD">MDR Thüringen HD</channel>
    <channel update="i" site="vodafone.de" site_id="9646" xmltv_id="MDR S-Anhalt HD">MDR S-Anhalt HD</channel>
    <channel update="i" site="vodafone.de" site_id="5424" xmltv_id="Bayerisches FS Nord HD">Bayerisches FS Nord HD</channel>
    <channel update="i" site="vodafone.de" site_id="9662" xmltv_id="rbb Brandenburg HD">rbb Brandenburg HD</channel>
    <channel update="i" site="vodafone.de" site_id="4967" xmltv_id="SWR Fernsehen BW HD">SWR Fernsehen BW HD</channel>
    <channel update="i" site="vodafone.de" site_id="5428" xmltv_id="NDR FS SH HD">NDR FS SH HD</channel>
    <channel update="i" site="vodafone.de" site_id="4969" xmltv_id="NDR FS NDS HD">NDR FS NDS HD</channel>
    <channel update="i" site="vodafone.de" site_id="121" xmltv_id="COMEDY CENTRAL / VIVA">COMEDY CENTRAL / VIVA</channel>
    <channel update="i" site="vodafone.de" site_id="105" xmltv_id="TELE 5">TELE 5</channel>
    <channel update="i" site="vodafone.de" site_id="931" xmltv_id="Disney Channel">Disney Channel</channel>
    <channel update="i" site="vodafone.de" site_id="955" xmltv_id="One">One</channel>
    <channel update="i" site="vodafone.de" site_id="961" xmltv_id="zdf.kultur">zdf.kultur</channel>
    <channel update="i" site="vodafone.de" site_id="4130" xmltv_id="ZDFneo">ZDFneo</channel>
    <channel update="i" site="vodafone.de" site_id="1562" xmltv_id="AstroTV">AstroTV</channel>
    <channel update="i" site="vodafone.de" site_id="30774" xmltv_id="RTLplus">RTLplus</channel>
    <channel update="i" site="vodafone.de" site_id="4947" xmltv_id="RTL NITRO">RTL NITRO</channel>
    <channel update="i" site="vodafone.de" site_id="4218" xmltv_id="sixx">sixx</channel>
    <channel update="i" site="vodafone.de" site_id="5602" xmltv_id="SAT.1 Gold">SAT.1 Gold</channel>
    <channel update="i" site="vodafone.de" site_id="9159" xmltv_id="ProSieben MAXX">ProSieben MAXX</channel>
    <channel update="i" site="vodafone.de" site_id="23939" xmltv_id="TLC">TLC</channel>
    <channel update="i" site="vodafone.de" site_id="3877" xmltv_id="ANIXE SD">ANIXE SD</channel>
    <channel update="i" site="vodafone.de" site_id="4637" xmltv_id="sixx HD">sixx HD</channel>
    <channel update="i" site="vodafone.de" site_id="5479" xmltv_id="RTL NITRO HD">RTL NITRO HD</channel>
    <channel update="i" site="vodafone.de" site_id="4731" xmltv_id="E! Entertainment">E! Entertainment</channel>
    <channel update="i" site="vodafone.de" site_id="1513" xmltv_id="Bon Gusto">Bon Gusto</channel>
    <channel update="i" site="vodafone.de" site_id="718" xmltv_id="RTL Living">RTL Living</channel>
    <channel update="i" site="vodafone.de" site_id="4740" xmltv_id="TELE 5 HD">TELE 5 HD</channel>
    <channel update="i" site="vodafone.de" site_id="4633" xmltv_id="MTV HD">MTV HD</channel>
    <channel update="i" site="vodafone.de" site_id="4640" xmltv_id="COMEDY CENTRAL/VIVA HD">COMEDY CENTRAL/VIVA HD</channel>
    <channel update="i" site="vodafone.de" site_id="4964" xmltv_id="Disney Channel HD">Disney Channel HD</channel>
    <channel update="i" site="vodafone.de" site_id="702" xmltv_id="SAT.1 emotions">SAT.1 emotions</channel>
    <channel update="i" site="vodafone.de" site_id="3798" xmltv_id="Animax">Animax</channel>
    <channel update="i" site="vodafone.de" site_id="4971" xmltv_id="ZDFneo HD">ZDFneo HD</channel>
    <channel update="i" site="vodafone.de" site_id="4943" xmltv_id="HSE24 HD">HSE24 HD</channel>
    <channel update="i" site="vodafone.de" site_id="4944" xmltv_id="QVC HD">QVC HD</channel>
    <channel update="i" site="vodafone.de" site_id="1559" xmltv_id="1-2-3.tv">1-2-3.tv</channel>
    <channel update="i" site="vodafone.de" site_id="801" xmltv_id="HSE24">HSE24</channel>
    <channel update="i" site="vodafone.de" site_id="802" xmltv_id="Channel21">Channel21</channel>
    <channel update="i" site="vodafone.de" site_id="1568" xmltv_id="sonnenklar.TV">sonnenklar.TV</channel>
    <channel update="i" site="vodafone.de" site_id="973" xmltv_id="QVC">QVC</channel>
    <channel update="i" site="vodafone.de" site_id="1565" xmltv_id="Juwelo TV">Juwelo TV</channel>
    <channel update="i" site="vodafone.de" site_id="23944" xmltv_id="HSE24 EXTRA">HSE24 EXTRA</channel>
    <channel update="i" site="vodafone.de" site_id="23942" xmltv_id="QVC PLUS">QVC PLUS</channel>
    <channel update="i" site="vodafone.de" site_id="3865" xmltv_id="13th Street">13th Street</channel>
    <channel update="i" site="vodafone.de" site_id="3866" xmltv_id="Syfy">Syfy</channel>
    <channel update="i" site="vodafone.de" site_id="844" xmltv_id="KinoweltTV">KinoweltTV</channel>
    <channel update="i" site="vodafone.de" site_id="847" xmltv_id="AXN">AXN</channel>
    <channel update="i" site="vodafone.de" site_id="838" xmltv_id="Silverline">Silverline</channel>
    <channel update="i" site="vodafone.de" site_id="701" xmltv_id="kabel eins CLASSICS">kabel eins CLASSICS</channel>
    <channel update="i" site="vodafone.de" site_id="4945" xmltv_id="TNT Comedy">TNT Comedy</channel>
    <channel update="i" site="vodafone.de" site_id="717" xmltv_id="TNT Film">TNT Film</channel>
    <channel update="i" site="vodafone.de" site_id="3906" xmltv_id="TNT Serie">TNT Serie</channel>
    <channel update="i" site="vodafone.de" site_id="3823" xmltv_id="FOX">FOX</channel>
    <channel update="i" site="vodafone.de" site_id="3805" xmltv_id="Romance TV">Romance TV</channel>
    <channel update="i" site="vodafone.de" site_id="4277" xmltv_id="TNT Film HD">TNT Film HD</channel>
    <channel update="i" site="vodafone.de" site_id="4276" xmltv_id="TNT Serie HD">TNT Serie HD</channel>
    <channel update="i" site="vodafone.de" site_id="4278" xmltv_id="FOX HD">FOX HD</channel>
    <channel update="i" site="vodafone.de" site_id="4670" xmltv_id="13th Street HD">13th Street HD</channel>
    <channel update="i" site="vodafone.de" site_id="4279" xmltv_id="Syfy HD">Syfy HD</channel>
    <channel update="i" site="vodafone.de" site_id="4727" xmltv_id="Romance TV HD">Romance TV HD</channel>
    <channel update="i" site="vodafone.de" site_id="4946" xmltv_id="TNT Comedy HD">TNT Comedy HD</channel>
    <channel update="i" site="vodafone.de" site_id="4937" xmltv_id="KinoweltTV HD">KinoweltTV HD</channel>
    <channel update="i" site="vodafone.de" site_id="4631" xmltv_id="AXN HD">AXN HD</channel>
    <channel update="i" site="vodafone.de" site_id="9164" xmltv_id="Universal Channel HD">Universal Channel HD</channel>
    <channel update="i" site="vodafone.de" site_id="10096" xmltv_id="Sony Entertainment TV HD">Sony Entertainment TV HD</channel>
    <channel update="i" site="vodafone.de" site_id="12" xmltv_id="SPORT1">SPORT1</channel>
    <channel update="i" site="vodafone.de" site_id="107" xmltv_id="Eurosport 1">Eurosport 1</channel>
    <channel update="i" site="vodafone.de" site_id="865" xmltv_id="Eurosport 2">Eurosport 2</channel>
    <channel update="i" site="vodafone.de" site_id="4250" xmltv_id="SPORT1+">SPORT1+</channel>
    <channel update="i" site="vodafone.de" site_id="9160" xmltv_id="Sport1 US">Sport1 US</channel>
    <channel update="i" site="vodafone.de" site_id="3802" xmltv_id="sportdigital">sportdigital</channel>
    <channel update="i" site="vodafone.de" site_id="4639" xmltv_id="SPORT1 HD">SPORT1 HD</channel>
    <channel update="i" site="vodafone.de" site_id="4280" xmltv_id="SPORT1+ HD">SPORT1+ HD</channel>
    <channel update="i" site="vodafone.de" site_id="9161" xmltv_id="Sport1 US HD">Sport1 US HD</channel>
    <channel update="i" site="vodafone.de" site_id="24487" xmltv_id="sportdigital HD">sportdigital HD</channel>
    <channel update="i" site="vodafone.de" site_id="57" xmltv_id="ARD-alpha">ARD-alpha</channel>
    <channel update="i" site="vodafone.de" site_id="227" xmltv_id="DMAX">DMAX</channel>
    <channel update="i" site="vodafone.de" site_id="937" xmltv_id="PLANET">PLANET</channel>
    <channel update="i" site="vodafone.de" site_id="23072" xmltv_id="Welt der Wunder">Welt der Wunder</channel>
    <channel update="i" site="vodafone.de" site_id="854" xmltv_id="HISTORY">HISTORY</channel>
    <channel update="i" site="vodafone.de" site_id="721" xmltv_id="A&amp;E">A&amp;E</channel>
    <channel update="i" site="vodafone.de" site_id="845" xmltv_id="National Geographic">National Geographic</channel>
    <channel update="i" site="vodafone.de" site_id="4723" xmltv_id="SPIEGEL TV WISSEN">SPIEGEL TV WISSEN</channel>
    <channel update="i" site="vodafone.de" site_id="5445" xmltv_id="DMAX HD">DMAX HD</channel>
    <channel update="i" site="vodafone.de" site_id="4619" xmltv_id="National Geographic HD">National Geographic HD</channel>
    <channel update="i" site="vodafone.de" site_id="4635" xmltv_id="PLANET HD">PLANET HD</channel>
    <channel update="i" site="vodafone.de" site_id="4725" xmltv_id="SPIEGEL TV WISSEN HD">SPIEGEL TV WISSEN HD</channel>
    <channel update="i" site="vodafone.de" site_id="26900" xmltv_id="A&amp;E HD">A&amp;E HD</channel>
    <channel update="i" site="vodafone.de" site_id="4129" xmltv_id="HISTORY HD">HISTORY HD</channel>
    <channel update="i" site="vodafone.de" site_id="23497" xmltv_id="NAT GEO people">NAT GEO people</channel>
    <channel update="i" site="vodafone.de" site_id="30008" xmltv_id="Discovery HD (KD)">Discovery HD (KD)</channel>
    <channel update="i" site="vodafone.de" site_id="837" xmltv_id="Bibel TV">Bibel TV</channel>
    <channel update="i" site="vodafone.de" site_id="2011" xmltv_id="Vidrodjennya TV(rus)">Vidrodjennya TV(rus)</channel>
    <channel update="i" site="vodafone.de" site_id="7" xmltv_id="n-tv">n-tv</channel>
    <channel update="i" site="vodafone.de" site_id="206" xmltv_id="PHOENIX">PHOENIX</channel>
    <channel update="i" site="vodafone.de" site_id="953" xmltv_id="N24">N24</channel>
    <channel update="i" site="vodafone.de" site_id="962" xmltv_id="tagesschau24">tagesschau24</channel>
    <channel update="i" site="vodafone.de" site_id="963" xmltv_id="ZDFinfo">ZDFinfo</channel>
    <channel update="i" site="vodafone.de" site_id="112" xmltv_id="BBC World News (eng)">BBC World News (eng)</channel>
    <channel update="i" site="vodafone.de" site_id="2025" xmltv_id="CNN International (eng)">CNN International (eng)</channel>
    <channel update="i" site="vodafone.de" site_id="3737" xmltv_id="Al Jazeera Int (eng)">Al Jazeera Int (eng)</channel>
    <channel update="i" site="vodafone.de" site_id="9165" xmltv_id="CNN International HD (eng)">CNN International HD (eng)</channel>
    <channel update="i" site="vodafone.de" site_id="4634" xmltv_id="N24 HD">N24 HD</channel>
    <channel update="i" site="vodafone.de" site_id="5429" xmltv_id="PHOENIX HD">PHOENIX HD</channel>
    <channel update="i" site="vodafone.de" site_id="9286" xmltv_id="n-tv HD">n-tv HD</channel>
    <channel update="i" site="vodafone.de" site_id="9615" xmltv_id="Bibel TV HD">Bibel TV HD</channel>
    <channel update="i" site="vodafone.de" site_id="179" xmltv_id="SUPER RTL">SUPER RTL</channel>
    <channel update="i" site="vodafone.de" site_id="63" xmltv_id="KiKA">KiKA</channel>
    <channel update="i" site="vodafone.de" site_id="882" xmltv_id="Nickelodeon">Nickelodeon</channel>
    <channel update="i" site="vodafone.de" site_id="976" xmltv_id="Disney XD">Disney XD</channel>
    <channel update="i" site="vodafone.de" site_id="16001" xmltv_id="TOGGO plus">TOGGO plus</channel>
    <channel update="i" site="vodafone.de" site_id="4114" xmltv_id="Disney Junior">Disney Junior</channel>
    <channel update="i" site="vodafone.de" site_id="1511" xmltv_id="Boomerang">Boomerang</channel>
    <channel update="i" site="vodafone.de" site_id="902" xmltv_id="Cartoon Network">Cartoon Network</channel>
    <channel update="i" site="vodafone.de" site_id="4942" xmltv_id="SUPER RTL HD">SUPER RTL HD</channel>
    <channel update="i" site="vodafone.de" site_id="4641" xmltv_id="Nickelodeon HD">Nickelodeon HD</channel>
    <channel update="i" site="vodafone.de" site_id="4940" xmltv_id="Cartoon Network HD">Cartoon Network HD</channel>
    <channel update="i" site="vodafone.de" site_id="4939" xmltv_id="Boomerang HD">Boomerang HD</channel>
    <channel update="i" site="vodafone.de" site_id="4970" xmltv_id="KiKA HD">KiKA HD</channel>
    <channel update="i" site="vodafone.de" site_id="24488" xmltv_id="Nick Jr. HD">Nick Jr. HD</channel>
    <channel update="i" site="vodafone.de" site_id="9289" xmltv_id="Disney Jr. HD">Disney Jr. HD</channel>
    <channel update="i" site="vodafone.de" site_id="9290" xmltv_id="Disney XD HD">Disney XD HD</channel>
    <channel update="i" site="vodafone.de" site_id="9319" xmltv_id="Deutsches Musik Fernsehen">Deutsches Musik Fernsehen</channel>
    <channel update="i" site="vodafone.de" site_id="3800" xmltv_id="DELUXE MUSIC">DELUXE MUSIC</channel>
    <channel update="i" site="vodafone.de" site_id="9095" xmltv_id="Deluxe Music HD">Deluxe Music HD</channel>
    <channel update="i" site="vodafone.de" site_id="4291" xmltv_id="MTV Brand New">MTV Brand New</channel>
    <channel update="i" site="vodafone.de" site_id="1508" xmltv_id="Gute Laune TV">Gute Laune TV</channel>
    <channel update="i" site="vodafone.de" site_id="3780" xmltv_id="RCK TV">RCK TV</channel>
    <channel update="i" site="vodafone.de" site_id="3778" xmltv_id="Jukebox">Jukebox</channel>
    <channel update="i" site="vodafone.de" site_id="4134" xmltv_id="LUST PUR">LUST PUR</channel>
    <channel update="i" site="vodafone.de" site_id="24059" xmltv_id="MovieMax Turk (tur)">MovieMax Turk (tur)</channel>
    <channel update="i" site="vodafone.de" site_id="3555" xmltv_id="Turkmax gurme (tur)">Turkmax gurme (tur)</channel>
    <channel update="i" site="vodafone.de" site_id="23328" xmltv_id="tv8 (tur)">tv8 (tur)</channel>
    <channel update="i" site="vodafone.de" site_id="1532" xmltv_id="Show Turk (tur)">Show Turk (tur)</channel>
    <channel update="i" site="vodafone.de" site_id="4215" xmltv_id="CNN TÜRK (tur)">CNN TÜRK (tur)</channel>
    <channel update="i" site="vodafone.de" site_id="990" xmltv_id="Euro D (tur)">Euro D (tur)</channel>
    <channel update="i" site="vodafone.de" site_id="1540" xmltv_id="Kanal 7 Avrupa (tur)">Kanal 7 Avrupa (tur)</channel>
    <channel update="i" site="vodafone.de" site_id="1564" xmltv_id="Euro Star (tur)">Euro Star (tur)</channel>
    <channel update="i" site="vodafone.de" site_id="1572" xmltv_id="TV Polonia (pol)">TV Polonia (pol)</channel>
    <channel update="i" site="vodafone.de" site_id="1539" xmltv_id="iTVN (pol)">iTVN (pol)</channel>
    <channel update="i" site="vodafone.de" site_id="1530" xmltv_id="RTVD (rus)">RTVD (rus)</channel>
    <channel update="i" site="vodafone.de" site_id="1541" xmltv_id="Kinomir (rus)">Kinomir (rus)</channel>
    <channel update="i" site="vodafone.de" site_id="9011" xmltv_id="Telebom/Teledom (rus)">Telebom/Teledom (rus)</channel>
    <channel update="i" site="vodafone.de" site_id="1537" xmltv_id="Channel One Russia (rus)">Channel One Russia (rus)</channel>
    <channel update="i" site="vodafone.de" site_id="1531" xmltv_id="RTR-Planeta (rus)">RTR-Planeta (rus)</channel>
    <channel update="i" site="vodafone.de" site_id="2507" xmltv_id="France 2 (fre)">France 2 (fre)</channel>
    <channel update="i" site="vodafone.de" site_id="2559" xmltv_id="TV 5 Monde (fre)">TV 5 Monde (fre)</channel>
    <channel update="i" site="vodafone.de" site_id="2508" xmltv_id="France 3 (fre)">France 3 (fre)</channel>
    <channel update="i" site="vodafone.de" site_id="2632" xmltv_id="France 24 (fre)">France 24 (fre)</channel>
    <channel update="i" site="vodafone.de" site_id="9252" xmltv_id="SONLife (eng)">SONLife (eng)</channel>
    <channel update="i" site="vodafone.de" site_id="4115" xmltv_id="TNT Serie (eng)">TNT Serie (eng)</channel>
    <channel update="i" site="vodafone.de" site_id="3969" xmltv_id="TNT Film (eng)">TNT Film (eng)</channel>
    <channel update="i" site="vodafone.de" site_id="3870" xmltv_id="AXN (eng)">AXN (eng)</channel>
    <channel update="i" site="vodafone.de" site_id="2043" xmltv_id="BBC Entertainment (eng)">BBC Entertainment (eng)</channel>
    <channel update="i" site="vodafone.de" site_id="4539" xmltv_id="National Geographic (eng)">National Geographic (eng)</channel>
    <channel update="i" site="vodafone.de" site_id="9162" xmltv_id="Sport1 US (eng)">Sport1 US (eng)</channel>
    <channel update="i" site="vodafone.de" site_id="4125" xmltv_id="Disney XD (eng)">Disney XD (eng)</channel>
    <channel update="i" site="vodafone.de" site_id="4124" xmltv_id="Disney Junior (eng)">Disney Junior (eng)</channel>
    <channel update="i" site="vodafone.de" site_id="3876" xmltv_id="Boomerang (eng)">Boomerang (eng)</channel>
    <channel update="i" site="vodafone.de" site_id="3964" xmltv_id="Cartoon Network (eng)">Cartoon Network (eng)</channel>
    <channel update="i" site="vodafone.de" site_id="3034" xmltv_id="Rai 1 (ita)">Rai 1 (ita)</channel>
    <channel update="i" site="vodafone.de" site_id="3023" xmltv_id="Rai 2 (ita)">Rai 2 (ita)</channel>
    <channel update="i" site="vodafone.de" site_id="3033" xmltv_id="Rai 3 (ita)">Rai 3 (ita)</channel>
    <channel update="i" site="vodafone.de" site_id="3267" xmltv_id="TVE Internacional (spa)">TVE Internacional (spa)</channel>
    <channel update="i" site="vodafone.de" site_id="1536" xmltv_id="Canal 24 Horas (spa)">Canal 24 Horas (spa)</channel>
    <channel update="i" site="vodafone.de" site_id="2562" xmltv_id="RTP Internacional (por)">RTP Internacional (por)</channel>
    <channel update="i" site="vodafone.de" site_id="4194" xmltv_id="HRT 1 (hrv)">HRT 1 (hrv)</channel>
    <channel update="i" site="vodafone.de" site_id="4978" xmltv_id="Sky Atlantic HD">Sky Atlantic HD</channel>
    <channel update="i" site="vodafone.de" site_id="4222" xmltv_id="Sky Cinema HD">Sky Cinema HD</channel>
    <channel update="i" site="vodafone.de" site_id="4638" xmltv_id="Sky Hits HD">Sky Hits HD</channel>
    <channel update="i" site="vodafone.de" site_id="4274" xmltv_id="Sky Action HD">Sky Action HD</channel>
    <channel update="i" site="vodafone.de" site_id="4221" xmltv_id="Disney Cinemagic HD">Disney Cinemagic HD</channel>
    <channel update="i" site="vodafone.de" site_id="9708" xmltv_id="Sky Atlantic">Sky Atlantic</channel>
    <channel update="i" site="vodafone.de" site_id="910" xmltv_id="Sky Cinema">Sky Cinema</channel>
    <channel update="i" site="vodafone.de" site_id="983" xmltv_id="Sky Cinema +1">Sky Cinema +1</channel>
    <channel update="i" site="vodafone.de" site_id="984" xmltv_id="Sky Cinema +24">Sky Cinema +24</channel>
    <channel update="i" site="vodafone.de" site_id="911" xmltv_id="Sky Hits">Sky Hits</channel>
    <channel update="i" site="vodafone.de" site_id="4095" xmltv_id="Sky Action">Sky Action</channel>
    <channel update="i" site="vodafone.de" site_id="4096" xmltv_id="Sky Comedy">Sky Comedy</channel>
    <channel update="i" site="vodafone.de" site_id="4097" xmltv_id="Sky Emotion">Sky Emotion</channel>
    <channel update="i" site="vodafone.de" site_id="940" xmltv_id="Sky Nostalgie">Sky Nostalgie</channel>
    <channel update="i" site="vodafone.de" site_id="4098" xmltv_id="Disney Cinemagic">Disney Cinemagic</channel>
    <channel update="i" site="vodafone.de" site_id="941" xmltv_id="MGM">MGM</channel>
    <channel update="i" site="vodafone.de" site_id="4099" xmltv_id="NatGeo HD">NatGeo HD</channel>
    <channel update="i" site="vodafone.de" site_id="4736" xmltv_id="NatGeo Wild HD">NatGeo Wild HD</channel>
    <channel update="i" site="vodafone.de" site_id="895" xmltv_id="Discovery HD">Discovery HD</channel>
    <channel update="i" site="vodafone.de" site_id="9375" xmltv_id="Fox HD">Fox HD</channel>
    <channel update="i" site="vodafone.de" site_id="9376" xmltv_id="TNT Serie HD">TNT Serie HD</channel>
    <channel update="i" site="vodafone.de" site_id="936" xmltv_id="Sky Krimi">Sky Krimi</channel>
    <channel update="i" site="vodafone.de" site_id="913" xmltv_id="13th Street">13th Street</channel>
    <channel update="i" site="vodafone.de" site_id="719" xmltv_id="RTL Crime">RTL Crime</channel>
    <channel update="i" site="vodafone.de" site_id="720" xmltv_id="RTL Passion">RTL Passion</channel>
    <channel update="i" site="vodafone.de" site_id="27323" xmltv_id="Fox Serie">Fox Serie</channel>
    <channel update="i" site="vodafone.de" site_id="3908" xmltv_id="TNT Serie">TNT Serie</channel>
    <channel update="i" site="vodafone.de" site_id="934" xmltv_id="SyFy">SyFy</channel>
    <channel update="i" site="vodafone.de" site_id="944" xmltv_id="Beate-Uhse.TV">Beate-Uhse.TV</channel>
    <channel update="i" site="vodafone.de" site_id="916" xmltv_id="Heimatkanal">Heimatkanal</channel>
    <channel update="i" site="vodafone.de" site_id="975" xmltv_id="Goldstar TV">Goldstar TV</channel>
    <channel update="i" site="vodafone.de" site_id="3980" xmltv_id="Classica">Classica</channel>
    <channel update="i" site="vodafone.de" site_id="4951" xmltv_id="Disney XD">Disney XD</channel>
    <channel update="i" site="vodafone.de" site_id="853" xmltv_id="Disney Junior">Disney Junior</channel>
    <channel update="i" site="vodafone.de" site_id="930" xmltv_id="Junior">Junior</channel>
    <channel update="i" site="vodafone.de" site_id="933" xmltv_id="Discovery Channel">Discovery Channel</channel>
    <channel update="i" site="vodafone.de" site_id="3869" xmltv_id="National Geographic">National Geographic</channel>
    <channel update="i" site="vodafone.de" site_id="4100" xmltv_id="NatGeo Wild">NatGeo Wild</channel>
    <channel update="i" site="vodafone.de" site_id="4101" xmltv_id="Spiegel Geschichte">Spiegel Geschichte</channel>
    <channel update="i" site="vodafone.de" site_id="4102" xmltv_id="Motorvision TV">Motorvision TV</channel>
    <channel update="i" site="vodafone.de" site_id="4739" xmltv_id="Sky Sport News HD">Sky Sport News HD</channel>
    <channel update="i" site="vodafone.de" site_id="9098" xmltv_id="Sky Sport Bundesliga 1 HD">Sky Sport Bundesliga 1 HD</channel>
    <channel update="i" site="vodafone.de" site_id="9268" xmltv_id="Sky Sport Bundesliga 2 HD">Sky Sport Bundesliga 2 HD</channel>
    <channel update="i" site="vodafone.de" site_id="9269" xmltv_id="Sky Sport Bundesliga 3 HD">Sky Sport Bundesliga 3 HD</channel>
    <channel update="i" site="vodafone.de" site_id="9270" xmltv_id="Sky Sport Bundesliga 4 HD">Sky Sport Bundesliga 4 HD</channel>
    <channel update="i" site="vodafone.de" site_id="4104" xmltv_id="Sky Sport 1 HD">Sky Sport 1 HD</channel>
    <channel update="i" site="vodafone.de" site_id="4248" xmltv_id="Sky Sport 2 HD">Sky Sport 2 HD</channel>
    <channel update="i" site="vodafone.de" site_id="9142" xmltv_id="Sky Sport 3 HD">Sky Sport 3 HD</channel>
    <channel update="i" site="vodafone.de" site_id="9143" xmltv_id="Sky Sport 4 HD">Sky Sport 4 HD</channel>
    <channel update="i" site="vodafone.de" site_id="9144" xmltv_id="Sky Sport 5 HD">Sky Sport 5 HD</channel>
    <channel update="i" site="vodafone.de" site_id="4128" xmltv_id="Eurosport 1 HD">Eurosport 1 HD</channel>
    <channel update="i" site="vodafone.de" site_id="9306" xmltv_id="Eurosport360 HD1">Eurosport360 HD1</channel>
    <channel update="i" site="vodafone.de" site_id="9307" xmltv_id="Eurosport360 HD2">Eurosport360 HD2</channel>
    <channel update="i" site="vodafone.de" site_id="9308" xmltv_id="Eurosport360 HD3">Eurosport360 HD3</channel>
    <channel update="i" site="vodafone.de" site_id="4738" xmltv_id="Sky Sport News">Sky Sport News</channel>
    <channel update="i" site="vodafone.de" site_id="4118" xmltv_id="Sky Sport Bundesliga 1">Sky Sport Bundesliga 1</channel>
    <channel update="i" site="vodafone.de" site_id="4116" xmltv_id="Sky Sport 1">Sky Sport 1</channel>
    <channel update="i" site="vodafone.de" site_id="4117" xmltv_id="Sky Sport 2">Sky Sport 2</channel>
    <channel update="i" site="vodafone.de" site_id="4105" xmltv_id="Sky Sport Austria">Sky Sport Austria</channel>
    <channel update="i" site="vodafone.de" site_id="2129" xmltv_id="Zee.One">Zee.One</channel>
  </channels>
</site>
