﻿<?xml version="1.0" encoding="UTF-8"?>
<site generator-info-name="WebGrab+Plus/w MDB &amp; REX Postprocess -- version V2.1.5 -- Jan van Straaten" site="mytvsuper.com">
  
<channels>

  <channel update="i" site="mytvsuper.com" site_id="epg/J" xmltv_id="翡翠台 (81)">TVB翡翠台</channel>
  <channel update="i" site="mytvsuper.com" site_id="epg/B" xmltv_id="J2 (82)">TVB J2台</channel>
  <channel update="i" site="mytvsuper.com" site_id="epg/C" xmltv_id="無綫新聞台 (83)">TVB无线新闻台</channel>
  <channel update="i" site="mytvsuper.com" site_id="epg/P" xmltv_id="明珠台 (84)">TVB明珠台</channel>
  <channel update="i" site="mytvsuper.com" site_id="epg/A" xmltv_id="無綫財經 ▪ 資訊台 (85)">TVB无线财经资讯台</channel>
  <channel update="i" site="mytvsuper.com" site_id="epg/CTVC" xmltv_id="TVB經典台 (86)">TVB經典台</channel>
  <channel update="i" site="mytvsuper.com" site_id="epg/CTVS" xmltv_id="韓劇台 (87)">TVB韓劇台</channel>
  <channel update="i" site="mytvsuper.com" site_id="epg/CTVD" xmltv_id="日劇台 (88)">TVB日劇台</channel>
  <channel update="i" site="mytvsuper.com" site_id="epg/CDR3" xmltv_id="華語劇台 (89)">TVB華語劇台</channel>
  <channel update="i" site="mytvsuper.com" site_id="epg/CDR4" xmltv_id="精選亞洲劇台 (90)">TVB精選亞洲劇台</channel>
  <channel update="i" site="mytvsuper.com" site_id="epg/CTVE" xmltv_id="娛樂新聞台 (91)">TVB娛樂新聞台</channel>
  <channel update="i" site="mytvsuper.com" site_id="epg/CWIN" xmltv_id="綜藝台 (92)">TVB綜藝台</channel>
  <channel update="i" site="mytvsuper.com" site_id="epg/CTVL" xmltv_id="為食台 (93)">TVB為食台 (93)</channel>
  <channel update="i" site="mytvsuper.com" site_id="epg/CSPT" xmltv_id="體育台 (94)">TVB體育台</channel>
  <channel update="i" site="mytvsuper.com" site_id="epg/CTVR" xmltv_id="翡翠即日重溫 (95)">TVB翡翠即日重溫</channel>
  <channel update="i" site="mytvsuper.com" site_id="epg/CTVT" xmltv_id="旅遊台 (96)">TVB旅遊台</channel>
  <channel update="i" site="mytvsuper.com" site_id="epg/CTVM" xmltv_id="TVB Radio (97)">TVB Radio</channel>
  <channel update="i" site="mytvsuper.com" site_id="epg/CCOC" xmltv_id="戲曲台 (98)">TVB戲曲台</channel>
  <channel update="i" site="mytvsuper.com" site_id="epg/CDJC" xmltv_id="Disney Junior (101)">Disney Junior</channel>
  <channel update="i" site="mytvsuper.com" site_id="epg/CDIS" xmltv_id="Disney Channel (102)">Disney Channel</channel>
  <channel update="i" site="mytvsuper.com" site_id="epg/BBB" xmltv_id="CBeebies (103)">CBeebies</channel>
  <channel update="i" site="mytvsuper.com" site_id="epg/CNIKO" xmltv_id="Nickelodeon (104)">Nickelodeon)</channel>
  <channel update="i" site="mytvsuper.com" site_id="epg/CNIJR" xmltv_id="Nick Jr (105)">Nick Jr</channel>
  <channel update="i" site="mytvsuper.com" site_id="epg/CCLM" xmltv_id="粵語片台 (200)">TVB粵語片台</channel>
  <channel update="i" site="mytvsuper.com" site_id="epg/CMAM" xmltv_id="美亞電影台 (201)">TVB美亞電影台</channel>
  <channel update="i" site="mytvsuper.com" site_id="epg/CTHR" xmltv_id="Thrill (202)">Thrill</channel>
  <channel update="i" site="mytvsuper.com" site_id="epg/CCCM" xmltv_id="天映經典頻道 (203)">TVB天映經典頻道</channel>
  <channel update="i" site="mytvsuper.com" site_id="epg/CRTX" xmltv_id="Blue Ant超極娛樂 (301)">Blue Ant超極娛樂</channel>
  <channel update="i" site="mytvsuper.com" site_id="epg/CBE1" xmltv_id="beIN SPORTS 1 (302)">beIN SPORTS 1</channel>
  <channel update="i" site="mytvsuper.com" site_id="epg/CBE2" xmltv_id="beIN SPORTS 2 (303)">beIN SPORTS 2</channel>
  <channel update="i" site="mytvsuper.com" site_id="epg/CKIX" xmltv_id="KIX (304)">KIX</channel>
  <channel update="i" site="mytvsuper.com" site_id="epg/BBE" xmltv_id="BBC Earth (401)">BBC Earth</channel>
  <channel update="i" site="mytvsuper.com" site_id="epg/CRTE" xmltv_id="Blue Ant綜藝娛樂 (501)">Blue Ant綜藝娛樂</channel>
  <channel update="i" site="mytvsuper.com" site_id="epg/CAXN" xmltv_id="AXN (502)">AXN (502)</channel>
  <channel update="i" site="mytvsuper.com" site_id="epg/CSEN" xmltv_id="Sony Channel (503)">Sony Channel</channel>
  <channel update="i" site="mytvsuper.com" site_id="epg/CANI" xmltv_id="Animax (504)">Animax</channel>
  <channel update="i" site="mytvsuper.com" site_id="epg/CJTV" xmltv_id="tvN (505)">tvN</channel>
  <channel update="i" site="mytvsuper.com" site_id="epg/CTS1" xmltv_id="無線衛星亞洲台 (601)">無線衛星亞洲台</channel>
  <channel update="i" site="mytvsuper.com" site_id="epg/CRE" xmltv_id="創世電視 (602)">創世電視</channel>
  <channel update="i" site="mytvsuper.com" site_id="epg/CFF1" xmltv_id="FASHION ONE (603)">FASHION ONE</channel>
  <channel update="i" site="mytvsuper.com" site_id="epg/CMEZ" xmltv_id="Mezzo Live HD (604)">Mezzo Live HD</channel>
  <channel update="i" site="mytvsuper.com" site_id="epg/BBL" xmltv_id="BBC Lifestyle (605)">BBC Lifestyle</channel>
  <channel update="i" site="mytvsuper.com" site_id="epg/CTN2" xmltv_id="直播新聞台 (700)">直播新聞台</channel>
  <channel update="i" site="mytvsuper.com" site_id="epg/CMN1" xmltv_id="神州新聞台 (701)">神州新聞台</channel>
  <channel update="i" site="mytvsuper.com" site_id="epg/CTSN" xmltv_id="無線衛星新聞台 (702)">無線衛星新聞台</channel>
  <channel update="i" site="mytvsuper.com" site_id="epg/CCNA" xmltv_id="亞洲新聞台 (703)">亞洲新聞台</channel>
  <channel update="i" site="mytvsuper.com" site_id="epg/CJAZ" xmltv_id="半島電視台英語頻道 (704)">半島電視台英語頻道</channel>
  <channel update="i" site="mytvsuper.com" site_id="epg/CF24" xmltv_id="France 24 (705)">France 24</channel>
  <channel update="i" site="mytvsuper.com" site_id="epg/CDW1" xmltv_id="DW (706)">DW (706)</channel>
  <channel update="i" site="mytvsuper.com" site_id="epg/CNHK" xmltv_id="NHK World TV (707)">NHK World TV</channel>
  <channel update="i" site="mytvsuper.com" site_id="epg/CARI" xmltv_id="Arirang TV (708)">Arirang TV</channel>
  <channel update="i" site="mytvsuper.com" site_id="epg/BBW" xmltv_id="BBC World News (709)">BBC World News</channel>
</channels>

</site>