﻿<?xml version="1.0" encoding="UTF-8"?>
<site generator-info-name="WebGrab+Plus/w MDB &amp; REX Postprocess -- version 1.54.6/0.01 -- Jan van Straaten" site="nowtv.now.com">
  <channels>
<channel update="i" site="nowtv.now.com" site_id="96" xmltv_id="ViuTVsix">ViuTVsix</channel>
  <channel update="i" site="nowtv.now.com" site_id="99" xmltv_id="ViuTV">ViuTV</channel>
  <channel update="i" site="nowtv.now.com" site_id="100" xmltv_id="now Hong Kong">Now香港台</channel>
  <channel update="i" site="nowtv.now.com" site_id="102" xmltv_id="now Entertainment">Now劇集台</channel>
  <channel update="i" site="nowtv.now.com" site_id="105" xmltv_id="now HaiRun">Now華劇台</channel>
  <channel update="i" site="nowtv.now.com" site_id="106" xmltv_id="now Video Express">Now影視點播站</channel>
  <channel update="i" site="nowtv.now.com" site_id="108" xmltv_id="nowJelli">nowJelli</channel>
  <channel update="i" site="nowtv.now.com" site_id="110" xmltv_id="HBO HD">HBO HD</channel>
  <channel update="i" site="nowtv.now.com" site_id="111" xmltv_id="HBO Hits">HBO Hits</channel>
  <channel update="i" site="nowtv.now.com" site_id="112" xmltv_id="HBO Family">HBO Family</channel>
  <channel update="i" site="nowtv.now.com" site_id="113" xmltv_id="CINEMAX">CINEMAX</channel>
  <channel update="i" site="nowtv.now.com" site_id="114" xmltv_id="HBO Signature">HBO Signature</channel>
  <channel update="i" site="nowtv.now.com" site_id="115" xmltv_id="HBO">HBO</channel>
  <channel update="i" site="nowtv.now.com" site_id="117" xmltv_id="FOX Movies Premium">FOX Movies Premium</channel>
  <channel update="i" site="nowtv.now.com" site_id="118" xmltv_id="Movie Trailer Channel">Movie Trailer Channel</channel>
  <channel update="i" site="nowtv.now.com" site_id="120" xmltv_id="FOX Family Movies">FOX Family Movies</channel>
  <channel update="i" site="nowtv.now.com" site_id="125" xmltv_id="Turner Classic Movies">Turner Classic Movies</channel>
  <channel update="i" site="nowtv.now.com" site_id="126" xmltv_id="Thrill">Thrill</channel>
  <channel update="i" site="nowtv.now.com" site_id="129" xmltv_id="電影預告頻道">電影預告頻道</channel>
  <channel update="i" site="nowtv.now.com" site_id="133" xmltv_id="now Baogu Movies">Now爆谷台</channel>
  <channel update="i" site="nowtv.now.com" site_id="134" xmltv_id="China Movie Channel">中國電影頻道</channel>
  <channel update="i" site="nowtv.now.com" site_id="139" xmltv_id="SCM">衛視電影台</channel>
  <channel update="i" site="nowtv.now.com" site_id="150" xmltv_id="Animax">Animax</channel>
  <channel update="i" site="nowtv.now.com" site_id="151" xmltv_id="GEM">GEM</channel>
  <channel update="i" site="nowtv.now.com" site_id="154" xmltv_id="Oh!K">Oh!K</channel>
  <channel update="i" site="nowtv.now.com" site_id="155" xmltv_id="tvN">tvN</channel>
  <channel update="i" site="nowtv.now.com" site_id="160" xmltv_id="衛視中文台">衛視中文台</channel>
  <channel update="i" site="nowtv.now.com" site_id="162" xmltv_id="東森亞洲衛視">東森亞洲衛視</channel>
  <channel update="i" site="nowtv.now.com" site_id="163" xmltv_id="TVBS Asia">TVBS Asia</channel>
  <channel update="i" site="nowtv.now.com" site_id="168" xmltv_id="MOOV 演唱會/MV台">MOOV 演唱會/MV台</channel>
  <channel update="i" site="nowtv.now.com" site_id="208" xmltv_id="Discovery Asia">Discovery Asia</channel>
  <channel update="i" site="nowtv.now.com" site_id="209" xmltv_id="Discovery Channel">Discovery Channel</channel>
  <channel update="i" site="nowtv.now.com" site_id="210" xmltv_id="Animal Planet">動物星球頻道</channel>
  <channel update="i" site="nowtv.now.com" site_id="211" xmltv_id="Discovery Science">Discovery 科學頻道</channel>
  <channel update="i" site="nowtv.now.com" site_id="212" xmltv_id="DMAX">DMAX</channel>
  <channel update="i" site="nowtv.now.com" site_id="213" xmltv_id="TLC">TLC旅遊生活頻道</channel>
  <channel update="i" site="nowtv.now.com" site_id="214" xmltv_id="EVE">EVE</channel>
  <channel update="i" site="nowtv.now.com" site_id="215" xmltv_id="National Geographic Channel">國家地理頻道</channel>
  <channel update="i" site="nowtv.now.com" site_id="216" xmltv_id="Nat Geo Wild">國家地理野生頻道</channel>
  <channel update="i" site="nowtv.now.com" site_id="217" xmltv_id="Nat Geo People">國家地理悠人頻道</channel>
  <channel update="i" site="nowtv.now.com" site_id="218" xmltv_id="National Geographic Channel HD">國家地理高清頻道</channel>
  <channel update="i" site="nowtv.now.com" site_id="220" xmltv_id="BBC Earth">BBC Earth</channel>
  <channel update="i" site="nowtv.now.com" site_id="222" xmltv_id="FYI">FYI</channel>
  <channel update="i" site="nowtv.now.com" site_id="223" xmltv_id="HISTORY">HISTORY</channel>
  <channel update="i" site="nowtv.now.com" site_id="225" xmltv_id="HISTORY HD">HISTORY HD</channel>
  <channel update="i" site="nowtv.now.com" site_id="316" xmltv_id="CNN International">CNN</channel>
  <channel update="i" site="nowtv.now.com" site_id="317" xmltv_id="HLN">HLN</channel>
  <channel update="i" site="nowtv.now.com" site_id="318" xmltv_id="Fox News">Fox News</channel>
  <channel update="i" site="nowtv.now.com" site_id="319" xmltv_id="CNBC">CNBC</channel>
  <channel update="i" site="nowtv.now.com" site_id="320" xmltv_id="BBC World News">BBC World News</channel>
  <channel update="i" site="nowtv.now.com" site_id="321" xmltv_id="Bloomberg Television">Bloomberg Television</channel>
  <channel update="i" site="nowtv.now.com" site_id="322" xmltv_id="Channel NewsAsia">亞洲新聞台</channel>
  <channel update="i" site="nowtv.now.com" site_id="323" xmltv_id="Sky News">Sky News</channel>
  <channel update="i" site="nowtv.now.com" site_id="325" xmltv_id="Al Jazeera English">半島電視台</channel>
  <channel update="i" site="nowtv.now.com" site_id="326" xmltv_id="euronews">euronews</channel>
  <channel update="i" site="nowtv.now.com" site_id="327" xmltv_id="France 24">France 24</channel>
  <channel update="i" site="nowtv.now.com" site_id="331" xmltv_id="now Direct">Now直播台</channel>
  <channel update="i" site="nowtv.now.com" site_id="332" xmltv_id="now NEWS">Now新聞台</channel>
  <channel update="i" site="nowtv.now.com" site_id="333" xmltv_id="now Business News Channel">Now財經台</channel>
  <channel update="i" site="nowtv.now.com" site_id="336" xmltv_id="now Data">Now報價台</channel>
  <channel update="i" site="nowtv.now.com" site_id="338" xmltv_id="China Business Network">第1財經電視</channel>
  <channel update="i" site="nowtv.now.com" site_id="366" xmltv_id="Phoenix InfoNews Channel">凤凰卫视资讯</channel>
  <channel update="i" site="nowtv.now.com" site_id="367" xmltv_id="Phoenix Hong Kong Channel">凤凰卫视香港</channel>
  <channel update="i" site="nowtv.now.com" site_id="368" xmltv_id="HKSTV Zhonghe">香港卫视HKS</channel>
  <channel update="i" site="nowtv.now.com" site_id="369" xmltv_id="CNC">CNC</channel>
  <channel update="i" site="nowtv.now.com" site_id="370" xmltv_id="CCTV News">CCTV—News</channel>
  <channel update="i" site="nowtv.now.com" site_id="371" xmltv_id="ETTV Asia News">ETTV Asia News</channel>
  <channel update="i" site="nowtv.now.com" site_id="375" xmltv_id="Traffic Channel">交通頻道</channel>
  <channel update="i" site="nowtv.now.com" site_id="376" xmltv_id="Weather Channel">天气频道</channel>
  <channel update="i" site="nowtv.now.com" site_id="442" xmltv_id="Disney Junior">Disney Junior</channel>
  <channel update="i" site="nowtv.now.com" site_id="443" xmltv_id="Cartoon Network">Cartoon Network</channel>
  <channel update="i" site="nowtv.now.com" site_id="444" xmltv_id="Nickelodeon">Nickelodeon</channel>
  <channel update="i" site="nowtv.now.com" site_id="445" xmltv_id="Discovery Kids">Discovery Kids</channel>
  <channel update="i" site="nowtv.now.com" site_id="447" xmltv_id="CBeebies">CBeebies</channel>
  <channel update="i" site="nowtv.now.com" site_id="448" xmltv_id="Baby TV">Baby TV</channel>
  <channel update="i" site="nowtv.now.com" site_id="449" xmltv_id="Nick Jr.">Nick Jr.</channel>
  <channel update="i" site="nowtv.now.com" site_id="512" xmltv_id="AXN">AXN</channel>
  <channel update="i" site="nowtv.now.com" site_id="514" xmltv_id="Sony Channel">索尼台</channel>
  <channel update="i" site="nowtv.now.com" site_id="516" xmltv_id="Li">Li</channel>
  <channel update="i" site="nowtv.now.com" site_id="517" xmltv_id="RTL CBS Entertainment">RTL CBS Entertainment</channel>
  <channel update="i" site="nowtv.now.com" site_id="518" xmltv_id="FOX">FOX</channel>
  <channel update="i" site="nowtv.now.com" site_id="521" xmltv_id="The Indonesia Channel">The Indonesia Channel</channel>
  <channel update="i" site="nowtv.now.com" site_id="523" xmltv_id="FOXCRIME">FOXCRIME</channel>
  <channel update="i" site="nowtv.now.com" site_id="524" xmltv_id="FX">FX</channel>
  <channel update="i" site="nowtv.now.com" site_id="525" xmltv_id="Crime &amp; Investigation Network">Crime &amp; Investigation Network</channel>
  <channel update="i" site="nowtv.now.com" site_id="526" xmltv_id="channel M">channel M</channel>
  <channel update="i" site="nowtv.now.com" site_id="527" xmltv_id="Asian Food Channel">亚洲美食台</channel>
  <channel update="i" site="nowtv.now.com" site_id="532" xmltv_id="Fashion First">Fashion First</channel>
  <channel update="i" site="nowtv.now.com" site_id="537" xmltv_id="Pearl River Channel">珠江频道</channel>
  <channel update="i" site="nowtv.now.com" site_id="538" xmltv_id="CTI Asia Channel">中天亚洲台</channel>
  <channel update="i" site="nowtv.now.com" site_id="539" xmltv_id="Dim Sum TV">点心卫视</channel>
  <channel update="i" site="nowtv.now.com" site_id="540" xmltv_id="XING KONG">XING KONG</channel>
  <channel update="i" site="nowtv.now.com" site_id="541" xmltv_id="Australia Plus Television">Australia Plus Television</channel>
  <channel update="i" site="nowtv.now.com" site_id="542" xmltv_id="CCTV- 4">CCTV- 4</channel>
  <channel update="i" site="nowtv.now.com" site_id="543" xmltv_id="Southern Television">Southern Television</channel>
  <channel update="i" site="nowtv.now.com" site_id="544" xmltv_id="Trinity Broadcasting Network">澳亞衛視</channel>
  <channel update="i" site="nowtv.now.com" site_id="545" xmltv_id="Creation TV">創世電視</channel>
  <channel update="i" site="nowtv.now.com" site_id="548" xmltv_id="Phoenix Chinese Channel">凤凰卫视中文</channel>
  <channel update="i" site="nowtv.now.com" site_id="549" xmltv_id="Da Ai">Da Ai</channel>
  <channel update="i" site="nowtv.now.com" site_id="552" xmltv_id="One TV">亚太第一卫视</channel>
  <channel update="i" site="nowtv.now.com" site_id="555" xmltv_id="[V] International">浙江卫视</channel>
  <channel update="i" site="nowtv.now.com" site_id="556" xmltv_id="Channel [V] China">中国中文卫视</channel>
  <channel update="i" site="nowtv.now.com" site_id="620" xmltv_id="PLTV">PLTV</channel>
  <channel update="i" site="nowtv.now.com" site_id="621" xmltv_id="now 621">now 621</channel>
  <channel update="i" site="nowtv.now.com" site_id="630" xmltv_id="now Sports Prime">now Sports精選</channel>
  <channel update="i" site="nowtv.now.com" site_id="631" xmltv_id="now Sports 1">now Sports 1</channel>
  <channel update="i" site="nowtv.now.com" site_id="632" xmltv_id="now Sports 2">now Sports 2</channel>
  <channel update="i" site="nowtv.now.com" site_id="633" xmltv_id="now Sports 3">now Sports 3</channel>
  <channel update="i" site="nowtv.now.com" site_id="634" xmltv_id="now Sports 4">now Sports 4</channel>
  <channel update="i" site="nowtv.now.com" site_id="635" xmltv_id="now Sports 5">now Sports 5</channel>
  <channel update="i" site="nowtv.now.com" site_id="636" xmltv_id="now Sports 6">now Sports 6</channel>
  <channel update="i" site="nowtv.now.com" site_id="637" xmltv_id="now Sports 7">now Sports 7</channel>
  <channel update="i" site="nowtv.now.com" site_id="640" xmltv_id="MUTV">MUTV</channel>
  <channel update="i" site="nowtv.now.com" site_id="668" xmltv_id="now668">now668</channel>
  <channel update="i" site="nowtv.now.com" site_id="670" xmltv_id="FOX SPORTS">FOX SPORTS</channel>
  <channel update="i" site="nowtv.now.com" site_id="671" xmltv_id="FOX SPORTS 2">FOX SPORTS 2</channel>
  <channel update="i" site="nowtv.now.com" site_id="672" xmltv_id="FOX SPORTS 3">FOX SPORTS 3</channel>
  <channel update="i" site="nowtv.now.com" site_id="674" xmltv_id="STAR Cricket">STAR Cricket</channel>
  <channel update="i" site="nowtv.now.com" site_id="679" xmltv_id="Setanta Sports Channel">Setanta Sports Channel</channel>
  <channel update="i" site="nowtv.now.com" site_id="680" xmltv_id="All Sports Network">All Sports Network</channel>
  <channel update="i" site="nowtv.now.com" site_id="682" xmltv_id="now Golf 1">now Golf 1</channel>
  <channel update="i" site="nowtv.now.com" site_id="683" xmltv_id="now Golf 2">now Golf 2</channel>
  <channel update="i" site="nowtv.now.com" site_id="684" xmltv_id="now Golf 3">now Golf 3</channel>
  <channel update="i" site="nowtv.now.com" site_id="711" xmltv_id="NHK World Premium">NHK World Premium</channel>
  <channel update="i" site="nowtv.now.com" site_id="714" xmltv_id="TV5MONDE ASIE">TV5MONDE ASIE</channel>
  <channel update="i" site="nowtv.now.com" site_id="715" xmltv_id="France 24 (French)">France 24 (French)</channel>
  <channel update="i" site="nowtv.now.com" site_id="720" xmltv_id="GMA Pinoy TV">GMA Pinoy TV</channel>
  <channel update="i" site="nowtv.now.com" site_id="721" xmltv_id="GMA Life TV">GMA Life TV</channel>
  <channel update="i" site="nowtv.now.com" site_id="725" xmltv_id="TFC">TFC</channel>
  <channel update="i" site="nowtv.now.com" site_id="780" xmltv_id="COLORS">COLORS</channel>
  <channel update="i" site="nowtv.now.com" site_id="781" xmltv_id="Zee Cinema International">Zee Cinema International</channel>
  <channel update="i" site="nowtv.now.com" site_id="793" xmltv_id="Star Gold">Star Gold</channel>
  <channel update="i" site="nowtv.now.com" site_id="794" xmltv_id="STAR PLUS">STAR PLUS</channel>
  <channel update="i" site="nowtv.now.com" site_id="797" xmltv_id="Life OK">Life OK</channel>
  <channel update="i" site="nowtv.now.com" site_id="803" xmltv_id="TVB Food">TVB Food</channel>
  <channel update="i" site="nowtv.now.com" site_id="804" xmltv_id="TVB E-News">TVB E-News</channel>
  <channel update="i" site="nowtv.now.com" site_id="805" xmltv_id="TVBN">TVBN</channel>
  <channel update="i" site="nowtv.now.com" site_id="806" xmltv_id="TVBN 2">TVBN 2</channel>
  <channel update="i" site="nowtv.now.com" site_id="807" xmltv_id="TVB Japanese Drama">TVB Japanese Drama</channel>
  <channel update="i" site="nowtv.now.com" site_id="808" xmltv_id="TVB Korean Drama">TVB Korean Drama</channel>
  <channel update="i" site="nowtv.now.com" site_id="809" xmltv_id="TVB Classic">TVB Classic</channel>
  <channel update="i" site="nowtv.now.com" site_id="810" xmltv_id="TVB Chinese Drama">TVB Chinese Drama</channel>
  <channel update="i" site="nowtv.now.com" site_id="811" xmltv_id="TVB Drama Select">TVB Drama Select</channel>
  <channel update="i" site="nowtv.now.com" site_id="815" xmltv_id="TVB8">TVB8</channel>
  <channel update="i" site="nowtv.now.com" site_id="816" xmltv_id="TVB Encore">TVB Encore</channel>
  <channel update="i" site="nowtv.now.com" site_id="817" xmltv_id="TVB Classic Movies">TVB Classic Movies</channel>
  <channel update="i" site="nowtv.now.com" site_id="901" xmltv_id="Ice Fire">冰火頻道</channel>
  <channel update="i" site="nowtv.now.com" site_id="902" xmltv_id="KiMoChi Channel">見摩之頻道</channel>
  <channel update="i" site="nowtv.now.com" site_id="903" xmltv_id="Channel Adult">成人極品台</channel>  
  </channels>
</site>