﻿<?xml version="1.0" encoding="UTF-8"?>
<site generator-info-name="WebGrab+Plus/w MDB &amp; REX Postprocess -- version 1.1.1/53.16 -- Jan van Straaten" site="tvb.com">
  <channels>
    <channel update="i" site="programme.tvb.com" site_id="jade" xmltv_id="jade">TVB翡翠台</channel>
    <channel update="i" site="programme.tvb.com" site_id="tvbnewschannel" xmltv_id="tvbnewschannel">TVB无线新闻台</channel>
    <channel update="i" site="programme.tvb.com" site_id="tvbfinanceinformationchannel" xmltv_id="tvbfinanceinformationchannel">TVB无线财经资讯台</channel>
    <channel update="i" site="programme.tvb.com" site_id="j2" xmltv_id="j2">TVB J2台</channel>
    <channel update="i" site="programme.tvb.com" site_id="pearl" xmltv_id="pearl">TVB明珠台</channel>
    <channel update="i" site="programme.tvb.com" site_id="xinghe" xmltv_id="xinghe">TVB星河</channel>
    <channel update="i" site="programme.tvb.com" site_id="tvb8" xmltv_id="tvb8">TVB8</channel>
    <channel update="i" site="programme.tvb.com" site_id="tvbclassic" xmltv_id="tvbclassic">TVB經典台</channel>
    <channel update="i" site="programme.tvb.com" site_id="tvbkoreandrama" xmltv_id="tvbkoreandrama">TVB韓劇台</channel>
    <channel update="i" site="programme.tvb.com" site_id="tvbjapanesedrama" xmltv_id="tvbjapanesedrama">TVB日劇台</channel>
    <channel update="i" site="programme.tvb.com" site_id="tvbchinesedrama" xmltv_id="tvbchinesedrama">TVB華語劇台</channel>
    <channel update="i" site="programme.tvb.com" site_id="asianselect" xmltv_id="asianselect">TVB精選亞洲劇台</channel>
    <channel update="i" site="programme.tvb.com" site_id="asianvariety" xmltv_id="asianvariety">TVB綜藝台</channel>
	<channel update="i" site="programme.tvb.com" site_id="tvbfood" xmltv_id="tvbfood">TVB為食台</channel>
	<channel update="i" site="programme.tvb.com" site_id="tvbsports" xmltv_id="tvbsports">TVB體育台</channel>
	<channel update="i" site="programme.tvb.com" site_id="tvbclassicmovies" xmltv_id="tvbclassicmovies">TVB粵語片台</channel>
  </channels>
</site>