<?xml version="1.0" encoding="UTF-8"?>
<site generator-info-name="WebGrab+Plus/w MDB &amp; REX Postprocess -- version  V2.0 -- Jan van Straaten" site="tvarenasport.com">
  <channels>
    <channel update="i" site="tvarenasport.com" site_id="1" xmltv_id="arenaA1">arenaA1</channel>
    <channel update="i" site="tvarenasport.com" site_id="2" xmltv_id="arenaA2">arenaA2</channel>
    <channel update="i" site="tvarenasport.com" site_id="3" xmltv_id="arenaA3">arenaA3</channel>
    <channel update="i" site="tvarenasport.com" site_id="4" xmltv_id="arenaA4">arenaA4</channel>
    <channel update="i" site="tvarenasport.com" site_id="5" xmltv_id="arenaA5">arenaA5</channel>
  </channels>
</site>
