﻿<?xml version="1.0" encoding="UTF-8"?>
<site generator-info-name="WebGrab+Plus/w MDB &amp; REX Postprocess -- version  V1.57 -- Jan van Straaten" site="kartina.tv">
  <channels>
    <channel update="i" site="kartina.tv" site_id="2" xmltv_id="Первый">Первый</channel>
    <channel update="i" site="kartina.tv" site_id="371" xmltv_id="Первый-Всемирная Сеть">Первый-Всемирная Сеть</channel>
    <channel update="i" site="kartina.tv" site_id="3" xmltv_id="Россия 1">Россия 1</channel>
    <channel update="i" site="kartina.tv" site_id="373" xmltv_id="РТР-Планета">РТР-Планета</channel>
    <channel update="i" site="kartina.tv" site_id="4" xmltv_id="НТВ">НТВ</channel>
    <channel update="i" site="kartina.tv" site_id="7" xmltv_id="РенТВ">РенТВ</channel>
    <channel update="i" site="kartina.tv" site_id="1199" xmltv_id="ТНТ">ТНТ</channel>
    <channel update="i" site="kartina.tv" site_id="1053" xmltv_id="Дождь">Дождь</channel>
    <channel update="i" site="kartina.tv" site_id="5" xmltv_id="ТВЦ">ТВЦ</channel>
    <channel update="i" site="kartina.tv" site_id="1533" xmltv_id="TVCI">TVCI</channel>
    <channel update="i" site="kartina.tv" site_id="1781" xmltv_id="ЦТВ">ЦТВ</channel>
    <channel update="i" site="kartina.tv" site_id="391" xmltv_id="СТС">СТС</channel>
    <channel update="i" site="kartina.tv" site_id="1783" xmltv_id="Новый мир">Новый мир</channel>
    <channel update="i" site="kartina.tv" site_id="1487" xmltv_id="R1">R1</channel>
    <channel update="i" site="kartina.tv" site_id="15" xmltv_id="Че">Че</channel>
    <channel update="i" site="kartina.tv" site_id="1481" xmltv_id="Перец International">Перец International</channel>
    <channel update="i" site="kartina.tv" site_id="1479" xmltv_id="Домашний International">Домашний International</channel>
    <channel update="i" site="kartina.tv" site_id="61" xmltv_id="5 канал Петербург">5 канал Петербург</channel>
    <channel update="i" site="kartina.tv" site_id="85" xmltv_id="ТВ3">ТВ3</channel>
    <channel update="i" site="kartina.tv" site_id="1525" xmltv_id="8 канал">8 канал</channel>
    <channel update="i" site="kartina.tv" site_id="151" xmltv_id="Грозный ТВ">Грозный ТВ</channel>
    <channel update="i" site="kartina.tv" site_id="1455" xmltv_id="История">История</channel>
    <channel update="i" site="kartina.tv" site_id="1453" xmltv_id="Техно 24">Техно 24</channel>
    <channel update="i" site="kartina.tv" site_id="1457" xmltv_id="Мама">Мама</channel>
    <channel update="i" site="kartina.tv" site_id="1437" xmltv_id="Живая Планета">Живая Планета</channel>
    <channel update="i" site="kartina.tv" site_id="1063" xmltv_id="Моя Планета">Моя Планета</channel>
    <channel update="i" site="kartina.tv" site_id="605" xmltv_id="Наука 2.0">Наука 2.0</channel>
    <channel update="i" site="kartina.tv" site_id="1515" xmltv_id="RTД HD">RTД HD</channel>
    <channel update="i" site="kartina.tv" site_id="41" xmltv_id="Совершенно секретно">Совершенно секретно</channel>
    <channel update="i" site="kartina.tv" site_id="13" xmltv_id="Ностальгия">Ностальгия</channel>
    <channel update="i" site="kartina.tv" site_id="26" xmltv_id="Россия К">Россия К</channel>
    <channel update="i" site="kartina.tv" site_id="51" xmltv_id="Кухня ТВ">Кухня ТВ</channel>
    <channel update="i" site="kartina.tv" site_id="253" xmltv_id="ТелеКафе">ТелеКафе</channel>
    <channel update="i" site="kartina.tv" site_id="1489" xmltv_id="Рыбалка и охота">Рыбалка и охота</channel>
    <channel update="i" site="kartina.tv" site_id="1177" xmltv_id="Мужской">Мужской</channel>
    <channel update="i" site="kartina.tv" site_id="1175" xmltv_id="Загородная жизнь">Загородная жизнь</channel>
    <channel update="i" site="kartina.tv" site_id="89" xmltv_id="365 дней ТВ">365 дней ТВ</channel>
    <channel update="i" site="kartina.tv" site_id="237" xmltv_id="Авто плюс">Авто плюс</channel>
    <channel update="i" site="kartina.tv" site_id="235" xmltv_id="Кто есть кто">Кто есть кто</channel>
    <channel update="i" site="kartina.tv" site_id="6" xmltv_id="Россия 24">Россия 24</channel>
    <channel update="i" site="kartina.tv" site_id="339" xmltv_id="EuroNews">EuroNews</channel>
    <channel update="i" site="kartina.tv" site_id="1467" xmltv_id="L!FE">L!FE</channel>
    <channel update="i" site="kartina.tv" site_id="73" xmltv_id="РБК ТВ">РБК ТВ</channel>
    <channel update="i" site="kartina.tv" site_id="883" xmltv_id="Russia Today">Russia Today</channel>
    <channel update="i" site="kartina.tv" site_id="1451" xmltv_id="Сарафан">Сарафан</channel>
    <channel update="i" site="kartina.tv" site_id="39" xmltv_id="Пятница!">Пятница!</channel>
    <channel update="i" site="kartina.tv" site_id="23" xmltv_id="STV">STV</channel>
    <channel update="i" site="kartina.tv" site_id="91" xmltv_id="Время">Время</channel>
    <channel update="i" site="kartina.tv" site_id="8" xmltv_id="ТНТ">ТНТ</channel>
    <channel update="i" site="kartina.tv" site_id="1935" xmltv_id="ТНТ 4">ТНТ 4</channel>
    <channel update="i" site="kartina.tv" site_id="139" xmltv_id="World Fashion">World Fashion</channel>
    <channel update="i" site="kartina.tv" site_id="343" xmltv_id="ЮморТВ">ЮморТВ</channel>
    <channel update="i" site="kartina.tv" site_id="1747" xmltv_id="Карамелька">Карамелька</channel>
    <channel update="i" site="kartina.tv" site_id="1551" xmltv_id="Смайлик ТВ(тест)">Смайлик ТВ(тест)</channel>
    <channel update="i" site="kartina.tv" site_id="1449" xmltv_id="Мульт">Мульт</channel>
    <channel update="i" site="kartina.tv" site_id="1201" xmltv_id="Детский мир / Телеклуб">Детский мир / Телеклуб</channel>
    <channel update="i" site="kartina.tv" site_id="19" xmltv_id="Карусель">Карусель</channel>
    <channel update="i" site="kartina.tv" site_id="845" xmltv_id="TiJi">TiJi</channel>
    <channel update="i" site="kartina.tv" site_id="847" xmltv_id="Gulli">Gulli</channel>
    <channel update="i" site="kartina.tv" site_id="21" xmltv_id="Музыка Первого">Музыка Первого</channel>
    <channel update="i" site="kartina.tv" site_id="22" xmltv_id="RU TV">RU TV</channel>
    <channel update="i" site="kartina.tv" site_id="49" xmltv_id="Ля Минор">Ля Минор</channel>
    <channel update="i" site="kartina.tv" site_id="725" xmltv_id="Шансон ТВ">Шансон ТВ</channel>
    <channel update="i" site="kartina.tv" site_id="1403" xmltv_id="1МУЗ">1МУЗ</channel>
    <channel update="i" site="kartina.tv" site_id="369" xmltv_id="RuSong">RuSong</channel>
    <channel update="i" site="kartina.tv" site_id="229" xmltv_id="Music Box RU">Music Box RU</channel>
    <channel update="i" site="kartina.tv" site_id="231" xmltv_id="Music Box TV">Music Box TV</channel>
    <channel update="i" site="kartina.tv" site_id="647" xmltv_id="Europa Plus TV">Europa Plus TV</channel>
    <channel update="i" site="kartina.tv" site_id="53" xmltv_id="Телеканал КХЛ">Телеканал КХЛ</channel>
    <channel update="i" site="kartina.tv" site_id="1537" xmltv_id="КХЛ ТВ HD">КХЛ ТВ HD</channel>
    <channel update="i" site="kartina.tv" site_id="1517" xmltv_id="HEL TV">HEL TV</channel>
    <channel update="i" site="kartina.tv" site_id="1539" xmltv_id="БОКС ТВ">БОКС ТВ</channel>
    <channel update="i" site="kartina.tv" site_id="45" xmltv_id="Русский экстрим">Русский экстрим</channel>
    <channel update="i" site="kartina.tv" site_id="1535" xmltv_id="MostVideo.TV HD">MostVideo.TV HD</channel>
    <channel update="i" site="kartina.tv" site_id="1541" xmltv_id="Конный мир">Конный мир</channel>
    <channel update="i" site="kartina.tv" site_id="377" xmltv_id="Союз">Союз</channel>
    <channel update="i" site="kartina.tv" site_id="381" xmltv_id="Спас">Спас</channel>
    <channel update="i" site="kartina.tv" site_id="129" xmltv_id="CNL">CNL</channel>
    <channel update="i" site="kartina.tv" site_id="269" xmltv_id="ТБН Россия">ТБН Россия</channel>
    <channel update="i" site="kartina.tv" site_id="365" xmltv_id="Брат ТВ">Брат ТВ</channel>
    <channel update="i" site="kartina.tv" site_id="1473" xmltv_id="112 Украина">112 Украина</channel>
    <channel update="i" site="kartina.tv" site_id="29" xmltv_id="1+1">1+1</channel>
    <channel update="i" site="kartina.tv" site_id="779" xmltv_id="1+1 International">1+1 International</channel>
    <channel update="i" site="kartina.tv" site_id="33" xmltv_id="Inter+">Inter+</channel>
    <channel update="i" site="kartina.tv" site_id="1811" xmltv_id="Интер">Интер</channel>
    <channel update="i" site="kartina.tv" site_id="30" xmltv_id="5 канал">5 канал</channel>
    <channel update="i" site="kartina.tv" site_id="1813" xmltv_id="UA TV">UA TV</channel>
    <channel update="i" site="kartina.tv" site_id="69" xmltv_id="ICTV">ICTV</channel>
    <channel update="i" site="kartina.tv" site_id="67" xmltv_id="СТБ">СТБ</channel>
    <channel update="i" site="kartina.tv" site_id="145" xmltv_id="Новый канал">Новый канал</channel>
    <channel update="i" site="kartina.tv" site_id="147" xmltv_id="Перший">Перший</channel>
    <channel update="i" site="kartina.tv" site_id="149" xmltv_id="Беларусь 24">Беларусь 24</channel>
    <channel update="i" site="kartina.tv" site_id="719" xmltv_id="AzTV">AzTV</channel>
    <channel update="i" site="kartina.tv" site_id="737" xmltv_id="Armenia 1 TV">Armenia 1 TV</channel>
    <channel update="i" site="kartina.tv" site_id="787" xmltv_id="Kazakh TV">Kazakh TV</channel>
    <channel update="i" site="kartina.tv" site_id="1785" xmltv_id="UZREPORT">UZREPORT</channel>
    <channel update="i" site="kartina.tv" site_id="47" xmltv_id="ТСВ">ТСВ</channel>
    <channel update="i" site="kartina.tv" site_id="861" xmltv_id="LTV7">LTV7</channel>
    <channel update="i" site="kartina.tv" site_id="213" xmltv_id="Израиль+">Израиль+</channel>
    <channel update="i" site="kartina.tv" site_id="1531" xmltv_id="ILand">ILand</channel>
    <channel update="i" site="kartina.tv" site_id="1439" xmltv_id="Русский Бестселлер">Русский Бестселлер</channel>
    <channel update="i" site="kartina.tv" site_id="1513" xmltv_id="Бестселлер +">Бестселлер +</channel>
    <channel update="i" site="kartina.tv" site_id="1265" xmltv_id="Мир сериала">Мир сериала</channel>
    <channel update="i" site="kartina.tv" site_id="87" xmltv_id="Звезда">Звезда</channel>
    <channel update="i" site="kartina.tv" site_id="10" xmltv_id="МНОГОсерийное ТВ">МНОГОсерийное ТВ</channel>
    <channel update="i" site="kartina.tv" site_id="1203" xmltv_id="Наше любимое кино">Наше любимое кино</channel>
    <channel update="i" site="kartina.tv" site_id="12" xmltv_id="Дом кино">Дом кино</channel>
    <channel update="i" site="kartina.tv" site_id="831" xmltv_id="Родное кино">Родное кино</channel>
    <channel update="i" site="kartina.tv" site_id="833" xmltv_id="Кинохит">Кинохит</channel>
    <channel update="i" site="kartina.tv" site_id="259" xmltv_id="Киномикс">Киномикс</channel>
    <channel update="i" site="kartina.tv" site_id="17" xmltv_id="Индийское кино">Индийское кино</channel>
    <channel update="i" site="kartina.tv" site_id="1105" xmltv_id="Киносемья">Киносемья</channel>
    <channel update="i" site="kartina.tv" site_id="1107" xmltv_id="Наше новое кино">Наше новое кино</channel>
    <channel update="i" site="kartina.tv" site_id="16" xmltv_id="НСТ">НСТ</channel>
  </channels>
</site>