﻿<?xml version="1.0" encoding="UTF-8"?>
<site generator-info-name="WebGrab+Plus/w MDB &amp; REX Postprocess -- version V1.56.28.2 -- Jan van Straaten" site="s-tv.ru">
  <channels>
    <channel update="i" site="s-tv.ru" site_id="1tv" xmltv_id="Первый">Первый</channel>
    <channel update="i" site="s-tv.ru" site_id="rtr" xmltv_id="Россия 1">Россия 1</channel>
    <channel update="i" site="s-tv.ru" site_id="ntv" xmltv_id="НТВ">НТВ</channel>
    <channel update="i" site="s-tv.ru" site_id="mir" xmltv_id="МИР">МИР</channel>
    <channel update="i" site="s-tv.ru" site_id="tvc" xmltv_id="ТВ Центр">ТВ Центр</channel>
    <channel update="i" site="s-tv.ru" site_id="kul" xmltv_id="Культура">Культура</channel>
    <channel update="i" site="s-tv.ru" site_id="matchtv" xmltv_id="МАТЧ!">МАТЧ!</channel>
    <channel update="i" site="s-tv.ru" site_id="tnt" xmltv_id="ТНТ">ТНТ</channel>
    <channel update="i" site="s-tv.ru" site_id="domashniy" xmltv_id="Домашний">Домашний</channel>
    <channel update="i" site="s-tv.ru" site_id="rentv" xmltv_id="РЕН ТВ">РЕН ТВ</channel>
    <channel update="i" site="s-tv.ru" site_id="sts" xmltv_id="СТС">СТС</channel>
    <channel update="i" site="s-tv.ru" site_id="piter5_rus" xmltv_id="5 канал">5 канал</channel>
    <channel update="i" site="s-tv.ru" site_id="zvezda" xmltv_id="Звезда">Звезда</channel>
    <channel update="i" site="s-tv.ru" site_id="che" xmltv_id="Че">Че</channel>
    <channel update="i" site="s-tv.ru" site_id="karusel" xmltv_id="Карусель">Карусель</channel>
    <channel update="i" site="s-tv.ru" site_id="2x2" xmltv_id="2x2">2x2</channel>
    <channel update="i" site="s-tv.ru" site_id="disney" xmltv_id="Канал Disney">Канал Disney</channel>
    <channel update="i" site="s-tv.ru" site_id="u" xmltv_id="Ю">Ю</channel>
    <channel update="i" site="s-tv.ru" site_id="tv3" xmltv_id="ТВ-3">ТВ-3</channel>
    <channel update="i" site="s-tv.ru" site_id="otr" xmltv_id="Общественное телевидение России">Общественное телевидение России</channel>
    <channel update="i" site="s-tv.ru" site_id="friday" xmltv_id="Пятница">Пятница</channel>
    <channel update="i" site="s-tv.ru" site_id="360d" xmltv_id="360° Подмосковье">360° Подмосковье</channel>
    <channel update="i" site="s-tv.ru" site_id="moscow-24" xmltv_id="Москва-24">Москва-24</channel>
    <channel update="i" site="s-tv.ru" site_id="doverie" xmltv_id="Москва. Доверие">Москва. Доверие</channel>
    <channel update="i" site="s-tv.ru" site_id="vesti" xmltv_id="Россия 24">Россия 24</channel>
    <channel update="i" site="s-tv.ru" site_id="family" xmltv_id="Семья">Семья</channel>
    <channel update="i" site="s-tv.ru" site_id="tnt_4" xmltv_id="ТНТ4">ТНТ4</channel>
    <channel update="i" site="s-tv.ru" site_id="ehofilm" xmltv_id="Эхо TV">Эхо TV</channel>
  </channels>
</site>