﻿<?xml version="1.0" encoding="UTF-8"?>
<site generator-info-name="WebGrab+Plus/w MDB &amp; REX Postprocess -- version V1.56.23 -- Jan van Straaten" site="tv.mail.ru">
  <channels>
    <channel update="i" site="tv.mail.ru" site_id="1526" xmltv_id="Первый">Первый</channel>
    <channel update="i" site="tv.mail.ru" site_id="1464" xmltv_id="Карусель INT">Карусель INT</channel>
    <channel update="i" site="tv.mail.ru" site_id="1488" xmltv_id="RTVi">RTVi</channel>
    <channel update="i" site="tv.mail.ru" site_id="1438" xmltv_id="НТВ-Мир">НТВ-Мир</channel>
    <channel update="i" site="tv.mail.ru" site_id="913" xmltv_id="СТС International">СТС International</channel>
    <channel update="i" site="tv.mail.ru" site_id="1467" xmltv_id="ТВ Центр-International">ТВ Центр-International</channel>
    <channel update="i" site="tv.mail.ru" site_id="1621" xmltv_id="Россия-Планета">Россия-Планета</channel>
    <channel update="i" site="tv.mail.ru" site_id="1193" xmltv_id="Спас ТВ">Спас ТВ</channel>
    <channel update="i" site="tv.mail.ru" site_id="2111" xmltv_id="Калейдоскоп ТВ">Калейдоскоп ТВ</channel>
    <channel update="i" site="tv.mail.ru" site_id="1800" xmltv_id="СТС Love">СТС Love</channel>
    <channel update="i" site="tv.mail.ru" site_id="1566" xmltv_id="Amedia 2">Amedia 2</channel>
    <channel update="i" site="tv.mail.ru" site_id="1718" xmltv_id="Amedia 1">Amedia 1</channel>
    <channel update="i" site="tv.mail.ru" site_id="1926" xmltv_id="Amedia Hit">Amedia Hit</channel>
    <channel update="i" site="tv.mail.ru" site_id="796" xmltv_id="TV1000">TV1000</channel>
    <channel update="i" site="tv.mail.ru" site_id="1144" xmltv_id="TV1000 Русское кино">TV1000 Русское кино</channel>
    <channel update="i" site="tv.mail.ru" site_id="787" xmltv_id="TV1000 Action">TV1000 Action</channel>
    <channel update="i" site="tv.mail.ru" site_id="833" xmltv_id="Индия ТВ">Индия ТВ</channel>
    <channel update="i" site="tv.mail.ru" site_id="1269" xmltv_id="TV XXI">TV XXI</channel>
    <channel update="i" site="tv.mail.ru" site_id="1007" xmltv_id="Иллюзион +">Иллюзион +</channel>
    <channel update="i" site="tv.mail.ru" site_id="1367" xmltv_id="Русский бестселлер">Русский бестселлер</channel>
    <channel update="i" site="tv.mail.ru" site_id="1010" xmltv_id="Феникс+Кино">Феникс+Кино</channel>
    <channel update="i" site="tv.mail.ru" site_id="1397" xmltv_id="Русский роман">Русский роман</channel>
    <channel update="i" site="tv.mail.ru" site_id="1027" xmltv_id="FOX">FOX</channel>
    <channel update="i" site="tv.mail.ru" site_id="1503" xmltv_id="Sony Turbo">Sony Turbo</channel>
    <channel update="i" site="tv.mail.ru" site_id="1082" xmltv_id="Телеклуб">Телеклуб</channel>
    <channel update="i" site="tv.mail.ru" site_id="1504" xmltv_id="CBS Drama">CBS Drama</channel>
    <channel update="i" site="tv.mail.ru" site_id="1083" xmltv_id="Комедия ТВ">Комедия ТВ</channel>
    <channel update="i" site="tv.mail.ru" site_id="1669" xmltv_id="Еврокино">Еврокино</channel>
    <channel update="i" site="tv.mail.ru" site_id="1085" xmltv_id="SONY ТВ">SONY ТВ</channel>
    <channel update="i" site="tv.mail.ru" site_id="1780" xmltv_id="Paramount Channel">Paramount Channel</channel>
    <channel update="i" site="tv.mail.ru" site_id="1097" xmltv_id="Zee-TV">Zee-TV</channel>
    <channel update="i" site="tv.mail.ru" site_id="808" xmltv_id="Paramount Comedy Russia">Paramount Comedy Russia</channel>
    <channel update="i" site="tv.mail.ru" site_id="2145" xmltv_id="Eurosport 1">Eurosport 1</channel>
    <channel update="i" site="tv.mail.ru" site_id="1234" xmltv_id="Eurosport 2">Eurosport 2</channel>
    <channel update="i" site="tv.mail.ru" site_id="1607" xmltv_id="Eurosport News">Eurosport News</channel>
    <channel update="i" site="tv.mail.ru" site_id="1246" xmltv_id="НТВ-ПЛЮС Наш футбол">НТВ-ПЛЮС Наш футбол</channel>
    <channel update="i" site="tv.mail.ru" site_id="864" xmltv_id="НТВ-ПЛЮС Футбол 1">НТВ-ПЛЮС Футбол 1</channel>
    <channel update="i" site="tv.mail.ru" site_id="1405" xmltv_id="НТВ-ПЛЮС Футбол 2">НТВ-ПЛЮС Футбол 2</channel>
    <channel update="i" site="tv.mail.ru" site_id="1810" xmltv_id="Матч! Футбол 3">Матч! Футбол 3</channel>
    <channel update="i" site="tv.mail.ru" site_id="742" xmltv_id="Русский Экстрим">Русский Экстрим</channel>
    <channel update="i" site="tv.mail.ru" site_id="905" xmltv_id="КХЛ">КХЛ</channel>
    <channel update="i" site="tv.mail.ru" site_id="980" xmltv_id="Футбол">Футбол</channel>
    <channel update="i" site="tv.mail.ru" site_id="1066" xmltv_id="Extreme Sports">Extreme Sports</channel>
    <channel update="i" site="tv.mail.ru" site_id="1143" xmltv_id="Матч! Боец">Матч! Боец</channel>
    <channel update="i" site="tv.mail.ru" site_id="1350" xmltv_id="AB Moteurs">AB Moteurs</channel>
    <channel update="i" site="tv.mail.ru" site_id="2120" xmltv_id="Матч! Наш Спорт">Матч! Наш Спорт</channel>
    <channel update="i" site="tv.mail.ru" site_id="2122" xmltv_id="Матч! Игра">Матч! Игра</channel>
    <channel update="i" site="tv.mail.ru" site_id="2123" xmltv_id="Матч! Арена">Матч! Арена</channel>
    <channel update="i" site="tv.mail.ru" site_id="1300" xmltv_id="Viasat Sport">Viasat Sport</channel>
    <channel update="i" site="tv.mail.ru" site_id="1721" xmltv_id="Морской">Морской</channel>
    <channel update="i" site="tv.mail.ru" site_id="1782" xmltv_id="Viasat Golf">Viasat Golf</channel>
    <channel update="i" site="tv.mail.ru" site_id="1851" xmltv_id="Бокс ТВ">Бокс ТВ</channel>
    <channel update="i" site="tv.mail.ru" site_id="1126" xmltv_id="РБК">РБК</channel>
    <channel update="i" site="tv.mail.ru" site_id="1197" xmltv_id="Russia Today">Russia Today</channel>
    <channel update="i" site="tv.mail.ru" site_id="1352" xmltv_id="BBC">BBC</channel>
    <channel update="i" site="tv.mail.ru" site_id="1380" xmltv_id="BBC World">BBC World</channel>
    <channel update="i" site="tv.mail.ru" site_id="1499" xmltv_id="BBC Entertainment">BBC Entertainment</channel>
    <channel update="i" site="tv.mail.ru" site_id="1610" xmltv_id="NHK WORLD TV">NHK WORLD TV</channel>
    <channel update="i" site="tv.mail.ru" site_id="1622" xmltv_id="CNN (eng)">CNN (eng)</channel>
    <channel update="i" site="tv.mail.ru" site_id="1075" xmltv_id="EuroNews">EuroNews</channel>
    <channel update="i" site="tv.mail.ru" site_id="1115" xmltv_id="CNBC">CNBC</channel>
    <channel update="i" site="tv.mail.ru" site_id="1525" xmltv_id="Deutsche Welle (deu)">Deutsche Welle (deu)</channel>
    <channel update="i" site="tv.mail.ru" site_id="835" xmltv_id="CNN">CNN</channel>
    <channel update="i" site="tv.mail.ru" site_id="900" xmltv_id="NewsOne">NewsOne</channel>
    <channel update="i" site="tv.mail.ru" site_id="944" xmltv_id="Deutsche Welle">Deutsche Welle</channel>
    <channel update="i" site="tv.mail.ru" site_id="1827" xmltv_id="МИР 24">МИР 24</channel>
    <channel update="i" site="tv.mail.ru" site_id="781" xmltv_id="PRO Business">PRO Business</channel>
    <channel update="i" site="tv.mail.ru" site_id="996" xmltv_id="ЧП.Info">ЧП.Info</channel>
    <channel update="i" site="tv.mail.ru" site_id="1136" xmltv_id="Дождь">Дождь</channel>
    <channel update="i" site="tv.mail.ru" site_id="1141" xmltv_id="Время">Время</channel>
    <channel update="i" site="tv.mail.ru" site_id="1204" xmltv_id="France 24">France 24</channel>
    <channel update="i" site="tv.mail.ru" site_id="1384" xmltv_id="ТРО">ТРО</channel>
    <channel update="i" site="tv.mail.ru" site_id="1623" xmltv_id="Коммерсант ТВ">Коммерсант ТВ</channel>
    <channel update="i" site="tv.mail.ru" site_id="1790" xmltv_id="Lifenews">Lifenews</channel>
    <channel update="i" site="tv.mail.ru" site_id="726" xmltv_id="Bloomberg">Bloomberg</channel>
    <channel update="i" site="tv.mail.ru" site_id="739" xmltv_id="Первый метео">Первый метео</channel>
    <channel update="i" site="tv.mail.ru" site_id="743" xmltv_id="Discovery Channel">Discovery Channel</channel>
    <channel update="i" site="tv.mail.ru" site_id="1173" xmltv_id="Animal Planet">Animal Planet</channel>
    <channel update="i" site="tv.mail.ru" site_id="933" xmltv_id="Discovery Science">Discovery Science</channel>
    <channel update="i" site="tv.mail.ru" site_id="1334" xmltv_id="Моя Планета">Моя Планета</channel>
    <channel update="i" site="tv.mail.ru" site_id="1799" xmltv_id="History">History</channel>
    <channel update="i" site="tv.mail.ru" site_id="736" xmltv_id="Viasat History">Viasat History</channel>
    <channel update="i" site="tv.mail.ru" site_id="1362" xmltv_id="Viasat Nature">Viasat Nature</channel>
    <channel update="i" site="tv.mail.ru" site_id="800" xmltv_id="Viasat Explore">Viasat Explore</channel>
    <channel update="i" site="tv.mail.ru" site_id="1092" xmltv_id="Психология 21">Психология 21</channel>
    <channel update="i" site="tv.mail.ru" site_id="868" xmltv_id="Кто есть кто">Кто есть кто</channel>
    <channel update="i" site="tv.mail.ru" site_id="975" xmltv_id="365 дней ТВ">365 дней ТВ</channel>
    <channel update="i" site="tv.mail.ru" site_id="1008" xmltv_id="Совершенно секретно">Совершенно секретно</channel>
    <channel update="i" site="tv.mail.ru" site_id="2025" xmltv_id="Russian Travel Guide International">Russian Travel Guide International</channel>
    <channel update="i" site="tv.mail.ru" site_id="888" xmltv_id="Наука 2.0">Наука 2.0</channel>
    <channel update="i" site="tv.mail.ru" site_id="994" xmltv_id="Зоо ТВ">Зоо ТВ</channel>
    <channel update="i" site="tv.mail.ru" site_id="1063" xmltv_id="Nat Geo WILD">Nat Geo WILD</channel>
    <channel update="i" site="tv.mail.ru" site_id="1064" xmltv_id="Вопросы и ответы">Вопросы и ответы</channel>
    <channel update="i" site="tv.mail.ru" site_id="1229" xmltv_id="Da Vinci">Da Vinci</channel>
    <channel update="i" site="tv.mail.ru" site_id="1309" xmltv_id="Ocean TV">Ocean TV</channel>
    <channel update="i" site="tv.mail.ru" site_id="1340" xmltv_id="Zooпарк">Zooпарк</channel>
    <channel update="i" site="tv.mail.ru" site_id="1413" xmltv_id="Science et Vie TV">Science et Vie TV</channel>
    <channel update="i" site="tv.mail.ru" site_id="1462" xmltv_id="History-viasat (eng)">History-viasat (eng)</channel>
    <channel update="i" site="tv.mail.ru" site_id="1519" xmltv_id="Discovery Восточная Европа">Discovery Восточная Европа</channel>
    <channel update="i" site="tv.mail.ru" site_id="1612" xmltv_id="Нано">Нано</channel>
    <channel update="i" site="tv.mail.ru" site_id="718" xmltv_id="MTV Hits">MTV Hits</channel>
    <channel update="i" site="tv.mail.ru" site_id="1105" xmltv_id="MTV Dance">MTV Dance</channel>
    <channel update="i" site="tv.mail.ru" site_id="1289" xmltv_id="MTV Rocks">MTV Rocks</channel>
    <channel update="i" site="tv.mail.ru" site_id="1970" xmltv_id="MTV Rocks International">MTV Rocks International</channel>
    <channel update="i" site="tv.mail.ru" site_id="1971" xmltv_id="MTV Dance International">MTV Dance International</channel>
    <channel update="i" site="tv.mail.ru" site_id="1972" xmltv_id="MTV Hits International">MTV Hits International</channel>
    <channel update="i" site="tv.mail.ru" site_id="715" xmltv_id="VH1 European">VH1 European</channel>
    <channel update="i" site="tv.mail.ru" site_id="1038" xmltv_id="VH1 Classic">VH1 Classic</channel>
    <channel update="i" site="tv.mail.ru" site_id="1716" xmltv_id="Dange TV">Dange TV</channel>
    <channel update="i" site="tv.mail.ru" site_id="1739" xmltv_id="MTV Россия">MTV Россия</channel>
    <channel update="i" site="tv.mail.ru" site_id="1182" xmltv_id="Mezzo">Mezzo</channel>
    <channel update="i" site="tv.mail.ru" site_id="1185" xmltv_id="A-ONE">A-ONE</channel>
    <channel update="i" site="tv.mail.ru" site_id="810" xmltv_id="MCM TOP">MCM TOP</channel>
    <channel update="i" site="tv.mail.ru" site_id="1240" xmltv_id="MCM POP">MCM POP</channel>
    <channel update="i" site="tv.mail.ru" site_id="822" xmltv_id="Rusong TV">Rusong TV</channel>
    <channel update="i" site="tv.mail.ru" site_id="1346" xmltv_id="Ru.TV">Ru.TV</channel>
    <channel update="i" site="tv.mail.ru" site_id="834" xmltv_id="C Music TV">C Music TV</channel>
    <channel update="i" site="tv.mail.ru" site_id="1449" xmltv_id="RE:Music">RE:Music</channel>
    <channel update="i" site="tv.mail.ru" site_id="853" xmltv_id="BRIDGE TV">BRIDGE TV</channel>
    <channel update="i" site="tv.mail.ru" site_id="1484" xmltv_id="MTV European">MTV European</channel>
    <channel update="i" site="tv.mail.ru" site_id="855" xmltv_id="World Music Channel">World Music Channel</channel>
    <channel update="i" site="tv.mail.ru" site_id="1570" xmltv_id="iConcerts">iConcerts</channel>
    <channel update="i" site="tv.mail.ru" site_id="901" xmltv_id="Ля-минор">Ля-минор</channel>
    <channel update="i" site="tv.mail.ru" site_id="1585" xmltv_id="MTV Music">MTV Music</channel>
    <channel update="i" site="tv.mail.ru" site_id="775" xmltv_id="TLC">TLC</channel>
    <channel update="i" site="tv.mail.ru" site_id="1219" xmltv_id="Ностальгия">Ностальгия</channel>
    <channel update="i" site="tv.mail.ru" site_id="1894" xmltv_id="Food Network">Food Network</channel>
    <channel update="i" site="tv.mail.ru" site_id="1243" xmltv_id="TV5">TV5</channel>
    <channel update="i" site="tv.mail.ru" site_id="889" xmltv_id="Ретро">Ретро</channel>
    <channel update="i" site="tv.mail.ru" site_id="1944" xmltv_id="Техно 24">Техно 24</channel>
    <channel update="i" site="tv.mail.ru" site_id="919" xmltv_id="ЕДА">ЕДА</channel>
    <channel update="i" site="tv.mail.ru" site_id="924" xmltv_id="Усадьба">Усадьба</channel>
    <channel update="i" site="tv.mail.ru" site_id="1195" xmltv_id="Загородная жизнь">Загородная жизнь</channel>
    <channel update="i" site="tv.mail.ru" site_id="1244" xmltv_id="Здоровое ТВ">Здоровое ТВ</channel>
    <channel update="i" site="tv.mail.ru" site_id="1282" xmltv_id="Fashion TV">Fashion TV</channel>
    <channel update="i" site="tv.mail.ru" site_id="1296" xmltv_id="Outdoor Channel">Outdoor Channel</channel>
    <channel update="i" site="tv.mail.ru" site_id="1307" xmltv_id="Оружие">Оружие</channel>
    <channel update="i" site="tv.mail.ru" site_id="1353" xmltv_id="Охота и рыбалка">Охота и рыбалка</channel>
    <channel update="i" site="tv.mail.ru" site_id="1356" xmltv_id="Russian Travel Guide">Russian Travel Guide</channel>
    <channel update="i" site="tv.mail.ru" site_id="1377" xmltv_id="ТурИнфо">ТурИнфо</channel>
    <channel update="i" site="tv.mail.ru" site_id="1396" xmltv_id="Драйв">Драйв</channel>
    <channel update="i" site="tv.mail.ru" site_id="1477" xmltv_id="Fashion One">Fashion One</channel>
    <channel update="i" site="tv.mail.ru" site_id="1510" xmltv_id="Motors TV">Motors TV</channel>
    <channel update="i" site="tv.mail.ru" site_id="1567" xmltv_id="Театр">Театр</channel>
    <channel update="i" site="tv.mail.ru" site_id="1628" xmltv_id="CBS Reality">CBS Reality</channel>
    <channel update="i" site="tv.mail.ru" site_id="2136" xmltv_id="Game Show">Game Show</channel>
    <channel update="i" site="tv.mail.ru" site_id="729" xmltv_id="Охотник и Рыболов">Охотник и Рыболов</channel>
    <channel update="i" site="tv.mail.ru" site_id="761" xmltv_id="Тонус-ТВ">Тонус-ТВ</channel>
    <channel update="i" site="tv.mail.ru" site_id="766" xmltv_id="Nickelodeon">Nickelodeon</channel>
    <channel update="i" site="tv.mail.ru" site_id="806" xmltv_id="Радость Моя">Радость Моя</channel>
    <channel update="i" site="tv.mail.ru" site_id="874" xmltv_id="Улыбка Ребенка">Улыбка Ребенка</channel>
    <channel update="i" site="tv.mail.ru" site_id="1252" xmltv_id="JimJam">JimJam</channel>
    <channel update="i" site="tv.mail.ru" site_id="1318" xmltv_id="Детский мир">Детский мир</channel>
    <channel update="i" site="tv.mail.ru" site_id="1324" xmltv_id="Детский">Детский</channel>
    <channel update="i" site="tv.mail.ru" site_id="1326" xmltv_id="Gulli">Gulli</channel>
    <channel update="i" site="tv.mail.ru" site_id="1354" xmltv_id="TiJi">TiJi</channel>
    <channel update="i" site="tv.mail.ru" site_id="1381" xmltv_id="Мультимания">Мультимания</channel>
    <channel update="i" site="tv.mail.ru" site_id="1516" xmltv_id="Boomerang">Boomerang</channel>
    <channel update="i" site="tv.mail.ru" site_id="1576" xmltv_id="Baby TV">Baby TV</channel>
    <channel update="i" site="tv.mail.ru" site_id="1603" xmltv_id="Nick Jr">Nick Jr</channel>
    <channel update="i" site="tv.mail.ru" site_id="745" xmltv_id="Cartoon Network">Cartoon Network</channel>
    <channel update="i" site="tv.mail.ru" site_id="2006" xmltv_id="Рыжий">Рыжий</channel>
    <channel update="i" site="tv.mail.ru" site_id="1825" xmltv_id="Мульт">Мульт</channel>
    <channel update="i" site="tv.mail.ru" site_id="2042" xmltv_id="Ani">Ani</channel>
    <channel update="i" site="tv.mail.ru" site_id="2124" xmltv_id="Матч! Арена HD">Матч! Арена HD</channel>
    <channel update="i" site="tv.mail.ru" site_id="1666" xmltv_id="Россия HD">Россия HD</channel>
    <channel update="i" site="tv.mail.ru" site_id="904" xmltv_id="Fashion TV HD">Fashion TV HD</channel>
    <channel update="i" site="tv.mail.ru" site_id="1579" xmltv_id="Eurosport 1 HD">Eurosport 1 HD</channel>
    <channel update="i" site="tv.mail.ru" site_id="981" xmltv_id="ЕДА HD">ЕДА HD</channel>
    <channel update="i" site="tv.mail.ru" site_id="1590" xmltv_id="КХЛ HD">КХЛ HD</channel>
    <channel update="i" site="tv.mail.ru" site_id="1070" xmltv_id="Кинопоказ HD-2">Кинопоказ HD-2</channel>
    <channel update="i" site="tv.mail.ru" site_id="1600" xmltv_id="Discovery HD Showcase">Discovery HD Showcase</channel>
    <channel update="i" site="tv.mail.ru" site_id="1116" xmltv_id="Nat Geo Wild HD">Nat Geo Wild HD</channel>
    <channel update="i" site="tv.mail.ru" site_id="1617" xmltv_id="Outdoor HD">Outdoor HD</channel>
    <channel update="i" site="tv.mail.ru" site_id="1250" xmltv_id="Teletravel HD">Teletravel HD</channel>
    <channel update="i" site="tv.mail.ru" site_id="1618" xmltv_id="Дождь HD">Дождь HD</channel>
    <channel update="i" site="tv.mail.ru" site_id="1257" xmltv_id="HD Медиа">HD Медиа</channel>
    <channel update="i" site="tv.mail.ru" site_id="1619" xmltv_id="SONY ТВ HD">SONY ТВ HD</channel>
    <channel update="i" site="tv.mail.ru" site_id="1360" xmltv_id="National Geographic HD">National Geographic HD</channel>
    <channel update="i" site="tv.mail.ru" site_id="1657" xmltv_id="Arte HD">Arte HD</channel>
    <channel update="i" site="tv.mail.ru" site_id="1401" xmltv_id="Animal Planet HD">Animal Planet HD</channel>
    <channel update="i" site="tv.mail.ru" site_id="1683" xmltv_id="Amedia Premium HD">Amedia Premium HD</channel>
    <channel update="i" site="tv.mail.ru" site_id="1404" xmltv_id="Travel Channel HD">Travel Channel HD</channel>
    <channel update="i" site="tv.mail.ru" site_id="1408" xmltv_id="Fashion One HD">Fashion One HD</channel>
    <channel update="i" site="tv.mail.ru" site_id="1422" xmltv_id="MGM HD">MGM HD</channel>
    <channel update="i" site="tv.mail.ru" site_id="1521" xmltv_id="Travel+Adventure HD">Travel+Adventure HD</channel>
    <channel update="i" site="tv.mail.ru" site_id="773" xmltv_id="Кинопоказ HD-1">Кинопоказ HD-1</channel>
    <channel update="i" site="tv.mail.ru" site_id="1542" xmltv_id="MTV Live HD">MTV Live HD</channel>
    <channel update="i" site="tv.mail.ru" site_id="1787" xmltv_id="O-la-la">O-la-la</channel>
    <channel update="i" site="tv.mail.ru" site_id="946" xmltv_id="Private TV">Private TV</channel>
    <channel update="i" site="tv.mail.ru" site_id="999" xmltv_id="XXL">XXL</channel>
    <channel update="i" site="tv.mail.ru" site_id="1128" xmltv_id="Русская ночь">Русская ночь</channel>
    <channel update="i" site="tv.mail.ru" site_id="1190" xmltv_id="Ночной клуб">Ночной клуб</channel>
    <channel update="i" site="tv.mail.ru" site_id="1302" xmltv_id="Blue Hustler">Blue Hustler</channel>
    <channel update="i" site="tv.mail.ru" site_id="1378" xmltv_id="Playboy TV">Playboy TV</channel>
    <channel update="i" site="tv.mail.ru" site_id="1759" xmltv_id="Brazzers TV Europe">Brazzers TV Europe</channel>
    <channel update="i" site="tv.mail.ru" site_id="782" xmltv_id="Hustler TV Europe">Hustler TV Europe</channel>
    <channel update="i" site="tv.mail.ru" site_id="1474" xmltv_id="French Lover">French Lover</channel>
    <channel update="i" site="tv.mail.ru" site_id="1652" xmltv_id="Candy TV">Candy TV</channel>
    <channel update="i" site="tv.mail.ru" site_id="1778" xmltv_id="Candy Man">Candy Man</channel>
    <channel update="i" site="tv.mail.ru" site_id="1639" xmltv_id="Искушение">Искушение</channel>
    <channel update="i" site="tv.mail.ru" site_id="1385" xmltv_id="Беларусь 24">Беларусь 24</channel>
    <channel update="i" site="tv.mail.ru" site_id="1263" xmltv_id="Парк развлечений">Парк развлечений</channel>
    <channel update="i" site="tv.mail.ru" site_id="1366" xmltv_id="Мама">Мама</channel>
    <channel update="i" site="tv.mail.ru" site_id="1801" xmltv_id="Три Ангела">Три Ангела</channel>
    <channel update="i" site="tv.mail.ru" site_id="943" xmltv_id="Luxe.TV">Luxe.TV</channel>
    <channel update="i" site="tv.mail.ru" site_id="952" xmltv_id="АГРО-ТВ">АГРО-ТВ</channel>
    <channel update="i" site="tv.mail.ru" site_id="1218" xmltv_id="Man TV">Man TV</channel>
    <channel update="i" site="tv.mail.ru" site_id="1254" xmltv_id="Недвижимость">Недвижимость</channel>
    <channel update="i" site="tv.mail.ru" site_id="1382" xmltv_id="TV Sale">TV Sale</channel>
    <channel update="i" site="tv.mail.ru" site_id="1441" xmltv_id="Shop24extra">Shop24extra</channel>
    <channel update="i" site="tv.mail.ru" site_id="1498" xmltv_id="TV Mall">TV Mall</channel>
    <channel update="i" site="tv.mail.ru" site_id="1507" xmltv_id="Домашний Магазин">Домашний Магазин</channel>
    <channel update="i" site="tv.mail.ru" site_id="1528" xmltv_id="CCTV">CCTV</channel>
    <channel update="i" site="tv.mail.ru" site_id="1561" xmltv_id="Эгоист ТВ">Эгоист ТВ</channel>
    <channel update="i" site="tv.mail.ru" site_id="1574" xmltv_id="Shop24">Shop24</channel>
    <channel update="i" site="tv.mail.ru" site_id="1014" xmltv_id="РазТВ">РазТВ</channel>
    <channel update="i" site="tv.mail.ru" site_id="1023" xmltv_id="TV club">TV club</channel>
    <channel update="i" site="tv.mail.ru" site_id="1096" xmltv_id="Top Shop TV">Top Shop TV</channel>
    <channel update="i" site="tv.mail.ru" site_id="714" xmltv_id="Fine Living Network">Fine Living Network</channel>
    <channel update="i" site="tv.mail.ru" site_id="744" xmltv_id="Shopping Live">Shopping Live</channel>
    <channel update="i" site="tv.mail.ru" site_id="1174" xmltv_id="ТНВ">ТНВ</channel>
    <channel update="i" site="tv.mail.ru" site_id="1714" xmltv_id="Теледом">Теледом</channel>
    <channel update="i" site="tv.mail.ru" site_id="950" xmltv_id="Юмор BOX">Юмор BOX</channel>
    <channel update="i" site="tv.mail.ru" site_id="958" xmltv_id="Страна">Страна</channel>
  </channels>
</site>