﻿<?xml version="1.0" encoding="UTF-8"?>
<site generator-info-name="WebGrab+Plus/w MDB &amp; REX Postprocess -- version V2.1.5 -- Jan van Straaten" site="tviz.tv">
  <channels>
    <channel update="i" site="tviz.tv" site_id="pervyj" xmltv_id="Первый">Первый</channel>
    <channel update="i" site="tviz.tv" site_id="ntv" xmltv_id="НТВ">НТВ</channel>
    <channel update="i" site="tviz.tv" site_id="rossiya-1" xmltv_id="Россия 1">Россия 1</channel>
    <channel update="i" site="tviz.tv" site_id="sts" xmltv_id="СТС">СТС</channel>
    <channel update="i" site="tviz.tv" site_id="tnt" xmltv_id="ТНТ">ТНТ</channel>
    <channel update="i" site="tviz.tv" site_id="tvc" xmltv_id="ТВ Центр">ТВ Центр</channel>
    <channel update="i" site="tviz.tv" site_id="ren-tv" xmltv_id="РЕН ТВ">РЕН ТВ</channel>
    <channel update="i" site="tviz.tv" site_id="match" xmltv_id="МАТЧ!">МАТЧ!</channel>
    <channel update="i" site="tviz.tv" site_id="tv-3" xmltv_id="ТВ-3">ТВ-3</channel>
    <channel update="i" site="tviz.tv" site_id="5-kanal" xmltv_id="5 канал">5 канал</channel>
    <channel update="i" site="tviz.tv" site_id="che" xmltv_id="Че">Че</channel>
    <channel update="i" site="tviz.tv" site_id="kultura" xmltv_id="Культура">Культура</channel>
    <channel update="i" site="tviz.tv" site_id="domashnij" xmltv_id="Домашний">Домашний</channel>
    <channel update="i" site="tviz.tv" site_id="zhivaya-planeta" xmltv_id="Живая планета">Живая планета</channel>
    <channel update="i" site="tviz.tv" site_id="krik-tv" xmltv_id="Крик ТВ">Крик ТВ</channel>
    <channel update="i" site="tviz.tv" site_id="food-network" xmltv_id="Food Network">Food Network</channel>
    <channel update="i" site="tviz.tv" site_id="kinomiks" xmltv_id="КИНОМИКС">КИНОМИКС</channel>
    <channel update="i" site="tviz.tv" site_id="zvezda" xmltv_id="Звезда">Звезда</channel>
    <channel update="i" site="tviz.tv" site_id="2x2" xmltv_id="2x2">2x2</channel>
    <channel update="i" site="tviz.tv" site_id="discovery-channel" xmltv_id="Discovery Channel">Discovery Channel</channel>
    <channel update="i" site="tviz.tv" site_id="rossiya-24" xmltv_id="Россия 24">Россия 24</channel>
    <channel update="i" site="tviz.tv" site_id="mir-hd" xmltv_id="Мир HD">Мир HD</channel>
    <channel update="i" site="tviz.tv" site_id="karusel" xmltv_id="Карусель">Карусель</channel>
    <channel update="i" site="tviz.tv" site_id="rbk" xmltv_id="РБК">РБК</channel>
    <channel update="i" site="tviz.tv" site_id="eurosport" xmltv_id="Eurosport 1">Eurosport 1</channel>
    <channel update="i" site="tviz.tv" site_id="disney" xmltv_id="Канал Disney">Канал Disney</channel>
    <channel update="i" site="tviz.tv" site_id="discovery-science" xmltv_id="Discovery Science">Discovery Science</channel>
    <channel update="i" site="tviz.tv" site_id="mir-uvlechenij" xmltv_id="Мир Увлечений">Мир Увлечений</channel>
    <channel update="i" site="tviz.tv" site_id="dom-kino" xmltv_id="Дом кино">Дом кино</channel>
    <channel update="i" site="tviz.tv" site_id="animal-planet" xmltv_id="Animal Planet">Animal Planet</channel>
    <channel update="i" site="tviz.tv" site_id="national-geographic" xmltv_id="National Geographic">National Geographic</channel>
    <channel update="i" site="tviz.tv" site_id="match-nash-sport" xmltv_id="МАТЧ! НАШ СПОРТ">МАТЧ! НАШ СПОРТ</channel>
    <channel update="i" site="tviz.tv" site_id="tv1000" xmltv_id="TV1000">TV1000</channel>
    <channel update="i" site="tviz.tv" site_id="tv1000-russkoe-kino" xmltv_id="TV1000 Русское кино">TV1000 Русское кино</channel>
    <channel update="i" site="tviz.tv" site_id="illyuzion-" xmltv_id="Иллюзион +">Иллюзион +</channel>
    <channel update="i" site="tviz.tv" site_id="viasat-explore" xmltv_id="Viasat Explore">Viasat Explore</channel>
    <channel update="i" site="tviz.tv" site_id="tnt-music" xmltv_id="ТНТ MUSIC">ТНТ MUSIC</channel>
    <channel update="i" site="tviz.tv" site_id="bridge-tv" xmltv_id="Bridge TV">Bridge TV</channel>
    <channel update="i" site="tviz.tv" site_id="detskij-mir-teleklub" xmltv_id="Детский мир + Телеклуб">Детский мир + Телеклуб</channel>
    <channel update="i" site="tviz.tv" site_id="avto-plyus" xmltv_id="Авто Плюс">Авто Плюс</channel>
    <channel update="i" site="tviz.tv" site_id="viasat-history" xmltv_id="Viasat History">Viasat History</channel>
    <channel update="i" site="tviz.tv" site_id="sony-sci-fi" xmltv_id="Sony Sci-Fi">Sony Sci-Fi</channel>
    <channel update="i" site="tviz.tv" site_id="tv1000-action" xmltv_id="TV1000 Action">TV1000 Action</channel>
    <channel update="i" site="tviz.tv" site_id="sony-entertainment-television" xmltv_id="Sony Entertainment Television">Sony Entertainment Television</channel>
    <channel update="i" site="tviz.tv" site_id="teleklub" xmltv_id="Телеклуб">Телеклуб</channel>
    <channel update="i" site="tviz.tv" site_id="kuxnya-tv" xmltv_id="Кухня ТВ">Кухня ТВ</channel>
    <channel update="i" site="tviz.tv" site_id="mir" xmltv_id="МИР">МИР</channel>
    <channel update="i" site="tviz.tv" site_id="stv-73" xmltv_id="STV">STV</channel>
    <channel update="i" site="tviz.tv" site_id="tlc" xmltv_id="TLC">TLC</channel>
    <channel update="i" site="tviz.tv" site_id="russkij-illyuzion" xmltv_id="Русский Иллюзион">Русский Иллюзион</channel>
    <channel update="i" site="tviz.tv" site_id="cartoon-network" xmltv_id="Cartoon Network">Cartoon Network</channel>
    <channel update="i" site="tviz.tv" site_id="eurosport-2" xmltv_id="Eurosport 2">Eurosport 2</channel>
    <channel update="i" site="tviz.tv" site_id="indiya-tv" xmltv_id="ИНДИЙСКОЕ КИНО">ИНДИЙСКОЕ КИНО</channel>
    <channel update="i" site="tviz.tv" site_id="bollywood-hd" xmltv_id="Bollywood HD">Bollywood HD</channel>
    <channel update="i" site="tviz.tv" site_id="euronews" xmltv_id="EuroNews">EuroNews</channel>
    <channel update="i" site="tviz.tv" site_id="r1" xmltv_id="R1">R1</channel>
    <channel update="i" site="tviz.tv" site_id="nickelodeon" xmltv_id="Nickelodeon">Nickelodeon</channel>
    <channel update="i" site="tviz.tv" site_id="bbc-world-83" xmltv_id="BBC World">BBC World</channel>
    <channel update="i" site="tviz.tv" site_id="russkij-yekstrim" xmltv_id="Русский Экстрим">Русский Экстрим</channel>
    <channel update="i" site="tviz.tv" site_id="match-boec" xmltv_id="МАТЧ! БОЕЦ">МАТЧ! БОЕЦ</channel>
    <channel update="i" site="tviz.tv" site_id="deutsche-welle" xmltv_id="Deutsche Welle">Deutsche Welle</channel>
    <channel update="i" site="tviz.tv" site_id="kinopokaz" xmltv_id="Кинопоказ">Кинопоказ</channel>
    <channel update="i" site="tviz.tv" site_id="tiji" xmltv_id="TiJi">TiJi</channel>
    <channel update="i" site="tviz.tv" site_id="viasat_sport" xmltv_id="Viasat_Sport">Viasat_Sport</channel>
    <channel update="i" site="tviz.tv" site_id="dozhd" xmltv_id="Дождь">Дождь</channel>
    <channel update="i" site="tviz.tv" site_id="kinosvidanie" xmltv_id="КИНОСВИДАНИЕ">КИНОСВИДАНИЕ</channel>
    <channel update="i" site="tviz.tv" site_id="rodnoe-kino" xmltv_id="РОДНОЕ КИНО">РОДНОЕ КИНО</channel>
    <channel update="i" site="tviz.tv" site_id="kinopremiera" xmltv_id="КИНОПРЕМЬЕРА">КИНОПРЕМЬЕРА</channel>
    <channel update="i" site="tviz.tv" site_id="nashe-novoe-kino" xmltv_id="НАШЕ НОВОЕ КИНО">НАШЕ НОВОЕ КИНО</channel>
    <channel update="i" site="tviz.tv" site_id="kxl" xmltv_id="Телеканал КХЛ">Телеканал КХЛ</channel>
    <channel update="i" site="tviz.tv" site_id="teledom" xmltv_id="Теледом">Теледом</channel>
    <channel update="i" site="tviz.tv" site_id="hd-media-3d" xmltv_id="HD Медиа 3D">HD Медиа 3D</channel>
    <channel update="i" site="tviz.tv" site_id="history" xmltv_id="History">History</channel>
    <channel update="i" site="tviz.tv" site_id="idid" xmltv_id="ID Investigation Discovery">ID Investigation Discovery</channel>
    <channel update="i" site="tviz.tv" site_id="viasat-golf-hd" xmltv_id="Viasat Golf HD">Viasat Golf HD</channel>
    <channel update="i" site="tviz.tv" site_id="bloomberg" xmltv_id="Bloomberg">Bloomberg</channel>
    <channel update="i" site="tviz.tv" site_id="cnn" xmltv_id="CNN">CNN</channel>
    <channel update="i" site="tviz.tv" site_id="o-la-la" xmltv_id="O-la-la">O-la-la</channel>
    <channel update="i" site="tviz.tv" site_id="jucetv" xmltv_id="JuCeTV">JuCeTV</channel>
    <channel update="i" site="tviz.tv" site_id="komediya-tv" xmltv_id="КИНОКОМЕДИЯ">КИНОКОМЕДИЯ</channel>
    <channel update="i" site="tviz.tv" site_id="amc" xmltv_id="AMC">AMC</channel>
    <channel update="i" site="tviz.tv" site_id="o2tv" xmltv_id="О2ТВ">О2ТВ</channel>
    <channel update="i" site="tviz.tv" site_id="usadba" xmltv_id="Усадьба">Усадьба</channel>
    <channel update="i" site="tviz.tv" site_id="zoopark" xmltv_id="Zooпарк">Zooпарк</channel>
    <channel update="i" site="tviz.tv" site_id="drajv" xmltv_id="Драйв">Драйв</channel>
    <channel update="i" site="tviz.tv" site_id="oxota-i-rybalka" xmltv_id="Охота и рыбалка">Охота и рыбалка</channel>
    <channel update="i" site="tviz.tv" site_id="jstv-tv" xmltv_id="JSTV TV">JSTV TV</channel>
    <channel update="i" site="tviz.tv" site_id="moya-planeta" xmltv_id="Моя Планета">Моя Планета</channel>
    <channel update="i" site="tviz.tv" site_id="365-dnej-tv" xmltv_id="365 дней ТВ">365 дней ТВ</channel>
    <channel update="i" site="tviz.tv" site_id="nat-geo-wild" xmltv_id="Nat Geo WILD">Nat Geo WILD</channel>
    <channel update="i" site="tviz.tv" site_id="ocean-tv" xmltv_id="Ocean TV">Ocean TV</channel>
    <channel update="i" site="tviz.tv" site_id="mama" xmltv_id="Мама">Мама</channel>
    <channel update="i" site="tviz.tv" site_id="teleputeshestviya" xmltv_id="Телепутешествия">Телепутешествия</channel>
    <channel update="i" site="tviz.tv" site_id="zoo-tv" xmltv_id="Zoo TV">Zoo TV</channel>
    <channel update="i" site="tviz.tv" site_id="rt" xmltv_id="RT">RT</channel>
    <channel update="i" site="tviz.tv" site_id="nadezhda" xmltv_id="Надежда">Надежда</channel>
    <channel update="i" site="tviz.tv" site_id="a-one-hip-hop" xmltv_id="A-One Hip Hop">A-One Hip Hop</channel>
    <channel update="i" site="tviz.tv" site_id="feniks-kino" xmltv_id="Феникс+ Кино">Феникс+ Кино</channel>
    <channel update="i" site="tviz.tv" site_id="texno-24" xmltv_id="Техно 24">Техно 24</channel>
    <channel update="i" site="tviz.tv" site_id="detskij" xmltv_id="Детский">Детский</channel>
    <channel update="i" site="tviz.tv" site_id="pro-business" xmltv_id="PRO Business">PRO Business</channel>
    <channel update="i" site="tviz.tv" site_id="doktor" xmltv_id="Доктор">Доктор</channel>
    <channel update="i" site="tviz.tv" site_id="fox" xmltv_id="Fox">Fox</channel>
    <channel update="i" site="tviz.tv" site_id="fox-life" xmltv_id="Fox Life">Fox Life</channel>
    <channel update="i" site="tviz.tv" site_id="multimaniya" xmltv_id="Мультимания">Мультимания</channel>
    <channel update="i" site="tviz.tv" site_id="park-razvlechenij" xmltv_id="Cinema">Cinema</channel>
    <channel update="i" site="tviz.tv" site_id="sovershenno-sekretno" xmltv_id="Совершенно секретно">Совершенно секретно</channel>
    <channel update="i" site="tviz.tv" site_id="evrokino" xmltv_id="Еврокино">Еврокино</channel>
    <channel update="i" site="tviz.tv" site_id="shanson-tb" xmltv_id="Шансон-TB">Шансон-TB</channel>
    <channel update="i" site="tviz.tv" site_id="psixologiya-21" xmltv_id="Психология 21">Психология 21</channel>
    <channel update="i" site="tviz.tv" site_id="domashnie-zhivotnye" xmltv_id="Домашние животные">Домашние животные</channel>
    <channel update="i" site="tviz.tv" site_id="voprosy-i-otvety" xmltv_id="Вопросы и ответы">Вопросы и ответы</channel>
    <channel update="i" site="tviz.tv" site_id="jimjam" xmltv_id="JimJam">JimJam</channel>
    <channel update="i" site="tviz.tv" site_id="gulli" xmltv_id="Gulli Girl">Gulli Girl</channel>
    <channel update="i" site="tviz.tv" site_id="boomerang" xmltv_id="Boomerang">Boomerang</channel>
    <channel update="i" site="tviz.tv" site_id="muzhskoj" xmltv_id="Мужской">Мужской</channel>
    <channel update="i" site="tviz.tv" site_id="uspex" xmltv_id="Успех">Успех</channel>
    <channel update="i" site="tviz.tv" site_id="zagorodnaya-zhizn" xmltv_id="Загородная жизнь">Загородная жизнь</channel>
    <channel update="i" site="tviz.tv" site_id="nauka-20" xmltv_id="Наука 2.0">Наука 2.0</channel>
    <channel update="i" site="tviz.tv" site_id="hardlife-tv" xmltv_id="HardLife TV">HardLife TV</channel>
    <channel update="i" site="tviz.tv" site_id="mtv-rocks-international" xmltv_id="MTV Rocks International">MTV Rocks International</channel>
    <channel update="i" site="tviz.tv" site_id="mtv-dance-international" xmltv_id="MTV Dance International">MTV Dance International</channel>
    <channel update="i" site="tviz.tv" site_id="mtv-hits-international" xmltv_id="MTV Hits International">MTV Hits International</channel>
    <channel update="i" site="tviz.tv" site_id="viasat-golf" xmltv_id="Viasat Golf">Viasat Golf</channel>
    <channel update="i" site="tviz.tv" site_id="moskva-24" xmltv_id="Москва-24">Москва-24</channel>
    <channel update="i" site="tviz.tv" site_id="telekanal360" xmltv_id="Телеканал 360°">Телеканал 360°</channel>
    <channel update="i" site="tviz.tv" site_id="moskva-doverie" xmltv_id="Москва. Доверие">Москва. Доверие</channel>
    <channel update="i" site="tviz.tv" site_id="78" xmltv_id="78">78</channel>
    <channel update="i" site="tviz.tv" site_id="tnt4" xmltv_id="ТНТ4">ТНТ4</channel>
    <channel update="i" site="tviz.tv" site_id="oxotnik-i-rybolov" xmltv_id="Охотник и Рыболов">Охотник и Рыболов</channel>
    <channel update="i" site="tviz.tv" site_id="yumor-box" xmltv_id="ЮМОР TV">ЮМОР TV</channel>
    <channel update="i" site="tviz.tv" site_id="zhivi" xmltv_id="ЖИВИ!">ЖИВИ!</channel>
    <channel update="i" site="tviz.tv" site_id="tdk" xmltv_id="TDK">TDK</channel>
    <channel update="i" site="tviz.tv" site_id="soyuz" xmltv_id="Союз">Союз</channel>
    <channel update="i" site="tviz.tv" site_id="match-igra" xmltv_id="МАТЧ! ИГРА">МАТЧ! ИГРА</channel>
    <channel update="i" site="tviz.tv" site_id="raztv" xmltv_id="РазТВ">РазТВ</channel>
    <channel update="i" site="tviz.tv" site_id="tonus-tv" xmltv_id="Тонус-ТВ">Тонус-ТВ</channel>
    <channel update="i" site="tviz.tv" site_id="tnv" xmltv_id="ТНВ">ТНВ</channel>
    <channel update="i" site="tviz.tv" site_id="match-arena" xmltv_id="МАТЧ! АРЕНА">МАТЧ! АРЕНА</channel>
    <channel update="i" site="tviz.tv" site_id="nastoyashhee-strashnoe-televidenie" xmltv_id="Настоящее Страшное Телевидение">Настоящее Страшное Телевидение</channel>
    <channel update="i" site="tviz.tv" site_id="futbol" xmltv_id="Футбол">Футбол</channel>
    <channel update="i" site="tviz.tv" site_id="rutv" xmltv_id="Ru.TV">Ru.TV</channel>
    <channel update="i" site="tviz.tv" site_id="muz-tv" xmltv_id="МУЗ ТВ">МУЗ ТВ</channel>
    <channel update="i" site="tviz.tv" site_id="match-futbol-1" xmltv_id="МАТЧ! ФУТБОЛ 1">МАТЧ! ФУТБОЛ 1</channel>
    <channel update="i" site="tviz.tv" site_id="yu" xmltv_id="Ю">Ю</channel>
    <channel update="i" site="tviz.tv" site_id="kinosemiya" xmltv_id="КИНОСЕМЬЯ">КИНОСЕМЬЯ</channel>
    <channel update="i" site="tviz.tv" site_id="detskij-mir" xmltv_id="Детский мир">Детский мир</channel>
    <channel update="i" site="tviz.tv" site_id="spas" xmltv_id="Спас ТВ">Спас ТВ</channel>
    <channel update="i" site="tviz.tv" site_id="fashion-tv" xmltv_id="Fashion TV">Fashion TV</channel>
    <channel update="i" site="tviz.tv" site_id="mezzo" xmltv_id="Mezzo">Mezzo</channel>
    <channel update="i" site="tviz.tv" site_id="tv5" xmltv_id="TV5">TV5</channel>
    <channel update="i" site="tviz.tv" site_id="history-hd" xmltv_id="History HD">History HD</channel>
    <channel update="i" site="tviz.tv" site_id="extreme-sports" xmltv_id="Extreme Sports">Extreme Sports</channel>
    <channel update="i" site="tviz.tv" site_id="vmeste-rf" xmltv_id="Вместе-РФ">Вместе-РФ</channel>
    <channel update="i" site="tviz.tv" site_id="ajara-tv" xmltv_id="Ajara TV">Ajara TV</channel>
    <channel update="i" site="tviz.tv" site_id="travel-channel" xmltv_id="Travel Channel">Travel Channel</channel>
    <channel update="i" site="tviz.tv" site_id="1hd" xmltv_id="1HD">1HD</channel>
    <channel update="i" site="tviz.tv" site_id="o-tv" xmltv_id="O-TV">O-TV</channel>
    <channel update="i" site="tviz.tv" site_id="tlc-hd" xmltv_id="TLC HD">TLC HD</channel>
    <channel update="i" site="tviz.tv" site_id="retro" xmltv_id="Ретро">Ретро</channel>
    <channel update="i" site="tviz.tv" site_id="discovery-channel-hd" xmltv_id="Discovery Channel HD">Discovery Channel HD</channel>
    <channel update="i" site="tviz.tv" site_id="russia-today-hd" xmltv_id="Russia Today HD">Russia Today HD</channel>
    <channel update="i" site="tviz.tv" site_id="discovery-science-hd" xmltv_id="Discovery Science HD">Discovery Science HD</channel>
    <channel update="i" site="tviz.tv" site_id="avto24" xmltv_id="Авто24">Авто24</channel>
    <channel update="i" site="tviz.tv" site_id="tv-club" xmltv_id="TV club">TV club</channel>
    <channel update="i" site="tviz.tv" site_id="nash-futbol" xmltv_id="Наш футбол">Наш футбол</channel>
    <channel update="i" site="tviz.tv" site_id="zdorovoe-tv" xmltv_id="Здоровое ТВ">Здоровое ТВ</channel>
    <channel update="i" site="tviz.tv" site_id="morskoj" xmltv_id="Морской">Морской</channel>
    <channel update="i" site="tviz.tv" site_id="russkaya-noch" xmltv_id="Русская ночь">Русская ночь</channel>
    <channel update="i" site="tviz.tv" site_id="lya-minor" xmltv_id="Ля-минор">Ля-минор</channel>
    <channel update="i" site="tviz.tv" site_id="kinoserija" xmltv_id="Киносерия">Киносерия</channel>
    <channel update="i" site="tviz.tv" site_id="hd-life" xmltv_id="HD Life">HD Life</channel>
    <channel update="i" site="tviz.tv" site_id="zhivaya-priroda" xmltv_id="Живая природа">Живая природа</channel>
    <channel update="i" site="tviz.tv" site_id="radost-moya" xmltv_id="Радость Моя">Радость Моя</channel>
    <channel update="i" site="tviz.tv" site_id="telekafe" xmltv_id="Телекафе">Телекафе</channel>
    <channel update="i" site="tviz.tv" site_id="vremya" xmltv_id="Время">Время</channel>
    <channel update="i" site="tviz.tv" site_id="muzyka-pervogo" xmltv_id="Музыка Первого">Музыка Первого</channel>
    <channel update="i" site="tviz.tv" site_id="match-futbol-3-hd" xmltv_id="МАТЧ! ФУТБОЛ 3 HD">МАТЧ! ФУТБОЛ 3 HD</channel>
    <channel update="i" site="tviz.tv" site_id="nostalgiya" xmltv_id="Ностальгия">Ностальгия</channel>
    <channel update="i" site="tviz.tv" site_id="sarafan" xmltv_id="Сарафан">Сарафан</channel>
    <channel update="i" site="tviz.tv" site_id="luxe-hd" xmltv_id="Luxe HD">Luxe HD</channel>
    <channel update="i" site="tviz.tv" site_id="world-fashion-channel" xmltv_id="World Fashion Channel">World Fashion Channel</channel>
    <channel update="i" site="tviz.tv" site_id="eurosport-2-hd" xmltv_id="Eurosport 2 HD">Eurosport 2 HD</channel>
    <channel update="i" site="tviz.tv" site_id="strana" xmltv_id="Страна">Страна</channel>
    <channel update="i" site="tviz.tv" site_id="bbc" xmltv_id="BBC">BBC</channel>
    <channel update="i" site="tviz.tv" site_id="blue-hustler" xmltv_id="Blue Hustler">Blue Hustler</channel>
    <channel update="i" site="tviz.tv" site_id="c-music-tv" xmltv_id="C Music TV">C Music TV</channel>
    <channel update="i" site="tviz.tv" site_id="cnbc" xmltv_id="CNBC">CNBC</channel>
    <channel update="i" site="tviz.tv" site_id="da-vinci" xmltv_id="Da Vinci">Da Vinci</channel>
    <channel update="i" site="tviz.tv" site_id="daringtv" xmltv_id="Daring!TV">Daring!TV</channel>
    <channel update="i" site="tviz.tv" site_id="english-club-tv" xmltv_id="English Club TV">English Club TV</channel>
    <channel update="i" site="tviz.tv" site_id="fine-living-network" xmltv_id="Fine Living Network">Fine Living Network</channel>
    <channel update="i" site="tviz.tv" site_id="france-24" xmltv_id="France 24">France 24</channel>
    <channel update="i" site="tviz.tv" site_id="hd-media" xmltv_id="HD Медиа">HD Медиа</channel>
    <channel update="i" site="tviz.tv" site_id="pervyj-meteo" xmltv_id="Первый метео">Первый метео</channel>
    <channel update="i" site="tviz.tv" site_id="chpinfo" xmltv_id="ЧП.Info">ЧП.Info</channel>
    <channel update="i" site="tviz.tv" site_id="game-show" xmltv_id="Game Show">Game Show</channel>
    <channel update="i" site="tviz.tv" site_id="kinopokaz-hd-1" xmltv_id="Кинопоказ HD-1">Кинопоказ HD-1</channel>
    <channel update="i" site="tviz.tv" site_id="kinopokaz-hd-2" xmltv_id="Кинопоказ HD-2">Кинопоказ HD-2</channel>
    <channel update="i" site="tviz.tv" site_id="luxetv" xmltv_id="Luxe.TV">Luxe.TV</channel>
    <channel update="i" site="tviz.tv" site_id="man-tv" xmltv_id="Man TV">Man TV</channel>
    <channel update="i" site="tviz.tv" site_id="mcm-pop" xmltv_id="MCM POP">MCM POP</channel>
    <channel update="i" site="tviz.tv" site_id="mcm-top" xmltv_id="MCM TOP">MCM TOP</channel>
    <channel update="i" site="tviz.tv" site_id="mezzo-live-hd" xmltv_id="Mezzo Live HD">Mezzo Live HD</channel>
    <channel update="i" site="tviz.tv" site_id="mir-seriala" xmltv_id="Мир сериала">Мир сериала</channel>
    <channel update="i" site="tviz.tv" site_id="musicbox-ru" xmltv_id="RUSSIAN MUSICBOX">RUSSIAN MUSICBOX</channel>
    <channel update="i" site="tviz.tv" site_id="musicbox-tv" xmltv_id="MusicBox TV">MusicBox TV</channel>
    <channel update="i" site="tviz.tv" site_id="myzentv" xmltv_id="myZen.tv">myZen.tv</channel>
    <channel update="i" site="tviz.tv" site_id="viasat-nature-cee" xmltv_id="Viasat Nature CEE">Viasat Nature CEE</channel>
    <channel update="i" site="tviz.tv" site_id="newsone" xmltv_id="NewsOne">NewsOne</channel>
    <channel update="i" site="tviz.tv" site_id="hustler-tv-europe" xmltv_id="Hustler TV Europe">Hustler TV Europe</channel>
    <channel update="i" site="tviz.tv" site_id="match-planeta" xmltv_id="МАТЧ! ПЛАНЕТА">МАТЧ! ПЛАНЕТА</channel>
    <channel update="i" site="tviz.tv" site_id="playboy-tv" xmltv_id="Playboy TV">Playboy TV</channel>
    <channel update="i" site="tviz.tv" site_id="nuart-tv" xmltv_id="Nu.ART TV">Nu.ART TV</channel>
    <channel update="i" site="tviz.tv" site_id="pro-vse" xmltv_id="Pro все">Pro все</channel>
    <channel update="i" site="tviz.tv" site_id="russian-travel-guide" xmltv_id="Russian Travel Guide">Russian Travel Guide</channel>
    <channel update="i" site="tviz.tv" site_id="rusong-tv" xmltv_id="BRIDGE TV Русский Хит">BRIDGE TV Русский Хит</channel>
    <channel update="i" site="tviz.tv" site_id="vintage" xmltv_id="Vintage">Vintage</channel>
    <channel update="i" site="tviz.tv" site_id="teletravel-hd" xmltv_id="Teletravel HD">Teletravel HD</channel>
    <channel update="i" site="tviz.tv" site_id="top-shop-tv" xmltv_id="Top Shop TV">Top Shop TV</channel>
    <channel update="i" site="tviz.tv" site_id="turinfo" xmltv_id="ТурИнфо">ТурИнфо</channel>
    <channel update="i" site="tviz.tv" site_id="vh1-classic" xmltv_id="VH1 Classic">VH1 Classic</channel>
    <channel update="i" site="tviz.tv" site_id="vh1-european" xmltv_id="VH1 European">VH1 European</channel>
    <channel update="i" site="tviz.tv" site_id="cctv-news" xmltv_id="CCTV News">CCTV News</channel>
    <channel update="i" site="tviz.tv" site_id="oruzhie" xmltv_id="Оружие">Оружие</channel>
    <channel update="i" site="tviz.tv" site_id="paramount-channel" xmltv_id="Paramount Channel">Paramount Channel</channel>
    <channel update="i" site="tviz.tv" site_id="kto-est-kto" xmltv_id="Кто есть кто">Кто есть кто</channel>
    <channel update="i" site="tviz.tv" site_id="world-business-channel" xmltv_id="World Business Channel">World Business Channel</channel>
    <channel update="i" site="tviz.tv" site_id="world-music-channel" xmltv_id="World Music Channel">World Music Channel</channel>
    <channel update="i" site="tviz.tv" site_id="zagorodnyj" xmltv_id="Загородный">Загородный</channel>
    <channel update="i" site="tviz.tv" site_id="zee-tv" xmltv_id="Zee-TV">Zee-TV</channel>
    <channel update="i" site="tviz.tv" site_id="rtv-lyubimoe-kino" xmltv_id="РТВ - Любимое кино">РТВ - Любимое кино</channel>
    <channel update="i" site="tviz.tv" site_id="cnn-eng" xmltv_id="CNN (eng)">CNN (eng)</channel>
    <channel update="i" site="tviz.tv" site_id="deutsche-welle-deu" xmltv_id="Deutsche Welle (DEU)">Deutsche Welle (DEU)</channel>
    <channel update="i" site="tviz.tv" site_id="france-24-fr" xmltv_id="France 24 (FR)">France 24 (FR)</channel>
    <channel update="i" site="tviz.tv" site_id="nebiset-tv" xmltv_id="NEBISET TV">NEBISET TV</channel>
    <channel update="i" site="tviz.tv" site_id="belarus-24" xmltv_id="Беларусь 24">Беларусь 24</channel>
    <channel update="i" site="tviz.tv" site_id="pervyj-internet-kanal-hd" xmltv_id="Первый Интернет канал HD">Первый Интернет канал HD</channel>
    <channel update="i" site="tviz.tv" site_id="tv-sale" xmltv_id="TV Sale">TV Sale</channel>
    <channel update="i" site="tviz.tv" site_id="mtv-russia" xmltv_id="MTV Russia">MTV Russia</channel>
    <channel update="i" site="tviz.tv" site_id="eda-hd" xmltv_id="ЕДА Премиум">ЕДА Премиум</channel>
    <channel update="i" site="tviz.tv" site_id="maxxi-tv" xmltv_id="MAXXI-TV">MAXXI-TV</channel>
    <channel update="i" site="tviz.tv" site_id="travel-xp-hd" xmltv_id="Travel XP HD">Travel XP HD</channel>
    <channel update="i" site="tviz.tv" site_id="eurosport-hd" xmltv_id="Eurosport 1 HD">Eurosport 1 HD</channel>
    <channel update="i" site="tviz.tv" site_id="baby-tv" xmltv_id="Baby TV">Baby TV</channel>
    <channel update="i" site="tviz.tv" site_id="mtv-dance" xmltv_id="MTV Dance">MTV Dance</channel>
    <channel update="i" site="tviz.tv" site_id="mtv-hits" xmltv_id="MTV Hits">MTV Hits</channel>
    <channel update="i" site="tviz.tv" site_id="mtv-rocks" xmltv_id="MTV Rocks">MTV Rocks</channel>
    <channel update="i" site="tviz.tv" site_id="kalejdoskop-tv" xmltv_id="Калейдоскоп ТВ">Калейдоскоп ТВ</channel>
    <channel update="i" site="tviz.tv" site_id="komediya" xmltv_id="Комедия">Комедия</channel>
    <channel update="i" site="tviz.tv" site_id="motors-tv" xmltv_id="Motors TV">Motors TV</channel>
    <channel update="i" site="tviz.tv" site_id="prosveshhenie" xmltv_id="Просвещение">Просвещение</channel>
    <channel update="i" site="tviz.tv" site_id="russkij-detektiv" xmltv_id="Русский Детектив">Русский Детектив</channel>
    <channel update="i" site="tviz.tv" site_id="tro" xmltv_id="ТРО">ТРО</channel>
    <channel update="i" site="tviz.tv" site_id="trace-urban" xmltv_id="Trace Urban">Trace Urban</channel>
    <channel update="i" site="tviz.tv" site_id="karusel-int" xmltv_id="Карусель INT">Карусель INT</channel>
    <channel update="i" site="tviz.tv" site_id="mult" xmltv_id="МУЛЬТ">МУЛЬТ</channel>
    <channel update="i" site="tviz.tv" site_id="match-futbol-2" xmltv_id="МАТЧ! ФУТБОЛ 2">МАТЧ! ФУТБОЛ 2</channel>
    <channel update="i" site="tviz.tv" site_id="match-futbol-1-hd" xmltv_id="МАТЧ! ФУТБОЛ 1 HD">МАТЧ! ФУТБОЛ 1 HD</channel>
    <channel update="i" site="tviz.tv" site_id="mtv-live-hd" xmltv_id="MTV Live HD">MTV Live HD</channel>
    <channel update="i" site="tviz.tv" site_id="yegoist-tv" xmltv_id="Эгоист ТВ">Эгоист ТВ</channel>
    <channel update="i" site="tviz.tv" site_id="fashion-tv-hd" xmltv_id="Fashion TV HD">Fashion TV HD</channel>
    <channel update="i" site="tviz.tv" site_id="nat-geo-wild-hd" xmltv_id="Nat Geo WILD HD">Nat Geo WILD HD</channel>
    <channel update="i" site="tviz.tv" site_id="national-geographic-hd" xmltv_id="National Geographic HD">National Geographic HD</channel>
    <channel update="i" site="tviz.tv" site_id="domashnij-magazin" xmltv_id="Домашний Магазин">Домашний Магазин</channel>
    <channel update="i" site="tviz.tv" site_id="nano-tv" xmltv_id="Нано">Нано</channel>
    <channel update="i" site="tviz.tv" site_id="acb_tv" xmltv_id="ACB TV">ACB TV</channel>
    <channel update="i" site="tviz.tv" site_id="smajlik" xmltv_id="Смайлик">Смайлик</channel>
    <channel update="i" site="tviz.tv" site_id="viva-polska" xmltv_id="VIVA Polska">VIVA Polska</channel>
    <channel update="i" site="tviz.tv" site_id="iconcerts-hd" xmltv_id="iConcerts HD">iConcerts HD</channel>
    <channel update="i" site="tviz.tv" site_id="shop24extra" xmltv_id="Shop24extra">Shop24extra</channel>
    <channel update="i" site="tviz.tv" site_id="fuel-tv-hd" xmltv_id="Fuel TV HD">Fuel TV HD</channel>
    <channel update="i" site="tviz.tv" site_id="tri-angela" xmltv_id="Три Ангела">Три Ангела</channel>
    <channel update="i" site="tviz.tv" site_id="paramount-channel-hd" xmltv_id="Paramount Channel HD">Paramount Channel HD</channel>
    <channel update="i" site="tviz.tv" site_id="travel-channel-hd" xmltv_id="Travel Channel HD">Travel Channel HD</channel>
    <channel update="i" site="tviz.tv" site_id="ani" xmltv_id="Ani">Ani</channel>
    <channel update="i" site="tviz.tv" site_id="rzhd" xmltv_id="РЖД">РЖД</channel>
    <channel update="i" site="tviz.tv" site_id="fox-life-hd" xmltv_id="Fox Life HD">Fox Life HD</channel>
    <channel update="i" site="tviz.tv" site_id="nickelodeon-hd" xmltv_id="Nickelodeon HD">Nickelodeon HD</channel>
    <channel update="i" site="tviz.tv" site_id="lifenews" xmltv_id="Lifenews">Lifenews</channel>
    <channel update="i" site="tviz.tv" site_id="traveladventure" xmltv_id="Travel+Adventure">Travel+Adventure</channel>
    <channel update="i" site="tviz.tv" site_id="rossiya-hd" xmltv_id="Россия 1 HD">Россия 1 HD</channel>
    <channel update="i" site="tviz.tv" site_id="discovery-hd-showcase" xmltv_id="Discovery HD Showcase">Discovery HD Showcase</channel>
    <channel update="i" site="tviz.tv" site_id="tv-mall" xmltv_id="TV Mall">TV Mall</channel>
    <channel update="i" site="tviz.tv" site_id="europa-plus-tv" xmltv_id="Europa Plus TV">Europa Plus TV</channel>
    <channel update="i" site="tviz.tv" site_id="tbn" xmltv_id="ТБН">ТБН</channel>
    <channel update="i" site="tviz.tv" site_id="balans-tv" xmltv_id="БАЛАНС-ТВ">БАЛАНС-ТВ</channel>
    <channel update="i" site="tviz.tv" site_id="outdoor-channel" xmltv_id="Outdoor Channel">Outdoor Channel</channel>
    <channel update="i" site="tviz.tv" site_id="angel-tv" xmltv_id="Angel TV">Angel TV</channel>
    <channel update="i" site="tviz.tv" site_id="plyusplyus" xmltv_id="ПЛЮСПЛЮС">ПЛЮСПЛЮС</channel>
    <channel update="i" site="tviz.tv" site_id="konnyj-mir-hd" xmltv_id="Конный мир HD">Конный мир HD</channel>
    <channel update="i" site="tviz.tv" site_id="mtv-european" xmltv_id="MTV European">MTV European</channel>
    <channel update="i" site="tviz.tv" site_id="cctv" xmltv_id="CCTV">CCTV</channel>
    <channel update="i" site="tviz.tv" site_id="nika-tv" xmltv_id="Ника ТВ">Ника ТВ</channel>
    <channel update="i" site="tviz.tv" site_id="nash-futbol-hd" xmltv_id="Наш Футбол HD">Наш Футбол HD</channel>
    <channel update="i" site="tviz.tv" site_id="trace-urban-hd" xmltv_id="TRACE URBAN HD">TRACE URBAN HD</channel>
    <channel update="i" site="tviz.tv" site_id="ldprtv" xmltv_id="ЛДПР.ТВ">ЛДПР.ТВ</channel>
    <channel update="i" site="tviz.tv" site_id="shopping-live" xmltv_id="Shopping Live">Shopping Live</channel>
    <channel update="i" site="tviz.tv" site_id="nochnoj-klub" xmltv_id="Ночной клуб">Ночной клуб</channel>
    <channel update="i" site="tviz.tv" site_id="museum-hd" xmltv_id="Museum HD">Museum HD</channel>
    <channel update="i" site="tviz.tv" site_id="match-futbol-3" xmltv_id="МАТЧ! ФУТБОЛ 3">МАТЧ! ФУТБОЛ 3</channel>
    <channel update="i" site="tviz.tv" site_id="russkij-roman" xmltv_id="Русский роман">Русский роман</channel>
    <channel update="i" site="tviz.tv" site_id="bbc-world" xmltv_id="BBC-World">BBC-World</channel>
    <channel update="i" site="tviz.tv" site_id="kinoxit" xmltv_id="КИНОХИТ">КИНОХИТ</channel>
    <channel update="i" site="tviz.tv" site_id="tv21" xmltv_id="TV21">TV21</channel>
    <channel update="i" site="tviz.tv" site_id="pervyj-obrazovatelnyj" xmltv_id="Первый образовательный">Первый образовательный</channel>
    <channel update="i" site="tviz.tv" site_id="bst" xmltv_id="БСТ">БСТ</channel>
    <channel update="i" site="tviz.tv" site_id="lider-tv" xmltv_id="Лидер ТВ">Лидер ТВ</channel>
    <channel update="i" site="tviz.tv" site_id="semya" xmltv_id="Семья">Семья</channel>
    <channel update="i" site="tviz.tv" site_id="yexo-tv" xmltv_id="Эхо TV">Эхо TV</channel>
    <channel update="i" site="tviz.tv" site_id="ru-music" xmltv_id="RU MUSIC">RU MUSIC</channel>
    <channel update="i" site="tviz.tv" site_id="piktv" xmltv_id="ПИКТВ">ПИКТВ</channel>
    <channel update="i" site="tviz.tv" site_id="eda" xmltv_id="ЕДА">ЕДА</channel>
    <channel update="i" site="tviz.tv" site_id="rapru" xmltv_id="RAP.RU">RAP.RU</channel>
    <channel update="i" site="tviz.tv" site_id="otr" xmltv_id="Общественное телевидение России">Общественное телевидение России</channel>
    <channel update="i" site="tviz.tv" site_id="pyatnica" xmltv_id="Пятница">Пятница</channel>
    <channel update="i" site="tviz.tv" site_id="mgm-hd" xmltv_id="MGM HD">MGM HD</channel>
    <channel update="i" site="tviz.tv" site_id="nick-jr" xmltv_id="Nick Jr">Nick Jr</channel>
    <channel update="i" site="tviz.tv" site_id="konnyj-mir" xmltv_id="Конный мир">Конный мир</channel>
    <channel update="i" site="tviz.tv" site_id="outdoor-hd" xmltv_id="Outdoor HD">Outdoor HD</channel>
    <channel update="i" site="tviz.tv" site_id="eurosport-news" xmltv_id="Eurosport News">Eurosport News</channel>
    <channel update="i" site="tviz.tv" site_id="dtx" xmltv_id="DTX">DTX</channel>
    <channel update="i" site="tviz.tv" site_id="amedia-hit" xmltv_id="Amedia Hit">Amedia Hit</channel>
    <channel update="i" site="tviz.tv" site_id="cbs-reality" xmltv_id="CBS Reality">CBS Reality</channel>
    <channel update="i" site="tviz.tv" site_id="discovery-vostochnaya-evropa" xmltv_id="Discovery channel Центральная Европа">Discovery channel Центральная Европа</channel>
    <channel update="i" site="tviz.tv" site_id="viasat-naturehistory-hd" xmltv_id="Viasat Nature\/History HD">Viasat Nature\/History HD</channel>
    <channel update="i" site="tviz.tv" site_id="business" xmltv_id="Business">Business</channel>
    <channel update="i" site="tviz.tv" site_id="kxl-hd" xmltv_id="Телеканал КХЛ HD">Телеканал КХЛ HD</channel>
    <channel update="i" site="tviz.tv" site_id="sony-tv-hd" xmltv_id="Sony ТВ HD">Sony ТВ HD</channel>
    <channel update="i" site="tviz.tv" site_id="dom-kino-premium" xmltv_id="Дом Кино Премиум">Дом Кино Премиум</channel>
    <channel update="i" site="tviz.tv" site_id="fashion-one" xmltv_id="Fashion One">Fashion One</channel>
    <channel update="i" site="tviz.tv" site_id="galaxy-tv" xmltv_id="Тайны Галактики">Тайны Галактики</channel>
    <channel update="i" site="tviz.tv" site_id="bobyor" xmltv_id="Бобер">Бобер</channel>
    <channel update="i" site="tviz.tv" site_id="ryzhij" xmltv_id="Рыжий">Рыжий</channel>
    <channel update="i" site="tviz.tv" site_id="teatr" xmltv_id="Театр">Театр</channel>
    <channel update="i" site="tviz.tv" site_id="nhk-world-tv" xmltv_id="NHK WORLD TV">NHK WORLD TV</channel>
    <channel update="i" site="tviz.tv" site_id="sony-turbo" xmltv_id="Sony Turbo">Sony Turbo</channel>
    <channel update="i" site="tviz.tv" site_id="animal-planet-hd" xmltv_id="Animal Planet HD">Animal Planet HD</channel>
    <channel update="i" site="tviz.tv" site_id="paramount-comedy-russia" xmltv_id="Paramount Comedy Russia">Paramount Comedy Russia</channel>
    <channel update="i" site="tviz.tv" site_id="tnv-planeta" xmltv_id="ТНВ-планета">ТНВ-планета</channel>
    <channel update="i" site="tviz.tv" site_id="match-futbol-2-hd" xmltv_id="МАТЧ! ФУТБОЛ 2 HD">МАТЧ! ФУТБОЛ 2 HD</channel>
    <channel update="i" site="tviz.tv" site_id="global-star" xmltv_id="Global Star">Global Star</channel>
    <channel update="i" site="tviz.tv" site_id="fashion-one-hd" xmltv_id="Fashion One HD">Fashion One HD</channel>
    <channel update="i" site="tviz.tv" site_id="brio-tv" xmltv_id="BRIO-TV">BRIO-TV</channel>
    <channel update="i" site="tviz.tv" site_id="french-lover" xmltv_id="French Lover">French Lover</channel>
    <channel update="i" site="tviz.tv" site_id="trace-sport-stars-hd" xmltv_id="TRACE Sport Stars HD">TRACE Sport Stars HD</channel>
    <channel update="i" site="tviz.tv" site_id="egye" xmltv_id="ЕГЭ">ЕГЭ</channel>
    <channel update="i" site="tviz.tv" site_id="iconcerts" xmltv_id="iConcerts">iConcerts</channel>
    <channel update="i" site="tviz.tv" site_id="hustler-3dhd" xmltv_id="Hustler HD">Hustler HD</channel>
    <channel update="i" site="tviz.tv" site_id="planeta-hd" xmltv_id="Планета HD">Планета HD</channel>
    <channel update="i" site="tviz.tv" site_id="remusic" xmltv_id="RE:Music">RE:Music</channel>
    <channel update="i" site="tviz.tv" site_id="iskushenie" xmltv_id="Искушение">Искушение</channel>
    <channel update="i" site="tviz.tv" site_id="traveladventure-hd" xmltv_id="Travel+Adventure HD">Travel+Adventure HD</channel>
    <channel update="i" site="tviz.tv" site_id="kino-tv" xmltv_id="Кино ТВ">Кино ТВ</channel>
    <channel update="i" site="tviz.tv" site_id="tv1000-premium-hd" xmltv_id="ViP Premiere">ViP Premiere</channel>
    <channel update="i" site="tviz.tv" site_id="tv1000-megahit-hd" xmltv_id="ViP Megahit">ViP Megahit</channel>
    <channel update="i" site="tviz.tv" site_id="tv1000-comedy-hd" xmltv_id="ViP Comedy">ViP Comedy</channel>
    <channel update="i" site="tviz.tv" site_id="candy-tv" xmltv_id="Candy TV">Candy TV</channel>
    <channel update="i" site="tviz.tv" site_id="ntv-hd" xmltv_id="НТВ HD">НТВ HD</channel>
    <channel update="i" site="tviz.tv" site_id="arirang" xmltv_id="Arirang">Arirang</channel>
    <channel update="i" site="tviz.tv" site_id="russkij-bestseller" xmltv_id="Русский бестселлер">Русский бестселлер</channel>
    <channel update="i" site="tviz.tv" site_id="animaux" xmltv_id="Animaux">Animaux</channel>
    <channel update="i" site="tviz.tv" site_id="amedia1" xmltv_id="Amedia1">Amedia1</channel>
    <channel update="i" site="tviz.tv" site_id="amedia-2" xmltv_id="Amedia 2">Amedia 2</channel>
    <channel update="i" site="tviz.tv" site_id="amedia-premium-hd" xmltv_id="Amedia Premium HD">Amedia Premium HD</channel>
    <channel update="i" site="tviz.tv" site_id="amedia1-hd" xmltv_id="Amedia1 HD">Amedia1 HD</channel>
    <channel update="i" site="tviz.tv" site_id="pervyj-hd" xmltv_id="Первый HD">Первый HD</channel>
    <channel update="i" site="tviz.tv" site_id="kinopremiumhd" xmltv_id="КиноПремиумHD">КиноПремиумHD</channel>
    <channel update="i" site="tviz.tv" site_id="mir-24" xmltv_id="МИР 24">МИР 24</channel>
    <channel update="i" site="tviz.tv" site_id="sts-love" xmltv_id="СТС Love">СТС Love</channel>
    <channel update="i" site="tviz.tv" site_id="fox-hd" xmltv_id="Fox HD">Fox HD</channel>
    <channel update="i" site="tviz.tv" site_id="eureka-hd" xmltv_id="Eureka HD">Eureka HD</channel>
    <channel update="i" site="tviz.tv" site_id="animal-family-hd" xmltv_id="Animal Family HD">Animal Family HD</channel>
    <channel update="i" site="tviz.tv" site_id="dange-tv" xmltv_id="Bridge TV Dance">Bridge TV Dance</channel>
    <channel update="i" site="tviz.tv" site_id="arte-hd" xmltv_id="Arte HD">Arte HD</channel>
    <channel update="i" site="tviz.tv" site_id="topsong-tv" xmltv_id="Bridge TV Classic">Bridge TV Classic</channel>
    <channel update="i" site="tviz.tv" site_id="shop24" xmltv_id="SHOP24">SHOP24</channel>
    <channel update="i" site="tviz.tv" site_id="shopshow" xmltv_id="Shop&amp;Show">Shop&amp;Show</channel>
    <channel update="i" site="tviz.tv" site_id="russian-travel-guide-hd" xmltv_id="Russian Travel Guide HD">Russian Travel Guide HD</channel>
    <channel update="i" site="tviz.tv" site_id="rtd" xmltv_id="RTД">RTД</channel>
    <channel update="i" site="tviz.tv" site_id="brazzers-tv-europe" xmltv_id="Brazzers TV Europe">Brazzers TV Europe</channel>
    <channel update="i" site="tviz.tv" site_id="luxury" xmltv_id="LUXURY">LUXURY</channel>
    <channel update="i" site="tviz.tv" site_id="boks-tv" xmltv_id="Бокс ТВ">Бокс ТВ</channel>
    <channel update="i" site="tviz.tv" site_id="oxotnik-i-rybolov-hd" xmltv_id="Охотник и Рыболов HD">Охотник и Рыболов HD</channel>
    <channel update="i" site="tviz.tv" site_id="ostrosyuzhetnoe-hd" xmltv_id="Остросюжетное HD">Остросюжетное HD</channel>
    <channel update="i" site="tviz.tv" site_id="istoriya" xmltv_id="История">История</channel>
    <channel update="i" site="tviz.tv" site_id="kuban-24-orbita" xmltv_id="Кубань 24 Орбита">Кубань 24 Орбита</channel>
    <channel update="i" site="tviz.tv" site_id="mir-belogorya" xmltv_id="Мир Белогорья">Мир Белогорья</channel>
    <channel update="i" site="tviz.tv" site_id="tv-guberniya" xmltv_id="TV Губерния">TV Губерния</channel>
    <channel update="i" site="tviz.tv" site_id="tochka-tv" xmltv_id="Точка ТВ">Точка ТВ</channel>
    <channel update="i" site="tviz.tv" site_id="8-kanal-1116" xmltv_id="8 Канал">8 Канал</channel>
    <channel update="i" site="tviz.tv" site_id="id-xtra-hd" xmltv_id="ID Xtra HD">ID Xtra HD</channel>
    <channel update="i" site="tviz.tv" site_id="insight-ultra-hd" xmltv_id="Insight Ultra HD">Insight Ultra HD</channel>
    <channel update="i" site="tviz.tv" site_id="candy-3d-hd" xmltv_id="Candy 3D HD">Candy 3D HD</channel>
    <channel update="i" site="tviz.tv" site_id="candy-man" xmltv_id="Candy Man">Candy Man</channel>
    <channel update="i" site="tviz.tv" site_id="rt-doc" xmltv_id="RT Doc">RT Doc</channel>
    <channel update="i" site="tviz.tv" site_id="rt-espanol" xmltv_id="RT Espanol">RT Espanol</channel>
    <channel update="i" site="tviz.tv" site_id="strashnoe-hd" xmltv_id="Страшное HD">Страшное HD</channel>
    <channel update="i" site="tviz.tv" site_id="amedia-hit-hd" xmltv_id="Amedia Hit HD">Amedia Hit HD</channel>
    <channel update="i" site="tviz.tv" site_id="tvmchannel" xmltv_id="TVMChannel">TVMChannel</channel>
    <channel update="i" site="tviz.tv" site_id="ginger-hd" xmltv_id="Ginger HD">Ginger HD</channel>
    <channel update="i" site="tviz.tv" site_id="dozhd-hd" xmltv_id="Дождь HD">Дождь HD</channel>
    <channel update="i" site="tviz.tv" site_id="krasnaya-liniya" xmltv_id="КРАСНАЯ ЛИНИЯ">КРАСНАЯ ЛИНИЯ</channel>
    <channel update="i" site="tviz.tv" site_id="muzhskoe-kino" xmltv_id="МУЖСКОЕ КИНО">МУЖСКОЕ КИНО</channel>
  </channels>
</site>