﻿<?xml version="1.0" encoding="UTF-8"?>
<site generator-info-name="WebGrab+Plus/w MDB &amp; REX Postprocess -- version 1.1.1/53.17 -- Jan van Straaten" site="tvportal.rs">
  <channels>
    <channel update="i" site="tvportal.rs" site_id="Channel:24-kitchen,Nr:167" xmltv_id="24 Kitchen">24 Kitchen</channel>
    <channel update="i" site="tvportal.rs" site_id="Channel:777,Nr:202" xmltv_id="777">777</channel>
    <channel update="i" site="tvportal.rs" site_id="Channel:al-jazeera,Nr:168" xmltv_id="Al Jazeera">Al Jazeera</channel>
    <channel update="i" site="tvportal.rs" site_id="Channel:alternativna-tv,Nr:222" xmltv_id="Alternativna TV">Alternativna TV</channel>
    <channel update="i" site="tvportal.rs" site_id="Channel:animal-planet,Nr:1" xmltv_id="Animal Planet">Animal Planet</channel>
    <channel update="i" site="tvportal.rs" site_id="Channel:animal-planet-hd,Nr:156" xmltv_id="Animal Planet HD">Animal Planet HD</channel>
    <channel update="i" site="tvportal.rs" site_id="Channel:arenasport-1,Nr:116" xmltv_id="Arenasport 1">Arenasport 1</channel>
    <channel update="i" site="tvportal.rs" site_id="Channel:arenasport-2,Nr:117" xmltv_id="Arenasport 2">Arenasport 2</channel>
    <channel update="i" site="tvportal.rs" site_id="Channel:arenasport-3,Nr:118" xmltv_id="Arenasport 3">Arenasport 3</channel>
    <channel update="i" site="tvportal.rs" site_id="Channel:arenasport-4,Nr:123" xmltv_id="Arenasport 4">Arenasport 4</channel>
    <channel update="i" site="tvportal.rs" site_id="Channel:art,Nr:2" xmltv_id="Art">Art</channel>
    <channel update="i" site="tvportal.rs" site_id="Channel:arte-hd,Nr:165" xmltv_id="Arte HD">Arte HD</channel>
    <channel update="i" site="tvportal.rs" site_id="Channel:atlas,Nr:188" xmltv_id="Atlas">Atlas</channel>
    <channel update="i" site="tvportal.rs" site_id="Channel:Auto-motor-und-sport,Nr:253" xmltv_id="Auto motor und sport">Auto motor und sport</channel>
    <channel update="i" site="tvportal.rs" site_id="Channel:axn,Nr:107" xmltv_id="AXN">AXN</channel>
    <channel update="i" site="tvportal.rs" site_id="Channel:b92,Nr:4" xmltv_id="B92">B92</channel>
    <channel update="i" site="tvportal.rs" site_id="Channel:b92-info,Nr:5" xmltv_id="B92 Info">B92 Info</channel>
    <channel update="i" site="tvportal.rs" site_id="Channel:baby-tv,Nr:6" xmltv_id="Baby TV">Baby TV</channel>
    <channel update="i" site="tvportal.rs" site_id="Channel:balkanika-music-television,Nr:169" xmltv_id="Balkanika Music Television">Balkanika Music Television</channel>
    <channel update="i" site="tvportal.rs" site_id="Channel:bbc-entertainment,Nr:122" xmltv_id="BBC Entertainment">BBC Entertainment</channel>
    <channel update="i" site="tvportal.rs" site_id="Channel:bbc-world,Nr:130" xmltv_id="BBC World">BBC World</channel>
    <channel update="i" site="tvportal.rs" site_id="Channel:BELLE-AMIE,Nr:269" xmltv_id="BELLE AMIE">BELLE AMIE</channel>
    <channel update="i" site="tvportal.rs" site_id="Channel:best,Nr:189" xmltv_id="Best">Best</channel>
    <channel update="i" site="tvportal.rs" site_id="Channel:bloomberg,Nr:134" xmltv_id="Bloomberg">Bloomberg</channel>
    <channel update="i" site="tvportal.rs" site_id="Channel:blue-hustler,Nr:108" xmltv_id="Blue Hustler">Blue Hustler</channel>
    <channel update="i" site="tvportal.rs" site_id="Channel:bn,Nr:8" xmltv_id="BN">BN</channel>
    <channel update="i" site="tvportal.rs" site_id="Channel:bn-music,Nr:190" xmltv_id="BN Music">BN Music</channel>
    <channel update="i" site="tvportal.rs" site_id="Channel:boomerang,Nr:9" xmltv_id="Boomerang">Boomerang</channel>
    <channel update="i" site="tvportal.rs" site_id="Channel:brazzers,Nr:233" xmltv_id="Brazzers">Brazzers</channel>
    <channel update="i" site="tvportal.rs" site_id="Channel:private-spice,Nr:73" xmltv_id="Brazzers TV">Brazzers TV</channel>
    <channel update="i" site="tvportal.rs" site_id="Channel:cartoon-network,Nr:10" xmltv_id="Cartoon Network">Cartoon Network</channel>
    <channel update="i" site="tvportal.rs" site_id="Channel:cbs-drama,Nr:197" xmltv_id="CBS Drama">CBS Drama</channel>
    <channel update="i" site="tvportal.rs" site_id="Channel:cbs-reality,Nr:198" xmltv_id="CBS Reality">CBS Reality</channel>
    <channel update="i" site="tvportal.rs" site_id="Channel:CCTV-4,Nr:244" xmltv_id="CCTV 4">CCTV 4</channel>
    <channel update="i" site="tvportal.rs" site_id="Channel:Channel-one-russia,Nr:245" xmltv_id="Channel one russia">Channel one russia</channel>
    <channel update="i" site="tvportal.rs" site_id="Channel:chasse--peche,Nr:11" xmltv_id="Chasse &amp; Peche">Chasse &amp; Peche</channel>
    <channel update="i" site="tvportal.rs" site_id="Channel:cinemania,Nr:109" xmltv_id="Cinemania">Cinemania</channel>
    <channel update="i" site="tvportal.rs" site_id="Channel:cinemax,Nr:111" xmltv_id="Cinemax">Cinemax</channel>
    <channel update="i" site="tvportal.rs" site_id="Channel:cinemax-2,Nr:110" xmltv_id="Cinemax 2">Cinemax 2</channel>
    <channel update="i" site="tvportal.rs" site_id="Channel:cmc,Nr:203" xmltv_id="CMC">CMC</channel>
    <channel update="i" site="tvportal.rs" site_id="Channel:cnbc,Nr:133" xmltv_id="CNBC">CNBC</channel>
    <channel update="i" site="tvportal.rs" site_id="Channel:cnn,Nr:12" xmltv_id="CNN">CNN</channel>
    <channel update="i" site="tvportal.rs" site_id="Channel:crime-and-investigation,Nr:216" xmltv_id="Crime and Investigation">Crime and Investigation</channel>
    <channel update="i" site="tvportal.rs" site_id="Channel:Da-Vinci-Learning,Nr:234" xmltv_id="Da Vinci Learning">Da Vinci Learning</channel>
    <channel update="i" site="tvportal.rs" site_id="Channel:daring-tv,Nr:170" xmltv_id="Daring TV">Daring TV</channel>
    <channel update="i" site="tvportal.rs" site_id="Channel:deluxe-lounge-hd,Nr:145" xmltv_id="Deluxe Lounge HD">Deluxe Lounge HD</channel>
    <channel update="i" site="tvportal.rs" site_id="Channel:deluxe-music,Nr:144" xmltv_id="Deluxe Music">Deluxe Music</channel>
    <channel update="i" site="tvportal.rs" site_id="Channel:discovery,Nr:13" xmltv_id="Discovery">Discovery</channel>
    <channel update="i" site="tvportal.rs" site_id="Channel:discovery-hd-showcase,Nr:125" xmltv_id="Discovery HD Showcase">Discovery HD Showcase</channel>
    <channel update="i" site="tvportal.rs" site_id="Channel:discovery-science,Nr:14" xmltv_id="Discovery Science">Discovery Science</channel>
    <channel update="i" site="tvportal.rs" site_id="Channel:discovery-world,Nr:15" xmltv_id="Discovery World">Discovery World</channel>
    <channel update="i" site="tvportal.rs" site_id="Channel:disney,Nr:204" xmltv_id="Disney">Disney</channel>
    <channel update="i" site="tvportal.rs" site_id="Channel:disneyjunior,Nr:205" xmltv_id="Disney Junior">Disney Junior</channel>
    <channel update="i" site="tvportal.rs" site_id="Channel:disney-xd,Nr:141" xmltv_id="Disney XD">Disney XD</channel>
    <channel update="i" site="tvportal.rs" site_id="Channel:dm-sat,Nr:152" xmltv_id="DM Sat">DM Sat</channel>
    <channel update="i" site="tvportal.rs" site_id="Channel:dorcel,Nr:17" xmltv_id="Dorcel">Dorcel</channel>
    <channel update="i" site="tvportal.rs" site_id="Channel:Dorcel-xxx-HD,Nr:235" xmltv_id="Dorcel xxx  HD">Dorcel xxx  HD</channel>
    <channel update="i" site="tvportal.rs" site_id="Channel:Duck-tv,Nr:241" xmltv_id="Duck tv">Duck tv</channel>
    <channel update="i" site="tvportal.rs" site_id="Channel:duga,Nr:171" xmltv_id="Duga">Duga</channel>
    <channel update="i" site="tvportal.rs" site_id="Channel:Dusk,Nr:236" xmltv_id="Dusk">Dusk</channel>
    <channel update="i" site="tvportal.rs" site_id="Channel:Dw,Nr:242" xmltv_id="Dw">Dw</channel>
    <channel update="i" site="tvportal.rs" site_id="Channel:e!,Nr:172" xmltv_id="E">E</channel>
    <channel update="i" site="tvportal.rs" site_id="Channel:English-club,Nr:246" xmltv_id="English club">English club</channel>
    <channel update="i" site="tvportal.rs" site_id="Channel:Erox,Nr:237" xmltv_id="Erox">Erox</channel>
    <channel update="i" site="tvportal.rs" site_id="Channel:Eroxxx,Nr:238" xmltv_id="Eroxxx">Eroxxx</channel>
    <channel update="i" site="tvportal.rs" site_id="Channel:eurochannel,Nr:224" xmltv_id="Eurochannel">Eurochannel</channel>
    <channel update="i" site="tvportal.rs" site_id="Channel:euronews,Nr:131" xmltv_id="Euronews">Euronews</channel>
    <channel update="i" site="tvportal.rs" site_id="Channel:eurosport,Nr:21" xmltv_id="Eurosport">Eurosport</channel>
    <channel update="i" site="tvportal.rs" site_id="Channel:eurosport-1-hd,Nr:126" xmltv_id="Eurosport 1 HD">Eurosport 1 HD</channel>
    <channel update="i" site="tvportal.rs" site_id="Channel:eurosport-2,Nr:22" xmltv_id="Eurosport 2">Eurosport 2</channel>
    <channel update="i" site="tvportal.rs" site_id="Channel:eurosport-2-hd,Nr:127" xmltv_id="Eurosport 2 HD">Eurosport 2 HD</channel>
    <channel update="i" site="tvportal.rs" site_id="Channel:explorer,Nr:23" xmltv_id="Explorer">Explorer</channel>
    <channel update="i" site="tvportal.rs" site_id="Channel:extreme-sport-channel,Nr:24" xmltv_id="Extreme Sport Channel">Extreme Sport Channel</channel>
    <channel update="i" site="tvportal.rs" site_id="Channel:fashion-one,Nr:173" xmltv_id="Fashion One">Fashion One</channel>
    <channel update="i" site="tvportal.rs" site_id="Channel:fashion-tv,Nr:25" xmltv_id="Fashion TV">Fashion TV</channel>
    <channel update="i" site="tvportal.rs" site_id="Channel:fashion-tv-hd,Nr:26" xmltv_id="Fashion TV HD">Fashion TV HD</channel>
    <channel update="i" site="tvportal.rs" site_id="Channel:Filmbox-art-house,Nr:270" xmltv_id="Filmbox art house">Filmbox art house</channel>
    <channel update="i" site="tvportal.rs" site_id="Channel:Filmbox-hd,Nr:263" xmltv_id="Filmbox hd">Filmbox hd</channel>
    <channel update="i" site="tvportal.rs" site_id="Channel:Filmbox-plus,Nr:264" xmltv_id="Filmbox plus">Filmbox plus</channel>
    <channel update="i" site="tvportal.rs" site_id="Channel:zone-club,Nr:104" xmltv_id="Fine Living Network">Fine Living Network</channel>
    <channel update="i" site="tvportal.rs" site_id="Channel:fishing-and-hunting,Nr:226" xmltv_id="Fishing and Hunting">Fishing and Hunting</channel>
    <channel update="i" site="tvportal.rs" site_id="Channel:food-network,Nr:147" xmltv_id="Food Network">Food Network</channel>
    <channel update="i" site="tvportal.rs" site_id="Channel:Food-Network-HD,Nr:257" xmltv_id="Food Network HD">Food Network HD</channel>
    <channel update="i" site="tvportal.rs" site_id="Channel:fox,Nr:199" xmltv_id="FOX">FOX</channel>
    <channel update="i" site="tvportal.rs" site_id="Channel:fox-crime,Nr:29" xmltv_id="Fox Crime">Fox Crime</channel>
    <channel update="i" site="tvportal.rs" site_id="Channel:fox-life,Nr:30" xmltv_id="Fox Life">Fox Life</channel>
    <channel update="i" site="tvportal.rs" site_id="Channel:fox-movies,Nr:185" xmltv_id="Fox Movies">Fox Movies</channel>
    <channel update="i" site="tvportal.rs" site_id="Channel:france-24,Nr:132" xmltv_id="France 24">France 24</channel>
    <channel update="i" site="tvportal.rs" site_id="Channel:Ginx,Nr:239" xmltv_id="Ginx">Ginx</channel>
    <channel update="i" site="tvportal.rs" site_id="Channel:happy,Nr:34" xmltv_id="Happy TV">Happy TV</channel>
    <channel update="i" site="tvportal.rs" site_id="Channel:hayat,Nr:206" xmltv_id="Hayat">Hayat</channel>
    <channel update="i" site="tvportal.rs" site_id="Channel:hbo,Nr:32" xmltv_id="HBO">HBO</channel>
    <channel update="i" site="tvportal.rs" site_id="Channel:hbo-comedy,Nr:33" xmltv_id="HBO Comedy">HBO Comedy</channel>
    <channel update="i" site="tvportal.rs" site_id="Channel:history,Nr:35" xmltv_id="History">History</channel>
    <channel update="i" site="tvportal.rs" site_id="Channel:hrt-1,Nr:36" xmltv_id="HRT 1">HRT 1</channel>
    <channel update="i" site="tvportal.rs" site_id="Channel:hrt-2,Nr:37" xmltv_id="HRT 2">HRT 2</channel>
    <channel update="i" site="tvportal.rs" site_id="Channel:hrt-3,Nr:231" xmltv_id="HRT 3">HRT 3</channel>
    <channel update="i" site="tvportal.rs" site_id="Channel:hrt-4,Nr:232" xmltv_id="HRT 4">HRT 4</channel>
    <channel update="i" site="tvportal.rs" site_id="Channel:hustler,Nr:38" xmltv_id="Hustler">Hustler</channel>
    <channel update="i" site="tvportal.rs" site_id="Channel:id,Nr:112" xmltv_id="ID">ID</channel>
    <channel update="i" site="tvportal.rs" site_id="Channel:Id-xtra,Nr:265" xmltv_id="Id xtra">Id xtra</channel>
    <channel update="i" site="tvportal.rs" site_id="Channel:Id-xtra-hd,Nr:266" xmltv_id="Id xtra hd">Id xtra hd</channel>
    <channel update="i" site="tvportal.rs" site_id="Channel:iqs-life,Nr:201" xmltv_id="IQS Life">IQS Life</channel>
    <channel update="i" site="tvportal.rs" site_id="Channel:jim-jam,Nr:40" xmltv_id="Jim Jam">Jim Jam</channel>
    <channel update="i" site="tvportal.rs" site_id="Channel:kanal-3,Nr:227" xmltv_id="Kanal 3">Kanal 3</channel>
    <channel update="i" site="tvportal.rs" site_id="Channel:kanal-d,Nr:41" xmltv_id="Kanal D">Kanal D</channel>
    <channel update="i" site="tvportal.rs" site_id="Channel:kcn,Nr:174" xmltv_id="KCN">KCN</channel>
    <channel update="i" site="tvportal.rs" site_id="Channel:kcn2,Nr:186" xmltv_id="KCN 2">KCN 2</channel>
    <channel update="i" site="tvportal.rs" site_id="Channel:kcn3,Nr:191" xmltv_id="KCN 3 - Svet Plus">KCN 3 - Svet Plus</channel>
    <channel update="i" site="tvportal.rs" site_id="Channel:kika,Nr:175" xmltv_id="Kika">Kika</channel>
    <channel update="i" site="tvportal.rs" site_id="Channel:landscape-hd,Nr:217" xmltv_id="Landscape HD">Landscape HD</channel>
    <channel update="i" site="tvportal.rs" site_id="Channel:fishing-and-hunting,Nr:162" xmltv_id="Lov i Ribolov">Lov i Ribolov</channel>
    <channel update="i" site="tvportal.rs" site_id="Channel:luxe-tv-hd,Nr:43" xmltv_id="Luxe TV HD">Luxe TV HD</channel>
    <channel update="i" site="tvportal.rs" site_id="Channel:M2,Nr:247" xmltv_id="M2">M2</channel>
    <channel update="i" site="tvportal.rs" site_id="Channel:Mag,Nr:267" xmltv_id="Mag">Mag</channel>
    <channel update="i" site="tvportal.rs" site_id="Channel:mbc,Nr:207" xmltv_id="MBC">MBC</channel>
    <channel update="i" site="tvportal.rs" site_id="Channel:MEDICAL-CHANNEL,Nr:271" xmltv_id="MEDICAL CHANNEL">MEDICAL CHANNEL</channel>
    <channel update="i" site="tvportal.rs" site_id="Channel:metropolis,Nr:45" xmltv_id="Metropolis">Metropolis</channel>
    <channel update="i" site="tvportal.rs" site_id="Channel:mezzo,Nr:46" xmltv_id="Mezzo">Mezzo</channel>
    <channel update="i" site="tvportal.rs" site_id="Channel:Mezzo-live-hd,Nr:256" xmltv_id="Mezzo live hd">Mezzo live hd</channel>
    <channel update="i" site="tvportal.rs" site_id="Channel:mgm,Nr:47" xmltv_id="MGM">MGM</channel>
    <channel update="i" site="tvportal.rs" site_id="Channel:miniultra,Nr:208" xmltv_id="Mini Ultra">Mini Ultra</channel>
    <channel update="i" site="tvportal.rs" site_id="Channel:minimax,Nr:113" xmltv_id="Minimax">Minimax</channel>
    <channel update="i" site="tvportal.rs" site_id="Channel:mktv,Nr:166" xmltv_id="MKTV">MKTV</channel>
    <channel update="i" site="tvportal.rs" site_id="Channel:montena,Nr:192" xmltv_id="Montena">Montena</channel>
    <channel update="i" site="tvportal.rs" site_id="Channel:Motors-tv,Nr:248" xmltv_id="Motors tv">Motors tv</channel>
    <channel update="i" site="tvportal.rs" site_id="Channel:mtv-adria,Nr:51" xmltv_id="MTV">MTV</channel>
    <channel update="i" site="tvportal.rs" site_id="Channel:mtv-dance,Nr:52" xmltv_id="MTV Dance">MTV Dance</channel>
    <channel update="i" site="tvportal.rs" site_id="Channel:mtv-hits,Nr:53" xmltv_id="MTV Hits">MTV Hits</channel>
    <channel update="i" site="tvportal.rs" site_id="Channel:mtv-live-hd,Nr:177" xmltv_id="MTV Live HD">MTV Live HD</channel>
    <channel update="i" site="tvportal.rs" site_id="Channel:mtv-rocks,Nr:50" xmltv_id="MTV Rocks">MTV Rocks</channel>
    <channel update="i" site="tvportal.rs" site_id="Channel:n24,Nr:54" xmltv_id="N24">N24</channel>
    <channel update="i" site="tvportal.rs" site_id="Channel:nat-geo-music,Nr:55" xmltv_id="NAT Geo Music">NAT Geo Music</channel>
    <channel update="i" site="tvportal.rs" site_id="Channel:nat-geo-wild,Nr:56" xmltv_id="NAT Geo Wild">NAT Geo Wild</channel>
    <channel update="i" site="tvportal.rs" site_id="Channel:natgeo-hd,Nr:57" xmltv_id="NatGeo HD">NatGeo HD</channel>
    <channel update="i" site="tvportal.rs" site_id="Channel:national-geographic,Nr:58" xmltv_id="National Geographic">National Geographic</channel>
    <channel update="i" site="tvportal.rs" site_id="Channel:nature,Nr:155" xmltv_id="Nature">Nature</channel>
    <channel update="i" site="tvportal.rs" site_id="Channel:nautical-channel,Nr:184" xmltv_id="Nautical Channel">Nautical Channel</channel>
    <channel update="i" site="tvportal.rs" site_id="Channel:Novi-tv,Nr:268" xmltv_id="Novi tv">Novi tv</channel>
    <channel update="i" site="tvportal.rs" site_id="Channel:obn,Nr:60" xmltv_id="OBN">OBN</channel>
    <channel update="i" site="tvportal.rs" site_id="Channel:Outdoor-Channel-HD,Nr:240" xmltv_id="Outdoor Channel HD">Outdoor Channel HD</channel>
    <channel update="i" site="tvportal.rs" site_id="Channel:palma-plus,Nr:62" xmltv_id="Palma plus">Palma plus</channel>
    <channel update="i" site="tvportal.rs" site_id="Channel:pink,Nr:64" xmltv_id="Pink">Pink</channel>
    <channel update="i" site="tvportal.rs" site_id="Channel:pink2,Nr:3" xmltv_id="Pink 2">Pink 2</channel>
    <channel update="i" site="tvportal.rs" site_id="Channel:pink-3,Nr:228" xmltv_id="Pink 3">Pink 3</channel>
    <channel update="i" site="tvportal.rs" site_id="Channel:pink-action,Nr:65" xmltv_id="Pink Action">Pink Action</channel>
    <channel update="i" site="tvportal.rs" site_id="Channel:pink-family,Nr:66" xmltv_id="Pink Family">Pink Family</channel>
    <channel update="i" site="tvportal.rs" site_id="Channel:pink-film,Nr:67" xmltv_id="Pink Film">Pink Film</channel>
    <channel update="i" site="tvportal.rs" site_id="Channel:pink-kids,Nr:68" xmltv_id="Pink Kids">Pink Kids</channel>
    <channel update="i" site="tvportal.rs" site_id="Channel:pinkm,Nr:193" xmltv_id="Pink M">Pink M</channel>
    <channel update="i" site="tvportal.rs" site_id="Channel:pink-movie,Nr:69" xmltv_id="Pink Movie">Pink Movie</channel>
    <channel update="i" site="tvportal.rs" site_id="Channel:pink-music,Nr:70" xmltv_id="Pink Music">Pink Music</channel>
    <channel update="i" site="tvportal.rs" site_id="Channel:playboy-tv,Nr:71" xmltv_id="Playboy TV">Playboy TV</channel>
    <channel update="i" site="tvportal.rs" site_id="Channel:Private-Spice,Nr:229" xmltv_id="Private Spice">Private Spice</channel>
    <channel update="i" site="tvportal.rs" site_id="Channel:prvacg,Nr:209" xmltv_id="Prva CG">Prva CG</channel>
    <channel update="i" site="tvportal.rs" site_id="Channel:prva,Nr:28" xmltv_id="Prva srpska TV">Prva srpska TV</channel>
    <channel update="i" site="tvportal.rs" site_id="Channel:raidue,Nr:210" xmltv_id="Rai Due">Rai Due</channel>
    <channel update="i" site="tvportal.rs" site_id="Channel:rai-uno,Nr:178" xmltv_id="Rai Uno">Rai Uno</channel>
    <channel update="i" site="tvportal.rs" site_id="Channel:regionalnatv,Nr:211" xmltv_id="Regionalna TV">Regionalna TV</channel>
    <channel update="i" site="tvportal.rs" site_id="Channel:rtcg,Nr:74" xmltv_id="RTCG">RTCG</channel>
    <channel update="i" site="tvportal.rs" site_id="Channel:rtcg1,Nr:194" xmltv_id="RTCG 1">RTCG 1</channel>
    <channel update="i" site="tvportal.rs" site_id="Channel:rtcg2,Nr:195" xmltv_id="RTCG 2">RTCG 2</channel>
    <channel update="i" site="tvportal.rs" site_id="Channel:Rtg-International,Nr:258" xmltv_id="Rtg International">Rtg International</channel>
    <channel update="i" site="tvportal.rs" site_id="Channel:rtl,Nr:179" xmltv_id="RTL">RTL</channel>
    <channel update="i" site="tvportal.rs" site_id="Channel:Rtl-hr,Nr:249" xmltv_id="Rtl hr">Rtl hr</channel>
    <channel update="i" site="tvportal.rs" site_id="Channel:rtr-planeta,Nr:180" xmltv_id="RTR Planeta">RTR Planeta</channel>
    <channel update="i" site="tvportal.rs" site_id="Channel:rtrs,Nr:75" xmltv_id="RTRS">RTRS</channel>
    <channel update="i" site="tvportal.rs" site_id="Channel:rts-1,Nr:77" xmltv_id="RTS 1">RTS 1</channel>
    <channel update="i" site="tvportal.rs" site_id="Channel:rts-2,Nr:78" xmltv_id="RTS 2">RTS 2</channel>
    <channel update="i" site="tvportal.rs" site_id="Channel:rts-digital,Nr:79" xmltv_id="RTS digital">RTS digital</channel>
    <channel update="i" site="tvportal.rs" site_id="Channel:rtshd,Nr:212" xmltv_id="RTS HD">RTS HD</channel>
    <channel update="i" site="tvportal.rs" site_id="Channel:rts-sat,Nr:187" xmltv_id="RTS Sat">RTS Sat</channel>
    <channel update="i" site="tvportal.rs" site_id="Channel:rtv-1,Nr:80" xmltv_id="RTV 1">RTV 1</channel>
    <channel update="i" site="tvportal.rs" site_id="Channel:rtv-2,Nr:81" xmltv_id="RTV 2">RTV 2</channel>
    <channel update="i" site="tvportal.rs" site_id="Channel:Rtv-Budva,Nr:259" xmltv_id="Rtv Budva">Rtv Budva</channel>
    <channel update="i" site="tvportal.rs" site_id="Channel:vesti,Nr:143" xmltv_id="Rusija 24">Rusija 24</channel>
    <channel update="i" site="tvportal.rs" site_id="Channel:russia-today,Nr:83" xmltv_id="Russia Today">Russia Today</channel>
    <channel update="i" site="tvportal.rs" site_id="Channel:russiatodaydocumentary,Nr:213" xmltv_id="Russia Today Documentary">Russia Today Documentary</channel>
    <channel update="i" site="tvportal.rs" site_id="Channel:Sat-1,Nr:243" xmltv_id="Sat 1">Sat 1</channel>
    <channel update="i" site="tvportal.rs" site_id="Channel:sci-fi,Nr:119" xmltv_id="Sci Fi">Sci Fi</channel>
    <channel update="i" site="tvportal.rs" site_id="Channel:sk-1,Nr:218" xmltv_id="SK 1">SK 1</channel>
    <channel update="i" site="tvportal.rs" site_id="Channel:sk-2,Nr:219" xmltv_id="SK 2">SK 2</channel>
    <channel update="i" site="tvportal.rs" site_id="Channel:sk-3,Nr:220" xmltv_id="SK 3">SK 3</channel>
    <channel update="i" site="tvportal.rs" site_id="Channel:sk-golf,Nr:221" xmltv_id="SK Golf">SK Golf</channel>
    <channel update="i" site="tvportal.rs" site_id="Channel:SK1-CG,Nr:272" xmltv_id="SK1 CG">SK1 CG</channel>
    <channel update="i" site="tvportal.rs" site_id="Channel:sky-news,Nr:85" xmltv_id="SKY News">SKY News</channel>
    <channel update="i" site="tvportal.rs" site_id="Channel:Sky-parti,Nr:250" xmltv_id="Sky parti">Sky parti</channel>
    <channel update="i" site="tvportal.rs" site_id="Channel:sky-plus,Nr:223" xmltv_id="Sky plus">Sky plus</channel>
    <channel update="i" site="tvportal.rs" site_id="Channel:Sky-vremeplov,Nr:251" xmltv_id="Sky vremeplov">Sky vremeplov</channel>
    <channel update="i" site="tvportal.rs" site_id="Channel:slo-1,Nr:86" xmltv_id="SLO 1">SLO 1</channel>
    <channel update="i" site="tvportal.rs" site_id="Channel:Slo-2,Nr:252" xmltv_id="Slo 2">Slo 2</channel>
    <channel update="i" site="tvportal.rs" site_id="Channel:sos,Nr:87" xmltv_id="SOS">SOS</channel>
    <channel update="i" site="tvportal.rs" site_id="Channel:Srpska-naucna-televizija,Nr:273" xmltv_id="Srpska naucna televizija">Srpska naucna televizija</channel>
    <channel update="i" site="tvportal.rs" site_id="Channel:studio-b,Nr:92" xmltv_id="Studio B">Studio B</channel>
    <channel update="i" site="tvportal.rs" site_id="Channel:tcm,Nr:94" xmltv_id="TCM">TCM</channel>
    <channel update="i" site="tvportal.rs" site_id="Channel:the-history-channel,Nr:95" xmltv_id="The History Channel">The History Channel</channel>
    <channel update="i" site="tvportal.rs" site_id="Channel:the-history-channel-hd,Nr:124" xmltv_id="The History Channel HD">The History Channel HD</channel>
    <channel update="i" site="tvportal.rs" site_id="Channel:tlc,Nr:161" xmltv_id="TLC">TLC</channel>
    <channel update="i" site="tvportal.rs" site_id="Channel:top-shop,Nr:181" xmltv_id="Top Shop">Top Shop</channel>
    <channel update="i" site="tvportal.rs" site_id="Channel:Trace-sports-HD,Nr:254" xmltv_id="Trace sports HD">Trace sports HD</channel>
    <channel update="i" site="tvportal.rs" site_id="Channel:Trace-urban-HD,Nr:255" xmltv_id="Trace urban HD">Trace urban HD</channel>
    <channel update="i" site="tvportal.rs" site_id="Channel:travel,Nr:96" xmltv_id="Travel">Travel</channel>
    <channel update="i" site="tvportal.rs" site_id="Channel:travel-ha,Nr:200" xmltv_id="Travel HD">Travel HD</channel>
    <channel update="i" site="tvportal.rs" site_id="Channel:tv-1000,Nr:98" xmltv_id="TV 1000">TV 1000</channel>
    <channel update="i" site="tvportal.rs" site_id="Channel:tv-bgd,Nr:196" xmltv_id="TV BGD">TV BGD</channel>
    <channel update="i" site="tvportal.rs" site_id="Channel:Tv-Boka,Nr:260" xmltv_id="Tv Boka">Tv Boka</channel>
    <channel update="i" site="tvportal.rs" site_id="Channel:TV-Nova,Nr:230" xmltv_id="TV Nova">TV Nova</channel>
    <channel update="i" site="tvportal.rs" site_id="Channel:Tv-Pljevlja,Nr:261" xmltv_id="Tv Pljevlja">Tv Pljevlja</channel>
    <channel update="i" site="tvportal.rs" site_id="Channel:Tv-Sun,Nr:262" xmltv_id="Tv Sun">Tv Sun</channel>
    <channel update="i" site="tvportal.rs" site_id="Channel:tv-telemark,Nr:142" xmltv_id="TV Telemark">TV Telemark</channel>
    <channel update="i" site="tvportal.rs" site_id="Channel:tvvijesti,Nr:214" xmltv_id="TV Vijesti">TV Vijesti</channel>
    <channel update="i" site="tvportal.rs" site_id="Channel:tv5-monde,Nr:182" xmltv_id="TV5 Monde">TV5 Monde</channel>
    <channel update="i" site="tvportal.rs" site_id="Channel:tve,Nr:183" xmltv_id="TVE">TVE</channel>
    <channel update="i" site="tvportal.rs" site_id="Channel:ultra,Nr:154" xmltv_id="Ultra">Ultra</channel>
    <channel update="i" site="tvportal.rs" site_id="Channel:hallmark,Nr:31" xmltv_id="Universal Channel">Universal Channel</channel>
    <channel update="i" site="tvportal.rs" site_id="Channel:vh-1,Nr:135" xmltv_id="VH 1">VH 1</channel>
    <channel update="i" site="tvportal.rs" site_id="Channel:vh1-classic,Nr:101" xmltv_id="VH1 Classic">VH1 Classic</channel>
    <channel update="i" site="tvportal.rs" site_id="Channel:xxx-xtreme,Nr:114" xmltv_id="XXX Xtreme">XXX Xtreme</channel>
    <channel update="i" site="tvportal.rs" site_id="Channel:zdf,Nr:215" xmltv_id="ZDF">ZDF</channel>
  </channels>
</site>