﻿<?xml version="1.0" encoding="UTF-8"?>
<site generator-info-name="WebGrab+Plus/w MDB &amp; REX Postprocess -- version V1.56.28.2 -- Jan van Straaten" site="tv2.no">
  <channels>
    <channel update="i" site="tv2.no" site_id="1005" xmltv_id="TV 2">TV 2</channel>
    <channel update="i" site="tv2.no" site_id="1152" xmltv_id="TV 2 Zebra">TV 2 Zebra</channel>
    <channel update="i" site="tv2.no" site_id="1919" xmltv_id="TV 2 Humor">TV 2 Humor</channel>
    <channel update="i" site="tv2.no" site_id="1969" xmltv_id="TV 2 Livsstil">TV 2 Livsstil</channel>
    <channel update="i" site="tv2.no" site_id="1147" xmltv_id="TV 2 Nyhetskanalen">TV 2 Nyhetskanalen</channel>
    <channel update="i" site="tv2.no" site_id="1151" xmltv_id="TV 2 Sport">TV 2 Sport</channel>
    <channel update="i" site="tv2.no" site_id="1148" xmltv_id="TV 2 Sport Premium">TV 2 Sport Premium</channel>
    <channel update="i" site="tv2.no" site_id="1000" xmltv_id="NRK1">NRK1</channel>
    <channel update="i" site="tv2.no" site_id="1001" xmltv_id="NRK2">NRK2</channel>
    <channel update="i" site="tv2.no" site_id="1112" xmltv_id="NRK3">NRK3</channel>
    <channel update="i" site="tv2.no" site_id="1041" xmltv_id="TV3">TV3</channel>
    <channel update="i" site="tv2.no" site_id="1169" xmltv_id="Viasat 4">Viasat 4</channel>
    <channel update="i" site="tv2.no" site_id="1162" xmltv_id="TVNorge HD">TVNorge HD</channel>
    <channel update="i" site="tv2.no" site_id="1101" xmltv_id="MAX">MAX</channel>
    <channel update="i" site="tv2.no" site_id="1092" xmltv_id="FEM">FEM</channel>
    <channel update="i" site="tv2.no" site_id="1176" xmltv_id="VOX Norge">VOX Norge</channel>
    <channel update="i" site="tv2.no" site_id="1132" xmltv_id="SVT1">SVT1</channel>
    <channel update="i" site="tv2.no" site_id="1134" xmltv_id="SVT2">SVT2</channel>
    <channel update="i" site="tv2.no" site_id="1156" xmltv_id="TV 4">TV 4</channel>
    <channel update="i" site="tv2.no" site_id="1078" xmltv_id="DR1">DR1</channel>
    <channel update="i" site="tv2.no" site_id="1079" xmltv_id="DR2">DR2</channel>
    <channel update="i" site="tv2.no" site_id="1083" xmltv_id="TV 2 Danmark">TV 2 Danmark</channel>
    <channel update="i" site="tv2.no" site_id="1175" xmltv_id="TV6">TV6</channel>
    <channel update="i" site="tv2.no" site_id="1093" xmltv_id="Fox Crime">Fox Crime</channel>
    <channel update="i" site="tv2.no" site_id="1160" xmltv_id="TNT">TNT</channel>
    <channel update="i" site="tv2.no" site_id="1050" xmltv_id="BBC World">BBC World</channel>
    <channel update="i" site="tv2.no" site_id="1046" xmltv_id="BBC Entertainment">BBC Entertainment</channel>
    <channel update="i" site="tv2.no" site_id="1048" xmltv_id="BBC Knowledge">BBC Knowledge</channel>
    <channel update="i" site="tv2.no" site_id="1044" xmltv_id="Animal Planet">Animal Planet</channel>
    <channel update="i" site="tv2.no" site_id="1072" xmltv_id="Discovery HD">Discovery HD</channel>
    <channel update="i" site="tv2.no" site_id="1073" xmltv_id="Discovery Channel">Discovery Channel</channel>
    <channel update="i" site="tv2.no" site_id="1080" xmltv_id="Discovery Science">Discovery Science</channel>
    <channel update="i" site="tv2.no" site_id="1085" xmltv_id="Discovery World">Discovery World</channel>
    <channel update="i" site="tv2.no" site_id="1094" xmltv_id="History Channel">History Channel</channel>
    <channel update="i" site="tv2.no" site_id="1105" xmltv_id="National Geographic">National Geographic</channel>
    <channel update="i" site="tv2.no" site_id="1108" xmltv_id="National Geographic Wild">National Geographic Wild</channel>
    <channel update="i" site="tv2.no" site_id="1138" xmltv_id="Travel Channel">Travel Channel</channel>
    <channel update="i" site="tv2.no" site_id="1082" xmltv_id="Discovery TLC">Discovery TLC</channel>
    <channel update="i" site="tv2.no" site_id="1088" xmltv_id="Eurosport">Eurosport</channel>
    <channel update="i" site="tv2.no" site_id="1089" xmltv_id="Eurosport 2">Eurosport 2</channel>
    <channel update="i" site="tv2.no" site_id="1081" xmltv_id="DSF">DSF</channel>
    <channel update="i" site="tv2.no" site_id="1091" xmltv_id="Extreme Sports">Extreme Sports</channel>
    <channel update="i" site="tv2.no" site_id="1135" xmltv_id="TCM">TCM</channel>
    <channel update="i" site="tv2.no" site_id="1057" xmltv_id="C More First">C More First</channel>
    <channel update="i" site="tv2.no" site_id="1058" xmltv_id="C More Hits">C More Hits</channel>
    <channel update="i" site="tv2.no" site_id="1054" xmltv_id="C More Action">C More Action</channel>
    <channel update="i" site="tv2.no" site_id="1055" xmltv_id="C More Emotion">C More Emotion</channel>
    <channel update="i" site="tv2.no" site_id="1060" xmltv_id="SF-kanalen">SF-kanalen</channel>
    <channel update="i" site="tv2.no" site_id="1059" xmltv_id="C More Series">C More Series</channel>
    <channel update="i" site="tv2.no" site_id="1062" xmltv_id="C More Tennis">C More Tennis</channel>
    <channel update="i" site="tv2.no" site_id="1065" xmltv_id="C More Hockey">C More Hockey</channel>
    <channel update="i" site="tv2.no" site_id="1140" xmltv_id="Viasat Film">Viasat Film</channel>
    <channel update="i" site="tv2.no" site_id="9999" xmltv_id="Viasat Film Action">Viasat Film Action</channel>
    <channel update="i" site="tv2.no" site_id="1141" xmltv_id="Viasat Film Classic">Viasat Film Classic</channel>
    <channel update="i" site="tv2.no" site_id="1142" xmltv_id="Viasat Film Drama">Viasat Film Drama</channel>
    <channel update="i" site="tv2.no" site_id="1143" xmltv_id="Viasat Film Family">Viasat Film Family</channel>
    <channel update="i" site="tv2.no" site_id="1144" xmltv_id="Viasat Film Comedy">Viasat Film Comedy</channel>
    <channel update="i" site="tv2.no" site_id="1174" xmltv_id="Viasat Sport Norge">Viasat Sport Norge</channel>
    <channel update="i" site="tv2.no" site_id="1170" xmltv_id="Viasat Fotball">Viasat Fotball</channel>
    <channel update="i" site="tv2.no" site_id="1173" xmltv_id="Viasat Motor HD">Viasat Motor HD</channel>
    <channel update="i" site="tv2.no" site_id="1172" xmltv_id="Viasat Hockey">Viasat Hockey</channel>
    <channel update="i" site="tv2.no" site_id="1166" xmltv_id="Viasat Golf">Viasat Golf</channel>
    <channel update="i" site="tv2.no" site_id="1167" xmltv_id="Viasat History">Viasat History</channel>
    <channel update="i" site="tv2.no" site_id="1165" xmltv_id="Viasat Explore">Viasat Explore</channel>
    <channel update="i" site="tv2.no" site_id="1168" xmltv_id="Viasat Nature/Crime">Viasat Nature/Crime</channel>
    <channel update="i" site="tv2.no" site_id="1103" xmltv_id="MTV">MTV</channel>
    <channel update="i" site="tv2.no" site_id="1163" xmltv_id="VH1">VH1</channel>
    <channel update="i" site="tv2.no" site_id="1164" xmltv_id="VH1 Classic">VH1 Classic</channel>
    <channel update="i" site="tv2.no" site_id="1113" xmltv_id="NRK SUPER TV">NRK SUPER TV</channel>
    <channel update="i" site="tv2.no" site_id="1074" xmltv_id="Disney Channel Scandinavia">Disney Channel Scandinavia</channel>
    <channel update="i" site="tv2.no" site_id="1077" xmltv_id="Disney XD Scandinavia">Disney XD Scandinavia</channel>
    <channel update="i" site="tv2.no" site_id="1075" xmltv_id="Disney Junior Scandinavia">Disney Junior Scandinavia</channel>
    <channel update="i" site="tv2.no" site_id="1110" xmltv_id="Nickelodeon">Nickelodeon</channel>
    <channel update="i" site="tv2.no" site_id="1051" xmltv_id="Boomerang">Boomerang</channel>
    <channel update="i" site="tv2.no" site_id="1067" xmltv_id="Cartoon">Cartoon</channel>
    <channel update="i" site="tv2.no" site_id="1043" xmltv_id="Al Jazeera">Al Jazeera</channel>
    <channel update="i" site="tv2.no" site_id="1071" xmltv_id="CNN">CNN</channel>
    <channel update="i" site="tv2.no" site_id="1069" xmltv_id="CNBC">CNBC</channel>
    <channel update="i" site="tv2.no" site_id="1129" xmltv_id="Sky News">Sky News</channel>
    <channel update="i" site="tv2.no" site_id="1042" xmltv_id="3Sat">3Sat</channel>
    <channel update="i" site="tv2.no" site_id="1084" xmltv_id="Deutsche Welle">Deutsche Welle</channel>
    <channel update="i" site="tv2.no" site_id="1178" xmltv_id="Rai1">Rai1</channel>
    <channel update="i" site="tv2.no" site_id="1124" xmltv_id="RTL">RTL</channel>
    <channel update="i" site="tv2.no" site_id="1158" xmltv_id="TV5 Monde Europ">TV5 Monde Europ</channel>
    <channel update="i" site="tv2.no" site_id="1086" xmltv_id="E!">E!</channel>
    <channel update="i" site="tv2.no" site_id="1970" xmltv_id="TV 2 Sport Premium 4">TV 2 Sport Premium 4</channel>
    <channel update="i" site="tv2.no" site_id="1971" xmltv_id="TV 2 Sport Premium 5">TV 2 Sport Premium 5</channel>
    <channel update="i" site="tv2.no" site_id="1972" xmltv_id="TV 2 Sport Premium 6">TV 2 Sport Premium 6</channel>
    <channel update="i" site="tv2.no" site_id="1973" xmltv_id="TV 2 Sport Premium 7">TV 2 Sport Premium 7</channel>
    <channel update="i" site="tv2.no" site_id="1974" xmltv_id="TV 2 Sport Premium 8">TV 2 Sport Premium 8</channel>
  </channels>
</site>