﻿<?xml version="1.0" encoding="UTF-8"?>
<site generator-info-name="WebGrab+Plus/w MDB &amp; REX Postprocess -- version 1.1.1/55.27 -- Jan van Straaten" site="http://tv.vera.com.uy">
  <channels>
    <channel update="i" site="tv.vera.com.uy" site_id="6047" xmltv_id="Canal 10">Canal 10</channel>
    <channel update="i" site="tv.vera.com.uy" site_id="6031" xmltv_id="VTV">VTV</channel>
    <channel update="i" site="tv.vera.com.uy" site_id="6042" xmltv_id="Televisión Nacional">Televisión Nacional</channel>
    <channel update="i" site="tv.vera.com.uy" site_id="6040" xmltv_id="Monte Carlo TV">Monte Carlo TV</channel>
    <channel update="i" site="tv.vera.com.uy" site_id="6074" xmltv_id="Canal 12 Melo">Canal 12 Melo</channel>
    <channel update="i" site="tv.vera.com.uy" site_id="6085" xmltv_id="RTV">RTV</channel>
    <channel update="i" site="tv.vera.com.uy" site_id="6046" xmltv_id="Tevé Ciudad">Tevé Ciudad</channel>
    <channel update="i" site="tv.vera.com.uy" site_id="6707" xmltv_id="A + V">A + V</channel>
    <channel update="i" site="tv.vera.com.uy" site_id="6001" xmltv_id="Vera+ HD">Vera+ HD</channel>
    <channel update="i" site="tv.vera.com.uy" site_id="10425" xmltv_id="Canal 7 Punta">Canal 7 Punta</channel>
    <channel update="i" site="tv.vera.com.uy" site_id="6044" xmltv_id="Artigas Televisión">Artigas Televisión</channel>
    <channel update="i" site="tv.vera.com.uy" site_id="6090" xmltv_id="Canal 2 Lascano">Canal 2 Lascano</channel>
    <channel update="i" site="tv.vera.com.uy" site_id="6880" xmltv_id="Soy Tacuarembó TV">Soy Tacuarembó TV</channel>
    <channel update="i" site="tv.vera.com.uy" site_id="6071" xmltv_id="Canal 8 de Rocha">Canal 8 de Rocha</channel>
    <channel update="i" site="tv.vera.com.uy" site_id="6763" xmltv_id="Cámara de Representantes">Cámara de Representantes</channel>
    <channel update="i" site="tv.vera.com.uy" site_id="6804" xmltv_id="VTV+">VTV+</channel>
    <channel update="i" site="tv.vera.com.uy" site_id="6853" xmltv_id="Canal 11 Treinta y Tres">Canal 11 Treinta y Tres</channel>
    <channel update="i" site="tv.vera.com.uy" site_id="6057" xmltv_id="Canal 4 Chuy">Canal 4 Chuy</channel>
    <channel update="i" site="tv.vera.com.uy" site_id="6769" xmltv_id="1 TV Salto HD">1 TV Salto HD</channel>
    <channel update="i" site="tv.vera.com.uy" site_id="6038" xmltv_id="Charrúa TV">Charrúa TV</channel>
    <channel update="i" site="tv.vera.com.uy" site_id="6061" xmltv_id="Canal 4 HD Treinta y Tres">Canal 4 HD Treinta y Tres</channel>
    <channel update="i" site="tv.vera.com.uy" site_id="6764" xmltv_id="TVL Pando">TVL Pando</channel>
    <channel update="i" site="tv.vera.com.uy" site_id="9239" xmltv_id="Canal 4 Paysandú">Canal 4 Paysandú</channel>
    <channel update="i" site="tv.vera.com.uy" site_id="6157" xmltv_id="Canal 4 Juan Lacaze">Canal 4 Juan Lacaze</channel>
    <channel update="i" site="tv.vera.com.uy" site_id="6703" xmltv_id="El Canal de la Región - Noreste Canelones">El Canal de la Región - Noreste Canelones</channel>
    <channel update="i" site="tv.vera.com.uy" site_id="6077" xmltv_id="Canal 8 Durazno">Canal 8 Durazno</channel>
    <channel update="i" site="tv.vera.com.uy" site_id="8081" xmltv_id="Canal 4 Salto">Canal 4 Salto</channel>
    <channel update="i" site="tv.vera.com.uy" site_id="8204" xmltv_id="Canal 2 San Carlos">Canal 2 San Carlos</channel>
    <channel update="i" site="tv.vera.com.uy" site_id="6019" xmltv_id="DW Latinoamérica">DW Latinoamérica</channel>
    <channel update="i" site="tv.vera.com.uy" site_id="9880" xmltv_id="Canal CV 10">Canal CV 10</channel>
    <channel update="i" site="tv.vera.com.uy" site_id="6070" xmltv_id="Canal 6 Durazno">Canal 6 Durazno</channel>
    <channel update="i" site="tv.vera.com.uy" site_id="6028" xmltv_id="Telesur">Telesur</channel>
    <channel update="i" site="tv.vera.com.uy" site_id="7609" xmltv_id="Canal U">Canal U</channel>
    <channel update="i" site="tv.vera.com.uy" site_id="6027" xmltv_id="RT en Español">RT en Español</channel>
    <channel update="i" site="tv.vera.com.uy" site_id="6054" xmltv_id="Cámara de Senadores">Cámara de Senadores</channel>
    <channel update="i" site="tv.vera.com.uy" site_id="6026" xmltv_id="TV Brasil Internacional">TV Brasil Internacional</channel>
    <channel update="i" site="tv.vera.com.uy" site_id="6055" xmltv_id="Canal 11 Las Piedras">Canal 11 Las Piedras</channel>
    <channel update="i" site="tv.vera.com.uy" site_id="9366" xmltv_id="Canal 8 Artigas">Canal 8 Artigas</channel>
    <channel update="i" site="tv.vera.com.uy" site_id="10032" xmltv_id="Rio Uruguay Television">Rio Uruguay Television</channel>
    <channel update="i" site="tv.vera.com.uy" site_id="6067" xmltv_id="Canal 9 Telerocha">Canal 9 Telerocha</channel>
    <channel update="i" site="tv.vera.com.uy" site_id="9369" xmltv_id="Canal 8 Rivera">Canal 8 Rivera</channel>
    <channel update="i" site="tv.vera.com.uy" site_id="8961" xmltv_id="Canal 23 TVD">Canal 23 TVD</channel>
    <channel update="i" site="tv.vera.com.uy" site_id="6068" xmltv_id="Uruguay Natural TV">Uruguay Natural TV</channel>
    <channel update="i" site="tv.vera.com.uy" site_id="11580" xmltv_id="Al Jazeera">Al Jazeera</channel>
    <channel update="i" site="tv.vera.com.uy" site_id="8071" xmltv_id="Canal 5 Noticias Deportes">Canal 5 Noticias Deportes</channel>
    <channel update="i" site="tv.vera.com.uy" site_id="7073" xmltv_id="Mi Móvil TV">Mi Móvil TV</channel>
    <channel update="i" site="tv.vera.com.uy" site_id="7065" xmltv_id="RN3G">RN3G</channel>
    <channel update="i" site="tv.vera.com.uy" site_id="9845" xmltv_id="France 24">France 24</channel>
    <channel update="i" site="tv.vera.com.uy" site_id="6017" xmltv_id="Colsecor TV">Colsecor TV</channel>
    <channel update="i" site="tv.vera.com.uy" site_id="9411" xmltv_id="Canal 2 Visión Canaria">Canal 2 Visión Canaria</channel>
    <channel update="i" site="tv.vera.com.uy" site_id="7097" xmltv_id="+Deporte">+Deporte</channel>
    <channel update="i" site="tv.vera.com.uy" site_id="7131" xmltv_id="Los Profesionales">Los Profesionales</channel>
    <channel update="i" site="tv.vera.com.uy" site_id="6730" xmltv_id="Presidencia Uruguay">Presidencia Uruguay</channel>
    <channel update="i" site="tv.vera.com.uy" site_id="10034" xmltv_id="Espectador TV">Espectador TV</channel>
  </channels>
</site>