﻿<?xml version="1.0" encoding="UTF-8"?>
<site generator-info-name="WebGrab+Plus/w MDB &amp; REX Postprocess -- version V2.1.5 -- Jan van Straaten" site="lineup.net.br">
  <channels>
    <channel update="i" site="lineup.net.br" site_id="1932" xmltv_id="100% Vida">100% Vida</channel>
    <channel update="i" site="lineup.net.br" site_id="4659" xmltv_id="1001 Noites">1001 Noites</channel>
    <channel update="i" site="lineup.net.br" site_id="2143" xmltv_id="3ª Via TV">3ª Via TV</channel>
    <channel update="i" site="lineup.net.br" site_id="119" xmltv_id="A&amp;E">A&amp;E</channel>
    <channel update="i" site="lineup.net.br" site_id="133" xmltv_id="Agro Canal">Agro Canal</channel>
    <channel update="i" site="lineup.net.br" site_id="448" xmltv_id="AgroBrasil TV">AgroBrasil TV</channel>
    <channel update="i" site="lineup.net.br" site_id="447" xmltv_id="AmazonSat">AmazonSat</channel>
    <channel update="i" site="lineup.net.br" site_id="96" xmltv_id="AMC">AMC</channel>
    <channel update="i" site="lineup.net.br" site_id="13" xmltv_id="Animal Planet">Animal Planet</channel>
    <channel update="i" site="lineup.net.br" site_id="231" xmltv_id="Art Latino">Art Latino</channel>
    <channel update="i" site="lineup.net.br" site_id="88" xmltv_id="Arte 1">Arte 1</channel>
    <channel update="i" site="lineup.net.br" site_id="1541" xmltv_id="Ashow! TV">Ashow! TV</channel>
    <channel update="i" site="lineup.net.br" site_id="122" xmltv_id="AXN">AXN</channel>
    <channel update="i" site="lineup.net.br" site_id="41" xmltv_id="BabyTV">BabyTV</channel>
    <channel update="i" site="lineup.net.br" site_id="3227" xmltv_id="Bah!">Bah!</channel>
    <channel update="i" site="lineup.net.br" site_id="89" xmltv_id="Band">Band</channel>
    <channel update="i" site="lineup.net.br" site_id="960" xmltv_id="Band Amazonas">Band Amazonas</channel>
    <channel update="i" site="lineup.net.br" site_id="869" xmltv_id="Band Bahia">Band Bahia</channel>
    <channel update="i" site="lineup.net.br" site_id="1099" xmltv_id="Band Brasília">Band Brasília</channel>
    <channel update="i" site="lineup.net.br" site_id="918" xmltv_id="Band Campinas">Band Campinas</channel>
    <channel update="i" site="lineup.net.br" site_id="259" xmltv_id="Band Curitiba">Band Curitiba</channel>
    <channel update="i" site="lineup.net.br" site_id="700" xmltv_id="Band Minas">Band Minas</channel>
    <channel update="i" site="lineup.net.br" site_id="620" xmltv_id="Band Natal">Band Natal</channel>
    <channel update="i" site="lineup.net.br" site_id="321" xmltv_id="Band Paulista">Band Paulista</channel>
    <channel update="i" site="lineup.net.br" site_id="1021" xmltv_id="Band Rio">Band Rio</channel>
    <channel update="i" site="lineup.net.br" site_id="237" xmltv_id="Band RS">Band RS</channel>
    <channel update="i" site="lineup.net.br" site_id="978" xmltv_id="Band SP">Band SP</channel>
    <channel update="i" site="lineup.net.br" site_id="727" xmltv_id="Band Vale">Band Vale</channel>
    <channel update="i" site="lineup.net.br" site_id="90" xmltv_id="BandNews">BandNews</channel>
    <channel update="i" site="lineup.net.br" site_id="91" xmltv_id="BandSports">BandSports</channel>
    <channel update="i" site="lineup.net.br" site_id="2" xmltv_id="BBC World News">BBC World News</channel>
    <channel update="i" site="lineup.net.br" site_id="1063" xmltv_id="BH News">BH News</channel>
    <channel update="i" site="lineup.net.br" site_id="57" xmltv_id="BIS">BIS</channel>
    <channel update="i" site="lineup.net.br" site_id="216" xmltv_id="Bloomberg">Bloomberg</channel>
    <channel update="i" site="lineup.net.br" site_id="465" xmltv_id="Boa Vontade TV">Boa Vontade TV</channel>
    <channel update="i" site="lineup.net.br" site_id="281" xmltv_id="Boas Novas">Boas Novas</channel>
    <channel update="i" site="lineup.net.br" site_id="150" xmltv_id="Boomerang">Boomerang</channel>
    <channel update="i" site="lineup.net.br" site_id="1052" xmltv_id="BYU TV">BYU TV</channel>
    <channel update="i" site="lineup.net.br" site_id="2035" xmltv_id="Campus TV">Campus TV</channel>
    <channel update="i" site="lineup.net.br" site_id="1944" xmltv_id="Canal 25 Jundiaí">Canal 25 Jundiaí</channel>
    <channel update="i" site="lineup.net.br" site_id="1938" xmltv_id="Canal 8 Campinas">Canal 8 Campinas</channel>
    <channel update="i" site="lineup.net.br" site_id="508" xmltv_id="Canal Adulto">Canal Adulto</channel>
    <channel update="i" site="lineup.net.br" site_id="58" xmltv_id="Canal Brasil">Canal Brasil</channel>
    <channel update="i" site="lineup.net.br" site_id="1224" xmltv_id="Canal Capibaribe">Canal Capibaribe</channel>
    <channel update="i" site="lineup.net.br" site_id="716" xmltv_id="Canal Claro">Canal Claro</channel>
    <channel update="i" site="lineup.net.br" site_id="98" xmltv_id="Canal de São Paulo">Canal de São Paulo</channel>
    <channel update="i" site="lineup.net.br" site_id="134" xmltv_id="Canal do Boi">Canal do Boi</channel>
    <channel update="i" site="lineup.net.br" site_id="673" xmltv_id="Canal Oi">Canal Oi</channel>
    <channel update="i" site="lineup.net.br" site_id="3502" xmltv_id="Canal Promessas">Canal Promessas</channel>
    <channel update="i" site="lineup.net.br" site_id="215" xmltv_id="Canal Rural">Canal Rural</channel>
    <channel update="i" site="lineup.net.br" site_id="1553" xmltv_id="Canal Saúde">Canal Saúde</channel>
    <channel update="i" site="lineup.net.br" site_id="2355" xmltv_id="Canal X">Canal X</channel>
    <channel update="i" site="lineup.net.br" site_id="211" xmltv_id="Canção Nova">Canção Nova</channel>
    <channel update="i" site="lineup.net.br" site_id="151" xmltv_id="Cartoon Network">Cartoon Network</channel>
    <channel update="i" site="lineup.net.br" site_id="1407" xmltv_id="CATVE">CATVE</channel>
    <channel update="i" site="lineup.net.br" site_id="1953" xmltv_id="CCTV">CCTV</channel>
    <channel update="i" site="lineup.net.br" site_id="3857" xmltv_id="Central TV">Central TV</channel>
    <channel update="i" site="lineup.net.br" site_id="99" xmltv_id="Chef TV">Chef TV</channel>
    <channel update="i" site="lineup.net.br" site_id="39" xmltv_id="CineBrasil TV">CineBrasil TV</channel>
    <channel update="i" site="lineup.net.br" site_id="103" xmltv_id="Cinemax">Cinemax</channel>
    <channel update="i" site="lineup.net.br" site_id="152" xmltv_id="CNNe">CNNe</channel>
    <channel update="i" site="lineup.net.br" site_id="153" xmltv_id="CNNi">CNNi</channel>
    <channel update="i" site="lineup.net.br" site_id="173" xmltv_id="CNT">CNT</channel>
    <channel update="i" site="lineup.net.br" site_id="872" xmltv_id="CNT Bahia">CNT Bahia</channel>
    <channel update="i" site="lineup.net.br" site_id="1931" xmltv_id="CNT Curitiba">CNT Curitiba</channel>
    <channel update="i" site="lineup.net.br" site_id="1406" xmltv_id="CNT Londrina">CNT Londrina</channel>
    <channel update="i" site="lineup.net.br" site_id="462" xmltv_id="CNT RJ">CNT RJ</channel>
    <channel update="i" site="lineup.net.br" site_id="3868" xmltv_id="CNT RS">CNT RS</channel>
    <channel update="i" site="lineup.net.br" site_id="1018" xmltv_id="CNU">CNU</channel>
    <channel update="i" site="lineup.net.br" site_id="3304" xmltv_id="Combo Cine">Combo Cine</channel>
    <channel update="i" site="lineup.net.br" site_id="163" xmltv_id="Comedy Central">Comedy Central</channel>
    <channel update="i" site="lineup.net.br" site_id="135" xmltv_id="Conexão BR">Conexão BR</channel>
    <channel update="i" site="lineup.net.br" site_id="50" xmltv_id="Cultura">Cultura</channel>
    <channel update="i" site="lineup.net.br" site_id="40" xmltv_id="Curta!">Curta!</channel>
    <channel update="i" site="lineup.net.br" site_id="864" xmltv_id="CWB TV">CWB TV</channel>
    <channel update="i" site="lineup.net.br" site_id="14" xmltv_id="Discovery Channel">Discovery Channel</channel>
    <channel update="i" site="lineup.net.br" site_id="15" xmltv_id="Discovery Civilization">Discovery Civilization</channel>
    <channel update="i" site="lineup.net.br" site_id="16" xmltv_id="Discovery Home &amp; Health">Discovery Home &amp; Health</channel>
    <channel update="i" site="lineup.net.br" site_id="17" xmltv_id="Discovery Kids">Discovery Kids</channel>
    <channel update="i" site="lineup.net.br" site_id="18" xmltv_id="Discovery Science">Discovery Science</channel>
    <channel update="i" site="lineup.net.br" site_id="20" xmltv_id="Discovery Theater">Discovery Theater</channel>
    <channel update="i" site="lineup.net.br" site_id="19" xmltv_id="Discovery Turbo">Discovery Turbo</channel>
    <channel update="i" site="lineup.net.br" site_id="24" xmltv_id="Discovery World">Discovery World</channel>
    <channel update="i" site="lineup.net.br" site_id="25" xmltv_id="Disney Channel">Disney Channel</channel>
    <channel update="i" site="lineup.net.br" site_id="4900" xmltv_id="Disney Channel +">Disney Channel +</channel>
    <channel update="i" site="lineup.net.br" site_id="26" xmltv_id="Disney Junior">Disney Junior</channel>
    <channel update="i" site="lineup.net.br" site_id="27" xmltv_id="Disney XD">Disney XD</channel>
    <channel update="i" site="lineup.net.br" site_id="218" xmltv_id="DW-TV">DW-TV</channel>
    <channel update="i" site="lineup.net.br" site_id="104" xmltv_id="E!">E!</channel>
    <channel update="i" site="lineup.net.br" site_id="260" xmltv_id="eParaná">eParaná</channel>
    <channel update="i" site="lineup.net.br" site_id="681" xmltv_id="EPTV Campinas">EPTV Campinas</channel>
    <channel update="i" site="lineup.net.br" site_id="582" xmltv_id="EPTV Central">EPTV Central</channel>
    <channel update="i" site="lineup.net.br" site_id="677" xmltv_id="EPTV Ribeirão">EPTV Ribeirão</channel>
    <channel update="i" site="lineup.net.br" site_id="782" xmltv_id="EPTV Sul de Minas">EPTV Sul de Minas</channel>
    <channel update="i" site="lineup.net.br" site_id="28" xmltv_id="ESPN">ESPN</channel>
    <channel update="i" site="lineup.net.br" site_id="30" xmltv_id="ESPN +">ESPN +</channel>
    <channel update="i" site="lineup.net.br" site_id="29" xmltv_id="ESPN Brasil">ESPN Brasil</channel>
    <channel update="i" site="lineup.net.br" site_id="3488" xmltv_id="ESPN Extra">ESPN Extra</channel>
    <channel update="i" site="lineup.net.br" site_id="140" xmltv_id="Esporte Interativo">Esporte Interativo</channel>
    <channel update="i" site="lineup.net.br" site_id="3017" xmltv_id="Esporte Interativo 2">Esporte Interativo 2</channel>
    <channel update="i" site="lineup.net.br" site_id="139" xmltv_id="Esporte Interativo BR">Esporte Interativo BR</channel>
    <channel update="i" site="lineup.net.br" site_id="7" xmltv_id="Eurochannel">Eurochannel</channel>
    <channel update="i" site="lineup.net.br" site_id="3160" xmltv_id="EuroNews">EuroNews</channel>
    <channel update="i" site="lineup.net.br" site_id="311" xmltv_id="EWTN">EWTN</channel>
    <channel update="i" site="lineup.net.br" site_id="9" xmltv_id="FashionTV Brasil">FashionTV Brasil</channel>
    <channel update="i" site="lineup.net.br" site_id="23" xmltv_id="Fish TV">Fish TV</channel>
    <channel update="i" site="lineup.net.br" site_id="1124" xmltv_id="Fonte TV">Fonte TV</channel>
    <channel update="i" site="lineup.net.br" site_id="2386" xmltv_id="Food Network">Food Network</channel>
    <channel update="i" site="lineup.net.br" site_id="43" xmltv_id="Fox">Fox</channel>
    <channel update="i" site="lineup.net.br" site_id="2472" xmltv_id="Fox News">Fox News</channel>
    <channel update="i" site="lineup.net.br" site_id="45" xmltv_id="FoxLife">FoxLife</channel>
    <channel update="i" site="lineup.net.br" site_id="46" xmltv_id="FoxSports">FoxSports</channel>
    <channel update="i" site="lineup.net.br" site_id="2016" xmltv_id="FoxSports 2">FoxSports 2</channel>
    <channel update="i" site="lineup.net.br" site_id="181" xmltv_id="FURB TV">FURB TV</channel>
    <channel update="i" site="lineup.net.br" site_id="271" xmltv_id="FURG TV">FURG TV</channel>
    <channel update="i" site="lineup.net.br" site_id="60" xmltv_id="Futura">Futura</channel>
    <channel update="i" site="lineup.net.br" site_id="47" xmltv_id="FX">FX</channel>
    <channel update="i" site="lineup.net.br" site_id="285" xmltv_id="Gazeta">Gazeta</channel>
    <channel update="i" site="lineup.net.br" site_id="3064" xmltv_id="Gazeta RN">Gazeta RN</channel>
    <channel update="i" site="lineup.net.br" site_id="3398" xmltv_id="Gen TV">Gen TV</channel>
    <channel update="i" site="lineup.net.br" site_id="711" xmltv_id="Globo Brasília">Globo Brasília</channel>
    <channel update="i" site="lineup.net.br" site_id="713" xmltv_id="Globo Minas">Globo Minas</channel>
    <channel update="i" site="lineup.net.br" site_id="714" xmltv_id="Globo Nordeste">Globo Nordeste</channel>
    <channel update="i" site="lineup.net.br" site_id="709" xmltv_id="Globo Rio">Globo Rio</channel>
    <channel update="i" site="lineup.net.br" site_id="678" xmltv_id="Globo SP">Globo SP</channel>
    <channel update="i" site="lineup.net.br" site_id="61" xmltv_id="GloboNews">GloboNews</channel>
    <channel update="i" site="lineup.net.br" site_id="63" xmltv_id="Gloob ">Gloob </channel>
    <channel update="i" site="lineup.net.br" site_id="64" xmltv_id="GNT">GNT</channel>
    <channel update="i" site="lineup.net.br" site_id="684" xmltv_id="Guia Vivo TV">Guia Vivo TV</channel>
    <channel update="i" site="lineup.net.br" site_id="2222" xmltv_id="GV News">GV News</channel>
    <channel update="i" site="lineup.net.br" site_id="120" xmltv_id="H2">H2</channel>
    <channel update="i" site="lineup.net.br" site_id="121" xmltv_id="History">History</channel>
    <channel update="i" site="lineup.net.br" site_id="155" xmltv_id="I.Sat">I.Sat</channel>
    <channel update="i" site="lineup.net.br" site_id="21" xmltv_id="ID: Investigação Discovery">ID: Investigação Discovery</channel>
    <channel update="i" site="lineup.net.br" site_id="179" xmltv_id="Ideal TV">Ideal TV</channel>
    <channel update="i" site="lineup.net.br" site_id="1289" xmltv_id="Inter TV Alto Litoral">Inter TV Alto Litoral</channel>
    <channel update="i" site="lineup.net.br" site_id="499" xmltv_id="Inter TV Cabugi">Inter TV Cabugi</channel>
    <channel update="i" site="lineup.net.br" site_id="1446" xmltv_id="Inter TV dos Vales">Inter TV dos Vales</channel>
    <channel update="i" site="lineup.net.br" site_id="1492" xmltv_id="Inter TV Grande Minas">Inter TV Grande Minas</channel>
    <channel update="i" site="lineup.net.br" site_id="1350" xmltv_id="Inter TV Serra+Mar">Inter TV Serra+Mar</channel>
    <channel update="i" site="lineup.net.br" site_id="2764" xmltv_id="Itu TV">Itu TV</channel>
    <channel update="i" site="lineup.net.br" site_id="4536" xmltv_id="Life Channel">Life Channel</channel>
    <channel update="i" site="lineup.net.br" site_id="124" xmltv_id="Lifetime">Lifetime</channel>
    <channel update="i" site="lineup.net.br" site_id="963" xmltv_id="Local TV Manaus">Local TV Manaus</channel>
    <channel update="i" site="lineup.net.br" site_id="708" xmltv_id="M1 Station">M1 Station</channel>
    <channel update="i" site="lineup.net.br" site_id="62" xmltv_id="Mais GloboSat">Mais GloboSat</channel>
    <channel update="i" site="lineup.net.br" site_id="1296" xmltv_id="Más Chic">Más Chic</channel>
    <channel update="i" site="lineup.net.br" site_id="3272" xmltv_id="Master TV">Master TV</channel>
    <channel update="i" site="lineup.net.br" site_id="79" xmltv_id="Megapix">Megapix</channel>
    <channel update="i" site="lineup.net.br" site_id="100" xmltv_id="MegaTV">MegaTV</channel>
    <channel update="i" site="lineup.net.br" site_id="1882" xmltv_id="Metropole News">Metropole News</channel>
    <channel update="i" site="lineup.net.br" site_id="170" xmltv_id="MTV">MTV</channel>
    <channel update="i" site="lineup.net.br" site_id="1351" xmltv_id="Mult TV">Mult TV</channel>
    <channel update="i" site="lineup.net.br" site_id="51" xmltv_id="Multicultura Educação">Multicultura Educação</channel>
    <channel update="i" site="lineup.net.br" site_id="65" xmltv_id="Multishow">Multishow</channel>
    <channel update="i" site="lineup.net.br" site_id="10" xmltv_id="Music Box Brazil">Music Box Brazil</channel>
    <channel update="i" site="lineup.net.br" site_id="48" xmltv_id="NatGeo">NatGeo</channel>
    <channel update="i" site="lineup.net.br" site_id="5178" xmltv_id="NatGeo Kids">NatGeo Kids</channel>
    <channel update="i" site="lineup.net.br" site_id="49" xmltv_id="NatGeo Wild">NatGeo Wild</channel>
    <channel update="i" site="lineup.net.br" site_id="199" xmltv_id="NBR">NBR</channel>
    <channel update="i" site="lineup.net.br" site_id="229" xmltv_id="NET TV">NET TV</channel>
    <channel update="i" site="lineup.net.br" site_id="253" xmltv_id="NGT">NGT</channel>
    <channel update="i" site="lineup.net.br" site_id="221" xmltv_id="NHK World Premium">NHK World Premium</channel>
    <channel update="i" site="lineup.net.br" site_id="164" xmltv_id="Nick">Nick</channel>
    <channel update="i" site="lineup.net.br" site_id="166" xmltv_id="Nick Jr.">Nick Jr.</channel>
    <channel update="i" site="lineup.net.br" site_id="212" xmltv_id="NordesTV">NordesTV</channel>
    <channel update="i" site="lineup.net.br" site_id="1901" xmltv_id="Nova TV Franca">Nova TV Franca</channel>
    <channel update="i" site="lineup.net.br" site_id="136" xmltv_id="Novo Canal">Novo Canal</channel>
    <channel update="i" site="lineup.net.br" site_id="780" xmltv_id="NSC TV Blumenau">NSC TV Blumenau</channel>
    <channel update="i" site="lineup.net.br" site_id="1548" xmltv_id="NSC TV Centro Oeste">NSC TV Centro Oeste</channel>
    <channel update="i" site="lineup.net.br" site_id="249" xmltv_id="NSC TV Chapecó">NSC TV Chapecó</channel>
    <channel update="i" site="lineup.net.br" site_id="254" xmltv_id="NSC TV Criciúma">NSC TV Criciúma</channel>
    <channel update="i" site="lineup.net.br" site_id="742" xmltv_id="NSC TV Florianópolis">NSC TV Florianópolis</channel>
    <channel update="i" site="lineup.net.br" site_id="1546" xmltv_id="NSC TV Joinville">NSC TV Joinville</channel>
    <channel update="i" site="lineup.net.br" site_id="66" xmltv_id="Off">Off</channel>
    <channel update="i" site="lineup.net.br" site_id="4908" xmltv_id="One TV">One TV</channel>
    <channel update="i" site="lineup.net.br" site_id="2419" xmltv_id="Paramount Channel">Paramount Channel</channel>
    <channel update="i" site="lineup.net.br" site_id="144" xmltv_id="PlayboyTV">PlayboyTV</channel>
    <channel update="i" site="lineup.net.br" site_id="55" xmltv_id="PlayTV">PlayTV</channel>
    <channel update="i" site="lineup.net.br" site_id="2138" xmltv_id="Plena TV">Plena TV</channel>
    <channel update="i" site="lineup.net.br" site_id="1950" xmltv_id="Poa TV">Poa TV</channel>
    <channel update="i" site="lineup.net.br" site_id="717" xmltv_id="Polishop TV">Polishop TV</channel>
    <channel update="i" site="lineup.net.br" site_id="635" xmltv_id="Ponto Jus">Ponto Jus</channel>
    <channel update="i" site="lineup.net.br" site_id="11" xmltv_id="Prime Box Brazil">Prime Box Brazil</channel>
    <channel update="i" site="lineup.net.br" site_id="778" xmltv_id="Primer TV">Primer TV</channel>
    <channel update="i" site="lineup.net.br" site_id="1126" xmltv_id="PUC TV Goiás">PUC TV Goiás</channel>
    <channel update="i" site="lineup.net.br" site_id="217" xmltv_id="Rai Italia">Rai Italia</channel>
    <channel update="i" site="lineup.net.br" site_id="293" xmltv_id="RBA TV">RBA TV</channel>
    <channel update="i" site="lineup.net.br" site_id="101" xmltv_id="RBI TV">RBI TV</channel>
    <channel update="i" site="lineup.net.br" site_id="1571" xmltv_id="RBS TV Caxias">RBS TV Caxias</channel>
    <channel update="i" site="lineup.net.br" site_id="796" xmltv_id="RBS TV Pelotas">RBS TV Pelotas</channel>
    <channel update="i" site="lineup.net.br" site_id="127" xmltv_id="RBS TV Porto Alegre">RBS TV Porto Alegre</channel>
    <channel update="i" site="lineup.net.br" site_id="273" xmltv_id="RBS TV Santa Maria">RBS TV Santa Maria</channel>
    <channel update="i" site="lineup.net.br" site_id="1711" xmltv_id="RBS TV Santa Rosa">RBS TV Santa Rosa</channel>
    <channel update="i" site="lineup.net.br" site_id="467" xmltv_id="RCI">RCI</channel>
    <channel update="i" site="lineup.net.br" site_id="5399" xmltv_id="RCI Minas">RCI Minas</channel>
    <channel update="i" site="lineup.net.br" site_id="5400" xmltv_id="RCI Paraná">RCI Paraná</channel>
    <channel update="i" site="lineup.net.br" site_id="2440" xmltv_id="RCR TV">RCR TV</channel>
    <channel update="i" site="lineup.net.br" site_id="1335" xmltv_id="RCT">RCT</channel>
    <channel update="i" site="lineup.net.br" site_id="130" xmltv_id="Record News">Record News</channel>
    <channel update="i" site="lineup.net.br" site_id="284" xmltv_id="Record News SC">Record News SC</channel>
    <channel update="i" site="lineup.net.br" site_id="129" xmltv_id="RecordTV">RecordTV</channel>
    <channel update="i" site="lineup.net.br" site_id="296" xmltv_id="RecordTV Belém">RecordTV Belém</channel>
    <channel update="i" site="lineup.net.br" site_id="1101" xmltv_id="RecordTV Brasília">RecordTV Brasília</channel>
    <channel update="i" site="lineup.net.br" site_id="913" xmltv_id="RecordTV Goias">RecordTV Goias</channel>
    <channel update="i" site="lineup.net.br" site_id="581" xmltv_id="RecordTV Interior SP">RecordTV Interior SP</channel>
    <channel update="i" site="lineup.net.br" site_id="868" xmltv_id="RecordTV Itapoan">RecordTV Itapoan</channel>
    <channel update="i" site="lineup.net.br" site_id="509" xmltv_id="RecordTV Litoral &amp; Vale">RecordTV Litoral &amp; Vale</channel>
    <channel update="i" site="lineup.net.br" site_id="1055" xmltv_id="RecordTV Minas">RecordTV Minas</channel>
    <channel update="i" site="lineup.net.br" site_id="895" xmltv_id="RecordTV Paulista">RecordTV Paulista</channel>
    <channel update="i" site="lineup.net.br" site_id="245" xmltv_id="RecordTV Rio">RecordTV Rio</channel>
    <channel update="i" site="lineup.net.br" site_id="274" xmltv_id="RecordTV RS">RecordTV RS</channel>
    <channel update="i" site="lineup.net.br" site_id="93" xmltv_id="Rede 21">Rede 21</channel>
    <channel update="i" site="lineup.net.br" site_id="1161" xmltv_id="Rede Amazônica Boa Vista">Rede Amazônica Boa Vista</channel>
    <channel update="i" site="lineup.net.br" site_id="1189" xmltv_id="Rede Amazônica Macapá">Rede Amazônica Macapá</channel>
    <channel update="i" site="lineup.net.br" site_id="715" xmltv_id="Rede Amazônica Manaus">Rede Amazônica Manaus</channel>
    <channel update="i" site="lineup.net.br" site_id="1173" xmltv_id="Rede Amazônica Porto Velho">Rede Amazônica Porto Velho</channel>
    <channel update="i" site="lineup.net.br" site_id="264" xmltv_id="Rede Amazônica Rio Branco">Rede Amazônica Rio Branco</channel>
    <channel update="i" site="lineup.net.br" site_id="1064" xmltv_id="Rede Benção">Rede Benção</channel>
    <channel update="i" site="lineup.net.br" site_id="6" xmltv_id="Rede Brasil">Rede Brasil</channel>
    <channel update="i" site="lineup.net.br" site_id="558" xmltv_id="Rede Clube">Rede Clube</channel>
    <channel update="i" site="lineup.net.br" site_id="295" xmltv_id="Rede Cultura do Pará">Rede Cultura do Pará</channel>
    <channel update="i" site="lineup.net.br" site_id="3294" xmltv_id="Rede Dois">Rede Dois</channel>
    <channel update="i" site="lineup.net.br" site_id="1206" xmltv_id="Rede Estação">Rede Estação</channel>
    <channel update="i" site="lineup.net.br" site_id="132" xmltv_id="Rede Família">Rede Família</channel>
    <channel update="i" site="lineup.net.br" site_id="280" xmltv_id="Rede Gênesis">Rede Gênesis</channel>
    <channel update="i" site="lineup.net.br" site_id="4" xmltv_id="Rede Globo">Rede Globo</channel>
    <channel update="i" site="lineup.net.br" site_id="230" xmltv_id="Rede Gospel">Rede Gospel</channel>
    <channel update="i" site="lineup.net.br" site_id="560" xmltv_id="Rede Meio Norte">Rede Meio Norte</channel>
    <channel update="i" site="lineup.net.br" site_id="286" xmltv_id="Rede Mercosul">Rede Mercosul</channel>
    <channel update="i" site="lineup.net.br" site_id="646" xmltv_id="Rede Minas">Rede Minas</channel>
    <channel update="i" site="lineup.net.br" site_id="92" xmltv_id="Rede Mundial">Rede Mundial</channel>
    <channel update="i" site="lineup.net.br" site_id="921" xmltv_id="Rede Opinião">Rede Opinião</channel>
    <channel update="i" site="lineup.net.br" site_id="1477" xmltv_id="Rede Paulista">Rede Paulista</channel>
    <channel update="i" site="lineup.net.br" site_id="287" xmltv_id="Rede Século 21">Rede Século 21</channel>
    <channel update="i" site="lineup.net.br" site_id="461" xmltv_id="Rede Super">Rede Super</channel>
    <channel update="i" site="lineup.net.br" site_id="2043" xmltv_id="Rede TV Shop">Rede TV Shop</channel>
    <channel update="i" site="lineup.net.br" site_id="175" xmltv_id="Rede Vida">Rede Vida</channel>
    <channel update="i" site="lineup.net.br" site_id="172" xmltv_id="RedeTV!">RedeTV!</channel>
    <channel update="i" site="lineup.net.br" site_id="939" xmltv_id="RedeTV! ES">RedeTV! ES</channel>
    <channel update="i" site="lineup.net.br" site_id="1019" xmltv_id="RedeTV! Rio">RedeTV! Rio</channel>
    <channel update="i" site="lineup.net.br" site_id="1178" xmltv_id="RedeTV! Rondônia">RedeTV! Rondônia</channel>
    <channel update="i" site="lineup.net.br" site_id="248" xmltv_id="RIC TV Chapecó">RIC TV Chapecó</channel>
    <channel update="i" site="lineup.net.br" site_id="261" xmltv_id="RIC TV Curitiba">RIC TV Curitiba</channel>
    <channel update="i" site="lineup.net.br" site_id="256" xmltv_id="RIC TV Florianópolis">RIC TV Florianópolis</channel>
    <channel update="i" site="lineup.net.br" site_id="1547" xmltv_id="RIC TV Joinville">RIC TV Joinville</channel>
    <channel update="i" site="lineup.net.br" site_id="5268" xmltv_id="Rio TV Câmara">Rio TV Câmara</channel>
    <channel update="i" site="lineup.net.br" site_id="174" xmltv_id="RIT">RIT</channel>
    <channel update="i" site="lineup.net.br" site_id="454" xmltv_id="RMTV">RMTV</channel>
    <channel update="i" site="lineup.net.br" site_id="258" xmltv_id="RPC Curitiba">RPC Curitiba</channel>
    <channel update="i" site="lineup.net.br" site_id="1984" xmltv_id="RPC Foz do Iguaçu">RPC Foz do Iguaçu</channel>
    <channel update="i" site="lineup.net.br" site_id="1982" xmltv_id="RPC Guarapuava">RPC Guarapuava</channel>
    <channel update="i" site="lineup.net.br" site_id="1980" xmltv_id="RPC Londrina">RPC Londrina</channel>
    <channel update="i" site="lineup.net.br" site_id="1979" xmltv_id="RPC Maringá">RPC Maringá</channel>
    <channel update="i" site="lineup.net.br" site_id="1983" xmltv_id="RPC Paranavaí">RPC Paranavaí</channel>
    <channel update="i" site="lineup.net.br" site_id="1981" xmltv_id="RPC Ponta Grossa">RPC Ponta Grossa</channel>
    <channel update="i" site="lineup.net.br" site_id="1371" xmltv_id="RSTV">RSTV</channel>
    <channel update="i" site="lineup.net.br" site_id="310" xmltv_id="RTPi">RTPi</channel>
    <channel update="i" site="lineup.net.br" site_id="808" xmltv_id="RTV Canal 10">RTV Canal 10</channel>
    <channel update="i" site="lineup.net.br" site_id="2144" xmltv_id="Russia Today">Russia Today</channel>
    <channel update="i" site="lineup.net.br" site_id="981" xmltv_id="SBN - SonLife Broadcast Network">SBN - SonLife Broadcast Network</channel>
    <channel update="i" site="lineup.net.br" site_id="177" xmltv_id="SBT">SBT</channel>
    <channel update="i" site="lineup.net.br" site_id="1103" xmltv_id="SBT Brasília">SBT Brasília</channel>
    <channel update="i" site="lineup.net.br" site_id="580" xmltv_id="SBT Central">SBT Central</channel>
    <channel update="i" site="lineup.net.br" site_id="323" xmltv_id="SBT Interior SP">SBT Interior SP</channel>
    <channel update="i" site="lineup.net.br" site_id="301" xmltv_id="SBT MS">SBT MS</channel>
    <channel update="i" site="lineup.net.br" site_id="312" xmltv_id="SBT Pará">SBT Pará</channel>
    <channel update="i" site="lineup.net.br" site_id="912" xmltv_id="SBT Ribeirão">SBT Ribeirão</channel>
    <channel update="i" site="lineup.net.br" site_id="1020" xmltv_id="SBT Rio">SBT Rio</channel>
    <channel update="i" site="lineup.net.br" site_id="235" xmltv_id="SBT RS">SBT RS</channel>
    <channel update="i" site="lineup.net.br" site_id="247" xmltv_id="SBT SC">SBT SC</channel>
    <channel update="i" site="lineup.net.br" site_id="710" xmltv_id="SBT Vale">SBT Vale</channel>
    <channel update="i" site="lineup.net.br" site_id="198" xmltv_id="SescTV">SescTV</channel>
    <channel update="i" site="lineup.net.br" site_id="94" xmltv_id="SexPrive">SexPrive</channel>
    <channel update="i" site="lineup.net.br" site_id="146" xmltv_id="Sextreme">Sextreme</channel>
    <channel update="i" site="lineup.net.br" site_id="147" xmltv_id="SexyHot">SexyHot</channel>
    <channel update="i" site="lineup.net.br" site_id="3307" xmltv_id="Shop Web TV">Shop Web TV</channel>
    <channel update="i" site="lineup.net.br" site_id="214" xmltv_id="Shoptime">Shoptime</channel>
    <channel update="i" site="lineup.net.br" site_id="219" xmltv_id="SIC Internacional">SIC Internacional</channel>
    <channel update="i" site="lineup.net.br" site_id="1176" xmltv_id="SIC TV">SIC TV</channel>
    <channel update="i" site="lineup.net.br" site_id="123" xmltv_id="Sony">Sony</channel>
    <channel update="i" site="lineup.net.br" site_id="156" xmltv_id="Space">Space</channel>
    <channel update="i" site="lineup.net.br" site_id="68" xmltv_id="SporTV">SporTV</channel>
    <channel update="i" site="lineup.net.br" site_id="69" xmltv_id="SporTV 2">SporTV 2</channel>
    <channel update="i" site="lineup.net.br" site_id="70" xmltv_id="SporTV 3">SporTV 3</channel>
    <channel update="i" site="lineup.net.br" site_id="1408" xmltv_id="Stop TV">Stop TV</channel>
    <channel update="i" site="lineup.net.br" site_id="77" xmltv_id="Studio Universal">Studio Universal</channel>
    <channel update="i" site="lineup.net.br" site_id="2406" xmltv_id="Sundance TV">Sundance TV</channel>
    <channel update="i" site="lineup.net.br" site_id="76" xmltv_id="Syfy">Syfy</channel>
    <channel update="i" site="lineup.net.br" site_id="180" xmltv_id="TBC">TBC</channel>
    <channel update="i" site="lineup.net.br" site_id="157" xmltv_id="TBS">TBS</channel>
    <channel update="i" site="lineup.net.br" site_id="158" xmltv_id="TCM">TCM</channel>
    <channel update="i" site="lineup.net.br" site_id="3428" xmltv_id="Telefe Internacional">Telefe Internacional</channel>
    <channel update="i" site="lineup.net.br" site_id="686" xmltv_id="Telesur">Telesur</channel>
    <channel update="i" site="lineup.net.br" site_id="95" xmltv_id="Terra Viva">Terra Viva</channel>
    <channel update="i" site="lineup.net.br" site_id="786" xmltv_id="The Golf Channel">The Golf Channel</channel>
    <channel update="i" site="lineup.net.br" site_id="22" xmltv_id="TLC">TLC</channel>
    <channel update="i" site="lineup.net.br" site_id="159" xmltv_id="TNT">TNT</channel>
    <channel update="i" site="lineup.net.br" site_id="2707" xmltv_id="TNT Series">TNT Series</channel>
    <channel update="i" site="lineup.net.br" site_id="160" xmltv_id="Tooncast">Tooncast</channel>
    <channel update="i" site="lineup.net.br" site_id="277" xmltv_id="TopTV">TopTV</channel>
    <channel update="i" site="lineup.net.br" site_id="276" xmltv_id="TopTV Pelotas">TopTV Pelotas</channel>
    <channel update="i" site="lineup.net.br" site_id="12" xmltv_id="Travel Box Brazil">Travel Box Brazil</channel>
    <channel update="i" site="lineup.net.br" site_id="161" xmltv_id="TruTV">TruTV</channel>
    <channel update="i" site="lineup.net.br" site_id="3450" xmltv_id="TV 3º Milênio">TV 3º Milênio</channel>
    <channel update="i" site="lineup.net.br" site_id="958" xmltv_id="TV A Crítica">TV A Crítica</channel>
    <channel update="i" site="lineup.net.br" site_id="1017" xmltv_id="TV Aberta SP">TV Aberta SP</channel>
    <channel update="i" site="lineup.net.br" site_id="674" xmltv_id="TV AL MG">TV AL MG</channel>
    <channel update="i" site="lineup.net.br" site_id="250" xmltv_id="TV AL SC">TV AL SC</channel>
    <channel update="i" site="lineup.net.br" site_id="263" xmltv_id="TV Aldeia">TV Aldeia</channel>
    <channel update="i" site="lineup.net.br" site_id="52" xmltv_id="TV ALESP">TV ALESP</channel>
    <channel update="i" site="lineup.net.br" site_id="687" xmltv_id="TV Alterosa">TV Alterosa</channel>
    <channel update="i" site="lineup.net.br" site_id="1461" xmltv_id="TV Altiora">TV Altiora</channel>
    <channel update="i" site="lineup.net.br" site_id="954" xmltv_id="TV Ambiental">TV Ambiental</channel>
    <channel update="i" site="lineup.net.br" site_id="785" xmltv_id="TV Anhanguera Goiânia">TV Anhanguera Goiânia</channel>
    <channel update="i" site="lineup.net.br" site_id="899" xmltv_id="TV Anhanguera Itumbiara">TV Anhanguera Itumbiara</channel>
    <channel update="i" site="lineup.net.br" site_id="1150" xmltv_id="TV Anhanguera Palmas">TV Anhanguera Palmas</channel>
    <channel update="i" site="lineup.net.br" site_id="557" xmltv_id="TV Antares">TV Antares</channel>
    <channel update="i" site="lineup.net.br" site_id="176" xmltv_id="TV Aparecida">TV Aparecida</channel>
    <channel update="i" site="lineup.net.br" site_id="1244" xmltv_id="TV Aperipê">TV Aperipê</channel>
    <channel update="i" site="lineup.net.br" site_id="3971" xmltv_id="TV Apoio">TV Apoio</channel>
    <channel update="i" site="lineup.net.br" site_id="1409" xmltv_id="TV Araça">TV Araça</channel>
    <channel update="i" site="lineup.net.br" site_id="535" xmltv_id="TV Arapuan">TV Arapuan</channel>
    <channel update="i" site="lineup.net.br" site_id="867" xmltv_id="TV Aratu">TV Aratu</channel>
    <channel update="i" site="lineup.net.br" site_id="3273" xmltv_id="TV Araucaria">TV Araucaria</channel>
    <channel update="i" site="lineup.net.br" site_id="3467" xmltv_id="TV Araucaria Guarapuava">TV Araucaria Guarapuava</channel>
    <channel update="i" site="lineup.net.br" site_id="2763" xmltv_id="TV Art">TV Art</channel>
    <channel update="i" site="lineup.net.br" site_id="1653" xmltv_id="TV Asa Branca">TV Asa Branca</channel>
    <channel update="i" site="lineup.net.br" site_id="213" xmltv_id="TV Assembleia CE">TV Assembleia CE</channel>
    <channel update="i" site="lineup.net.br" site_id="262" xmltv_id="TV Assembléia PR">TV Assembléia PR</channel>
    <channel update="i" site="lineup.net.br" site_id="1892" xmltv_id="TV Babitonga">TV Babitonga</channel>
    <channel update="i" site="lineup.net.br" site_id="712" xmltv_id="TV Bahia">TV Bahia</channel>
    <channel update="i" site="lineup.net.br" site_id="871" xmltv_id="TV Baiana">TV Baiana</channel>
    <channel update="i" site="lineup.net.br" site_id="196" xmltv_id="TV Brasil">TV Brasil</channel>
    <channel update="i" site="lineup.net.br" site_id="777" xmltv_id="TV Brasil Esperança">TV Brasil Esperança</channel>
    <channel update="i" site="lineup.net.br" site_id="607" xmltv_id="TV Brasil Oeste">TV Brasil Oeste</channel>
    <channel update="i" site="lineup.net.br" site_id="1100" xmltv_id="TV Brasília">TV Brasília</channel>
    <channel update="i" site="lineup.net.br" site_id="1343" xmltv_id="TV Brusque">TV Brusque</channel>
    <channel update="i" site="lineup.net.br" site_id="532" xmltv_id="TV Cabo Branco">TV Cabo Branco</channel>
    <channel update="i" site="lineup.net.br" site_id="202" xmltv_id="TV Câmara">TV Câmara</channel>
    <channel update="i" site="lineup.net.br" site_id="3468" xmltv_id="TV Câmara Aracaju">TV Câmara Aracaju</channel>
    <channel update="i" site="lineup.net.br" site_id="1896" xmltv_id="TV Câmara Caxias">TV Câmara Caxias</channel>
    <channel update="i" site="lineup.net.br" site_id="1722" xmltv_id="TV Câmara Jahu">TV Câmara Jahu</channel>
    <channel update="i" site="lineup.net.br" site_id="3707" xmltv_id="TV Câmara Marília">TV Câmara Marília</channel>
    <channel update="i" site="lineup.net.br" site_id="2176" xmltv_id="TV Câmara Osasco">TV Câmara Osasco</channel>
    <channel update="i" site="lineup.net.br" site_id="3674" xmltv_id="TV Câmara Piracicaba">TV Câmara Piracicaba</channel>
    <channel update="i" site="lineup.net.br" site_id="275" xmltv_id="TV Câmara São José dos Campos">TV Câmara São José dos Campos</channel>
    <channel update="i" site="lineup.net.br" site_id="988" xmltv_id="TV Câmara São Paulo">TV Câmara São Paulo</channel>
    <channel update="i" site="lineup.net.br" site_id="2250" xmltv_id="TV Câmara Sorocaba">TV Câmara Sorocaba</channel>
    <channel update="i" site="lineup.net.br" site_id="1732" xmltv_id="TV Campos de Minas">TV Campos de Minas</channel>
    <channel update="i" site="lineup.net.br" site_id="459" xmltv_id="TV Capixaba">TV Capixaba</channel>
    <channel update="i" site="lineup.net.br" site_id="246" xmltv_id="TV Catarina">TV Catarina</channel>
    <channel update="i" site="lineup.net.br" site_id="1895" xmltv_id="TV Caxias">TV Caxias</channel>
    <channel update="i" site="lineup.net.br" site_id="1933" xmltv_id="TV Cear">TV Cear</channel>
    <channel update="i" site="lineup.net.br" site_id="204" xmltv_id="TV Ceará">TV Ceará</channel>
    <channel update="i" site="lineup.net.br" site_id="1087" xmltv_id="TV Centro América">TV Centro América</channel>
    <channel update="i" site="lineup.net.br" site_id="2034" xmltv_id="TV Cianorte">TV Cianorte</channel>
    <channel update="i" site="lineup.net.br" site_id="205" xmltv_id="TV Cidade - CE">TV Cidade - CE</channel>
    <channel update="i" site="lineup.net.br" site_id="3401" xmltv_id="TV Cidade Guarapuava">TV Cidade Guarapuava</channel>
    <channel update="i" site="lineup.net.br" site_id="1922" xmltv_id="TV Cidade Jacareí">TV Cidade Jacareí</channel>
    <channel update="i" site="lineup.net.br" site_id="3249" xmltv_id="TV Cidade Teresópolis">TV Cidade Teresópolis</channel>
    <channel update="i" site="lineup.net.br" site_id="922" xmltv_id="TV Claret">TV Claret</channel>
    <channel update="i" site="lineup.net.br" site_id="2027" xmltv_id="TV Clima Tempo">TV Clima Tempo</channel>
    <channel update="i" site="lineup.net.br" site_id="1204" xmltv_id="TV Clube PE">TV Clube PE</channel>
    <channel update="i" site="lineup.net.br" site_id="583" xmltv_id="TV Clube Ribeirão">TV Clube Ribeirão</channel>
    <channel update="i" site="lineup.net.br" site_id="2172" xmltv_id="TV Clube Varginha">TV Clube Varginha</channel>
    <channel update="i" site="lineup.net.br" site_id="1869" xmltv_id="TV Coreia">TV Coreia</channel>
    <channel update="i" site="lineup.net.br" site_id="534" xmltv_id="TV Correio">TV Correio</channel>
    <channel update="i" site="lineup.net.br" site_id="1474" xmltv_id="TV Costa Norte Bertioga">TV Costa Norte Bertioga</channel>
    <channel update="i" site="lineup.net.br" site_id="1604" xmltv_id="TV Cultura Paulista">TV Cultura Paulista</channel>
    <channel update="i" site="lineup.net.br" site_id="1445" xmltv_id="TV Cultura Vale do Aço">TV Cultura Vale do Aço</channel>
    <channel update="i" site="lineup.net.br" site_id="1893" xmltv_id="TV da Cidade Joinville">TV da Cidade Joinville</channel>
    <channel update="i" site="lineup.net.br" site_id="209" xmltv_id="TV Diario">TV Diario</channel>
    <channel update="i" site="lineup.net.br" site_id="2141" xmltv_id="TV Diario Campos">TV Diario Campos</channel>
    <channel update="i" site="lineup.net.br" site_id="683" xmltv_id="TV Diário Mogi das Cruzes">TV Diário Mogi das Cruzes</channel>
    <channel update="i" site="lineup.net.br" site_id="3369" xmltv_id="TV Eldorado">TV Eldorado</channel>
    <channel update="i" site="lineup.net.br" site_id="185" xmltv_id="TV Escola">TV Escola</channel>
    <channel update="i" site="lineup.net.br" site_id="811" xmltv_id="TV Evangelizar">TV Evangelizar</channel>
    <channel update="i" site="lineup.net.br" site_id="1231" xmltv_id="TV Farol">TV Farol</channel>
    <channel update="i" site="lineup.net.br" site_id="1913" xmltv_id="TV Feevale">TV Feevale</channel>
    <channel update="i" site="lineup.net.br" site_id="622" xmltv_id="TV Feliz">TV Feliz</channel>
    <channel update="i" site="lineup.net.br" site_id="1919" xmltv_id="TV Floripa">TV Floripa</channel>
    <channel update="i" site="lineup.net.br" site_id="322" xmltv_id="TV Fronteira">TV Fronteira</channel>
    <channel update="i" site="lineup.net.br" site_id="1897" xmltv_id="TV Galega">TV Galega</channel>
    <channel update="i" site="lineup.net.br" site_id="266" xmltv_id="TV Gazeta AC">TV Gazeta AC</channel>
    <channel update="i" site="lineup.net.br" site_id="1228" xmltv_id="TV Gazeta AL">TV Gazeta AL</channel>
    <channel update="i" site="lineup.net.br" site_id="781" xmltv_id="TV Gazeta ES">TV Gazeta ES</channel>
    <channel update="i" site="lineup.net.br" site_id="1385" xmltv_id="TV Gazeta ES Sul">TV Gazeta ES Sul</channel>
    <channel update="i" site="lineup.net.br" site_id="900" xmltv_id="TV Goiânia">TV Goiânia</channel>
    <channel update="i" site="lineup.net.br" site_id="589" xmltv_id="TV Guará">TV Guará</channel>
    <channel update="i" site="lineup.net.br" site_id="463" xmltv_id="TV Horizonte">TV Horizonte</channel>
    <channel update="i" site="lineup.net.br" site_id="2281" xmltv_id="TV Humaitá">TV Humaitá</channel>
    <channel update="i" site="lineup.net.br" site_id="1588" xmltv_id="TV Iguaçu - Rede Massa">TV Iguaçu - Rede Massa</channel>
    <channel update="i" site="lineup.net.br" site_id="513" xmltv_id="TV Ilha do Sol">TV Ilha do Sol</channel>
    <channel update="i" site="lineup.net.br" site_id="304" xmltv_id="TV Imaculada Conceição">TV Imaculada Conceição</channel>
    <channel update="i" site="lineup.net.br" site_id="3990" xmltv_id="TV Informativo">TV Informativo</channel>
    <channel update="i" site="lineup.net.br" site_id="675" xmltv_id="TV Integração Araxá">TV Integração Araxá</channel>
    <channel update="i" site="lineup.net.br" site_id="676" xmltv_id="TV Integração Ituiutaba">TV Integração Ituiutaba</channel>
    <channel update="i" site="lineup.net.br" site_id="783" xmltv_id="TV Integração Juiz de Fora">TV Integração Juiz de Fora</channel>
    <channel update="i" site="lineup.net.br" site_id="3212" xmltv_id="TV Integração Uberaba">TV Integração Uberaba</channel>
    <channel update="i" site="lineup.net.br" site_id="648" xmltv_id="TV Integração Uberlândia">TV Integração Uberlândia</channel>
    <channel update="i" site="lineup.net.br" site_id="303" xmltv_id="TV Interativa MS">TV Interativa MS</channel>
    <channel update="i" site="lineup.net.br" site_id="207" xmltv_id="TV Jangadeiro">TV Jangadeiro</channel>
    <channel update="i" site="lineup.net.br" site_id="1942" xmltv_id="TV Japi">TV Japi</channel>
    <channel update="i" site="lineup.net.br" site_id="238" xmltv_id="TV Jockey">TV Jockey</channel>
    <channel update="i" site="lineup.net.br" site_id="1225" xmltv_id="TV Jornal Limeira">TV Jornal Limeira</channel>
    <channel update="i" site="lineup.net.br" site_id="1202" xmltv_id="TV Jornal Recife">TV Jornal Recife</channel>
    <channel update="i" site="lineup.net.br" site_id="197" xmltv_id="TV Justiça">TV Justiça</channel>
    <channel update="i" site="lineup.net.br" site_id="307" xmltv_id="TV Leste">TV Leste</channel>
    <channel update="i" site="lineup.net.br" site_id="291" xmltv_id="TV Liberal Belém">TV Liberal Belém</channel>
    <channel update="i" site="lineup.net.br" site_id="744" xmltv_id="TV Litoral Panorama">TV Litoral Panorama</channel>
    <channel update="i" site="lineup.net.br" site_id="1294" xmltv_id="TV Litoral RJ">TV Litoral RJ</channel>
    <channel update="i" site="lineup.net.br" site_id="255" xmltv_id="TV Litoral Sul">TV Litoral Sul</channel>
    <channel update="i" site="lineup.net.br" site_id="533" xmltv_id="TV Manaíra">TV Manaíra</channel>
    <channel update="i" site="lineup.net.br" site_id="896" xmltv_id="TV Mar">TV Mar</channel>
    <channel update="i" site="lineup.net.br" site_id="1957" xmltv_id="TV Mar Rio Grande">TV Mar Rio Grande</channel>
    <channel update="i" site="lineup.net.br" site_id="553" xmltv_id="TV Master">TV Master</channel>
    <channel update="i" site="lineup.net.br" site_id="1418" xmltv_id="TV Max">TV Max</channel>
    <channel update="i" site="lineup.net.br" site_id="2478" xmltv_id="TV MCA">TV MCA</channel>
    <channel update="i" site="lineup.net.br" site_id="1175" xmltv_id="TV Meridional">TV Meridional</channel>
    <channel update="i" site="lineup.net.br" site_id="637" xmltv_id="TV Metropolitano">TV Metropolitano</channel>
    <channel update="i" site="lineup.net.br" site_id="530" xmltv_id="TV Miramar">TV Miramar</channel>
    <channel update="i" site="lineup.net.br" site_id="561" xmltv_id="TV Mirante">TV Mirante</channel>
    <channel update="i" site="lineup.net.br" site_id="300" xmltv_id="TV Morena">TV Morena</channel>
    <channel update="i" site="lineup.net.br" site_id="308" xmltv_id="TV Mundo Maior">TV Mundo Maior</channel>
    <channel update="i" site="lineup.net.br" site_id="1792" xmltv_id="TV Natal">TV Natal</channel>
    <channel update="i" site="lineup.net.br" site_id="289" xmltv_id="TV Nazaré">TV Nazaré</channel>
    <channel update="i" site="lineup.net.br" site_id="1207" xmltv_id="TV Nova Nordeste">TV Nova Nordeste</channel>
    <channel update="i" site="lineup.net.br" site_id="278" xmltv_id="TV Novo Tempo">TV Novo Tempo</channel>
    <channel update="i" site="lineup.net.br" site_id="1419" xmltv_id="TV O Fluminense">TV O Fluminense</channel>
    <channel update="i" site="lineup.net.br" site_id="210" xmltv_id="TV O Povo">TV O Povo</channel>
    <channel update="i" site="lineup.net.br" site_id="2255" xmltv_id="TV Osasco">TV Osasco</channel>
    <channel update="i" site="lineup.net.br" site_id="1230" xmltv_id="TV Pajuçara">TV Pajuçara</channel>
    <channel update="i" site="lineup.net.br" site_id="466" xmltv_id="TV Pampa Porto Alegre">TV Pampa Porto Alegre</channel>
    <channel update="i" site="lineup.net.br" site_id="240" xmltv_id="TV Pampa Sul">TV Pampa Sul</channel>
    <channel update="i" site="lineup.net.br" site_id="1090" xmltv_id="TV Pantanal">TV Pantanal</channel>
    <channel update="i" site="lineup.net.br" site_id="3184" xmltv_id="TV Ponta Negra News">TV Ponta Negra News</channel>
    <channel update="i" site="lineup.net.br" site_id="1227" xmltv_id="TV Ponta Verde">TV Ponta Verde</channel>
    <channel update="i" site="lineup.net.br" site_id="1302" xmltv_id="TV Prevê">TV Prevê</channel>
    <channel update="i" site="lineup.net.br" site_id="283" xmltv_id="TV Primavera">TV Primavera</channel>
    <channel update="i" site="lineup.net.br" site_id="1363" xmltv_id="TV Princesa">TV Princesa</channel>
    <channel update="i" site="lineup.net.br" site_id="751" xmltv_id="TV Pública Argentina">TV Pública Argentina</channel>
    <channel update="i" site="lineup.net.br" site_id="53" xmltv_id="TV Rá-Tim-Bum">TV Rá-Tim-Bum</channel>
    <channel update="i" site="lineup.net.br" site_id="1917" xmltv_id="TV Rio Preto SJRP">TV Rio Preto SJRP</channel>
    <channel update="i" site="lineup.net.br" site_id="242" xmltv_id="TV Rio Sul">TV Rio Sul</channel>
    <channel update="i" site="lineup.net.br" site_id="515" xmltv_id="TV Santa Cecília">TV Santa Cecília</channel>
    <channel update="i" site="lineup.net.br" site_id="1475" xmltv_id="TV Santa Cruz - Rede Bahia">TV Santa Cruz - Rede Bahia</channel>
    <channel update="i" site="lineup.net.br" site_id="3427" xmltv_id="TV São Carlos">TV São Carlos</channel>
    <channel update="i" site="lineup.net.br" site_id="5409" xmltv_id="TV São Leo">TV São Leo</channel>
    <channel update="i" site="lineup.net.br" site_id="201" xmltv_id="TV Senado">TV Senado</channel>
    <channel update="i" site="lineup.net.br" site_id="1245" xmltv_id="TV Sergipe">TV Sergipe</channel>
    <channel update="i" site="lineup.net.br" site_id="897" xmltv_id="TV Serra Dourada">TV Serra Dourada</channel>
    <channel update="i" site="lineup.net.br" site_id="3976" xmltv_id="TV Setorial">TV Setorial</channel>
    <channel update="i" site="lineup.net.br" site_id="2308" xmltv_id="TV Sol">TV Sol</channel>
    <channel update="i" site="lineup.net.br" site_id="1458" xmltv_id="TV Sorocaba">TV Sorocaba</channel>
    <channel update="i" site="lineup.net.br" site_id="1936" xmltv_id="TV Supren">TV Supren</channel>
    <channel update="i" site="lineup.net.br" site_id="531" xmltv_id="TV Tambaú">TV Tambaú</channel>
    <channel update="i" site="lineup.net.br" site_id="1356" xmltv_id="TV Tarobá Cascavel">TV Tarobá Cascavel</channel>
    <channel update="i" site="lineup.net.br" site_id="493" xmltv_id="TV Tarobá Londrina">TV Tarobá Londrina</channel>
    <channel update="i" site="lineup.net.br" site_id="679" xmltv_id="TV TEM Bauru">TV TEM Bauru</channel>
    <channel update="i" site="lineup.net.br" site_id="1718" xmltv_id="TV TEM Itapetininga">TV TEM Itapetininga</channel>
    <channel update="i" site="lineup.net.br" site_id="642" xmltv_id="TV TEM SJRP">TV TEM SJRP</channel>
    <channel update="i" site="lineup.net.br" site_id="682" xmltv_id="TV TEM Sorocaba">TV TEM Sorocaba</channel>
    <channel update="i" site="lineup.net.br" site_id="1273" xmltv_id="TV Thathi">TV Thathi</channel>
    <channel update="i" site="lineup.net.br" site_id="962" xmltv_id="TV Tiradentes">TV Tiradentes</channel>
    <channel update="i" site="lineup.net.br" site_id="1589" xmltv_id="TV Tododia">TV Tododia</channel>
    <channel update="i" site="lineup.net.br" site_id="839" xmltv_id="TV Transamérica">TV Transamérica</channel>
    <channel update="i" site="lineup.net.br" site_id="455" xmltv_id="TV Tribuna ES">TV Tribuna ES</channel>
    <channel update="i" site="lineup.net.br" site_id="1203" xmltv_id="TV Tribuna PE">TV Tribuna PE</channel>
    <channel update="i" site="lineup.net.br" site_id="511" xmltv_id="TV Tribuna Santos">TV Tribuna Santos</channel>
    <channel update="i" site="lineup.net.br" site_id="1640" xmltv_id="TV UESB">TV UESB</channel>
    <channel update="i" site="lineup.net.br" site_id="1671" xmltv_id="TV UFAM">TV UFAM</channel>
    <channel update="i" site="lineup.net.br" site_id="1125" xmltv_id="TV UFG">TV UFG</channel>
    <channel update="i" site="lineup.net.br" site_id="536" xmltv_id="TV UFPB">TV UFPB</channel>
    <channel update="i" site="lineup.net.br" site_id="754" xmltv_id="TV UFSC">TV UFSC</channel>
    <channel update="i" site="lineup.net.br" site_id="1303" xmltv_id="TV Unesp">TV Unesp</channel>
    <channel update="i" site="lineup.net.br" site_id="208" xmltv_id="TV União">TV União</channel>
    <channel update="i" site="lineup.net.br" site_id="809" xmltv_id="TV UniCesumar">TV UniCesumar</channel>
    <channel update="i" site="lineup.net.br" site_id="2732" xmltv_id="TV Unifor">TV Unifor</channel>
    <channel update="i" site="lineup.net.br" site_id="514" xmltv_id="TV Unisantos">TV Unisantos</channel>
    <channel update="i" site="lineup.net.br" site_id="1923" xmltv_id="TV Univap">TV Univap</channel>
    <channel update="i" site="lineup.net.br" site_id="131" xmltv_id="TV Universal">TV Universal</channel>
    <channel update="i" site="lineup.net.br" site_id="1205" xmltv_id="TV Universitária Recife">TV Universitária Recife</channel>
    <channel update="i" site="lineup.net.br" site_id="469" xmltv_id="TV Urbana">TV Urbana</channel>
    <channel update="i" site="lineup.net.br" site_id="5" xmltv_id="TV Vanguarda SJC">TV Vanguarda SJC</channel>
    <channel update="i" site="lineup.net.br" site_id="680" xmltv_id="TV Vanguarda Taubaté">TV Vanguarda Taubaté</channel>
    <channel update="i" site="lineup.net.br" site_id="206" xmltv_id="TV Verdes Mares">TV Verdes Mares</channel>
    <channel update="i" site="lineup.net.br" site_id="457" xmltv_id="TV Vitória">TV Vitória</channel>
    <channel update="i" site="lineup.net.br" site_id="268" xmltv_id="TV5">TV5</channel>
    <channel update="i" site="lineup.net.br" site_id="126" xmltv_id="TV5Monde Bresil">TV5Monde Bresil</channel>
    <channel update="i" site="lineup.net.br" site_id="917" xmltv_id="TVB  Campinas">TVB  Campinas</channel>
    <channel update="i" site="lineup.net.br" site_id="510" xmltv_id="TVB Santos">TVB Santos</channel>
    <channel update="i" site="lineup.net.br" site_id="2014" xmltv_id="TVC BH">TVC BH</channel>
    <channel update="i" site="lineup.net.br" site_id="1948" xmltv_id="TVC Rio">TVC Rio</channel>
    <channel update="i" site="lineup.net.br" site_id="220" xmltv_id="TVE Internacional">TVE Internacional</channel>
    <channel update="i" site="lineup.net.br" site_id="1943" xmltv_id="TVE Jundiaí">TVE Jundiaí</channel>
    <channel update="i" site="lineup.net.br" site_id="866" xmltv_id="TVE-Bahia">TVE-Bahia</channel>
    <channel update="i" site="lineup.net.br" site_id="270" xmltv_id="TVE-RS">TVE-RS</channel>
    <channel update="i" site="lineup.net.br" site_id="302" xmltv_id="TVMS">TVMS</channel>
    <channel update="i" site="lineup.net.br" site_id="1994" xmltv_id="TVR Sorocaba">TVR Sorocaba</channel>
    <channel update="i" site="lineup.net.br" site_id="1935" xmltv_id="TVRP">TVRP</channel>
    <channel update="i" site="lineup.net.br" site_id="1362" xmltv_id="TVT">TVT</channel>
    <channel update="i" site="lineup.net.br" site_id="621" xmltv_id="TVU RN">TVU RN</channel>
    <channel update="i" site="lineup.net.br" site_id="2159" xmltv_id="UFPR TV">UFPR TV</channel>
    <channel update="i" site="lineup.net.br" site_id="290" xmltv_id="Ulbra TV">Ulbra TV</channel>
    <channel update="i" site="lineup.net.br" site_id="1951" xmltv_id="UniTV Porto Alegre">UniTV Porto Alegre</channel>
    <channel update="i" site="lineup.net.br" site_id="78" xmltv_id="Universal Channel">Universal Channel</channel>
    <channel update="i" site="lineup.net.br" site_id="1914" xmltv_id="Universo 4">Universo 4</channel>
    <channel update="i" site="lineup.net.br" site_id="54" xmltv_id="Univesp TV">Univesp TV</channel>
    <channel update="i" site="lineup.net.br" site_id="1949" xmltv_id="UTV">UTV</channel>
    <channel update="i" site="lineup.net.br" site_id="3259" xmltv_id="Vale TV">Vale TV</channel>
    <channel update="i" site="lineup.net.br" site_id="148" xmltv_id="Venus">Venus</channel>
    <channel update="i" site="lineup.net.br" site_id="168" xmltv_id="VH1 HD">VH1 HD</channel>
    <channel update="i" site="lineup.net.br" site_id="169" xmltv_id="VH1 MegaHits">VH1 MegaHits</channel>
    <channel update="i" site="lineup.net.br" site_id="2280" xmltv_id="Vida Nova TV">Vida Nova TV</channel>
    <channel update="i" site="lineup.net.br" site_id="72" xmltv_id="Viva">Viva</channel>
    <channel update="i" site="lineup.net.br" site_id="512" xmltv_id="VTV">VTV</channel>
    <channel update="i" site="lineup.net.br" site_id="116" xmltv_id="Warner Channel">Warner Channel</channel>
    <channel update="i" site="lineup.net.br" site_id="178" xmltv_id="Woohoo">Woohoo</channel>
    <channel update="i" site="lineup.net.br" site_id="1924" xmltv_id="WorldNet">WorldNet</channel>
    <channel update="i" site="lineup.net.br" site_id="3290" xmltv_id="Yeeah!">Yeeah!</channel>
    <channel update="i" site="lineup.net.br" site_id="195" xmltv_id="Zoomoo">Zoomoo</channel>
  </channels>
</site>