﻿<?xml version="1.0" encoding="UTF-8"?>
<site generator-info-name="WebGrab+Plus/w MDB &amp; REX Postprocess -- version  V1.57 -- Jan van Straaten" site="netcombo.com.br">
  <channels>
    <channel update="i" site="netcombo.com.br" site_id="1015" xmltv_id="NOW">NOW</channel>
    <channel update="i" site="netcombo.com.br" site_id="670" xmltv_id="REDE MUNDIAL">REDE MUNDIAL</channel>
    <channel update="i" site="netcombo.com.br" site_id="1253" xmltv_id="Canal Eventual 2">Canal Eventual 2</channel>
    <channel update="i" site="netcombo.com.br" site_id="612" xmltv_id="TVC Rio">TVC Rio</channel>
    <channel update="i" site="netcombo.com.br" site_id="523" xmltv_id="TV Senado">TV Senado</channel>
    <channel update="i" site="netcombo.com.br" site_id="516" xmltv_id="TV Justiça">TV Justiça</channel>
    <channel update="i" site="netcombo.com.br" site_id="513" xmltv_id="TV Câmara">TV Câmara</channel>
    <channel update="i" site="netcombo.com.br" site_id="549" xmltv_id="Canal Universitário">Canal Universitário</channel>
    <channel update="i" site="netcombo.com.br" site_id="526" xmltv_id="Canal Legislativo">Canal Legislativo</channel>
    <channel update="i" site="netcombo.com.br" site_id="576" xmltv_id="NBR">NBR</channel>
    <channel update="i" site="netcombo.com.br" site_id="658" xmltv_id="TV Escola">TV Escola</channel>
    <channel update="i" site="netcombo.com.br" site_id="1158" xmltv_id="Cultura">Cultura</channel>
    <channel update="i" site="netcombo.com.br" site_id="611" xmltv_id="NGT">NGT</channel>
    <channel update="i" site="netcombo.com.br" site_id="608" xmltv_id="TV Brasil">TV Brasil</channel>
    <channel update="i" site="netcombo.com.br" site_id="435" xmltv_id="Globo">Globo</channel>
    <channel update="i" site="netcombo.com.br" site_id="1159" xmltv_id="Rede TV">Rede TV</channel>
    <channel update="i" site="netcombo.com.br" site_id="408" xmltv_id="Band">Band</channel>
    <channel update="i" site="netcombo.com.br" site_id="1160" xmltv_id="CNT">CNT</channel>
    <channel update="i" site="netcombo.com.br" site_id="468" xmltv_id="SBT">SBT</channel>
    <channel update="i" site="netcombo.com.br" site_id="465" xmltv_id="Record">Record</channel>
    <channel update="i" site="netcombo.com.br" site_id="1087" xmltv_id="TV MAX">TV MAX</channel>
    <channel update="i" site="netcombo.com.br" site_id="1243" xmltv_id="Canal 26">Canal 26</channel>
    <channel update="i" site="netcombo.com.br" site_id="1093" xmltv_id="Polishop">Polishop</channel>
    <channel update="i" site="netcombo.com.br" site_id="459" xmltv_id="Shoptime">Shoptime</channel>
    <channel update="i" site="netcombo.com.br" site_id="578" xmltv_id="NET TV">NET TV</channel>
    <channel update="i" site="netcombo.com.br" site_id="1056" xmltv_id="Off">Off</channel>
    <channel update="i" site="netcombo.com.br" site_id="1023" xmltv_id="SporTV 3">SporTV 3</channel>
    <channel update="i" site="netcombo.com.br" site_id="470" xmltv_id="SporTV 2">SporTV 2</channel>
    <channel update="i" site="netcombo.com.br" site_id="471" xmltv_id="SporTV">SporTV</channel>
    <channel update="i" site="netcombo.com.br" site_id="432" xmltv_id="GloboNews">GloboNews</channel>
    <channel update="i" site="netcombo.com.br" site_id="433" xmltv_id="GNT">GNT</channel>
    <channel update="i" site="netcombo.com.br" site_id="450" xmltv_id="Multishow">Multishow</channel>
    <channel update="i" site="netcombo.com.br" site_id="872" xmltv_id="Viva">Viva</channel>
    <channel update="i" site="netcombo.com.br" site_id="922" xmltv_id="Mais Globosat">Mais Globosat</channel>
    <channel update="i" site="netcombo.com.br" site_id="425" xmltv_id="E!">E!</channel>
    <channel update="i" site="netcombo.com.br" site_id="492" xmltv_id="Fox Life">Fox Life</channel>
    <channel update="i" site="netcombo.com.br" site_id="1512" xmltv_id="TLC">TLC</channel>
    <channel update="i" site="netcombo.com.br" site_id="1073" xmltv_id="Arte 1">Arte 1</channel>
    <channel update="i" site="netcombo.com.br" site_id="438" xmltv_id="Discovery Home &amp; Health">Discovery Home &amp; Health</channel>
    <channel update="i" site="netcombo.com.br" site_id="1053" xmltv_id="Curta!">Curta!</channel>
    <channel update="i" site="netcombo.com.br" site_id="1202" xmltv_id="FISH TV">FISH TV</channel>
    <channel update="i" site="netcombo.com.br" site_id="1058" xmltv_id="Woohoo">Woohoo</channel>
    <channel update="i" site="netcombo.com.br" site_id="426" xmltv_id="ESPN Brasil">ESPN Brasil</channel>
    <channel update="i" site="netcombo.com.br" site_id="427" xmltv_id="ESPN">ESPN</channel>
    <channel update="i" site="netcombo.com.br" site_id="1034" xmltv_id="Fox Sports">Fox Sports</channel>
    <channel update="i" site="netcombo.com.br" site_id="1090" xmltv_id="FOX Sports 2">FOX Sports 2</channel>
    <channel update="i" site="netcombo.com.br" site_id="1021" xmltv_id="Band Sports">Band Sports</channel>
    <channel update="i" site="netcombo.com.br" site_id="592" xmltv_id="Record News">Record News</channel>
    <channel update="i" site="netcombo.com.br" site_id="1022" xmltv_id="Band News">Band News</channel>
    <channel update="i" site="netcombo.com.br" site_id="472" xmltv_id="National Geographic">National Geographic</channel>
    <channel update="i" site="netcombo.com.br" site_id="407" xmltv_id="Animal Planet">Animal Planet</channel>
    <channel update="i" site="netcombo.com.br" site_id="441" xmltv_id="The History Channel">The History Channel</channel>
    <channel update="i" site="netcombo.com.br" site_id="419" xmltv_id="Discovery Turbo">Discovery Turbo</channel>
    <channel update="i" site="netcombo.com.br" site_id="423" xmltv_id="Discovery Science">Discovery Science</channel>
    <channel update="i" site="netcombo.com.br" site_id="422" xmltv_id="Discovery Civilization">Discovery Civilization</channel>
    <channel update="i" site="netcombo.com.br" site_id="430" xmltv_id="Futura">Futura</channel>
    <channel update="i" site="netcombo.com.br" site_id="933" xmltv_id="Natgeo Wild">Natgeo Wild</channel>
    <channel update="i" site="netcombo.com.br" site_id="420" xmltv_id="Discovery Kids">Discovery Kids</channel>
    <channel update="i" site="netcombo.com.br" site_id="1042" xmltv_id="Gloob">Gloob</channel>
    <channel update="i" site="netcombo.com.br" site_id="488" xmltv_id="Disney Channel">Disney Channel</channel>
    <channel update="i" site="netcombo.com.br" site_id="462" xmltv_id="Nickelodeon">Nickelodeon</channel>
    <channel update="i" site="netcombo.com.br" site_id="1270" xmltv_id="Cartoon Network">Cartoon Network</channel>
    <channel update="i" site="netcombo.com.br" site_id="445" xmltv_id="Disney XD">Disney XD</channel>
    <channel update="i" site="netcombo.com.br" site_id="1281" xmltv_id="Disney JR">Disney JR</channel>
    <channel update="i" site="netcombo.com.br" site_id="832" xmltv_id="Nick Jr.">Nick Jr.</channel>
    <channel update="i" site="netcombo.com.br" site_id="410" xmltv_id="Boomerang">Boomerang</channel>
    <channel update="i" site="netcombo.com.br" site_id="1563" xmltv_id="TV Rá Tim Bum">TV Rá Tim Bum</channel>
    <channel update="i" site="netcombo.com.br" site_id="1110" xmltv_id="Tooncast">Tooncast</channel>
    <channel update="i" site="netcombo.com.br" site_id="932" xmltv_id="Baby Tv">Baby Tv</channel>
    <channel update="i" site="netcombo.com.br" site_id="1055" xmltv_id="BIS">BIS</channel>
    <channel update="i" site="netcombo.com.br" site_id="456" xmltv_id="MTV">MTV</channel>
    <channel update="i" site="netcombo.com.br" site_id="1057" xmltv_id="Play TV">Play TV</channel>
    <channel update="i" site="netcombo.com.br" site_id="1072" xmltv_id="Music Box Brazil">Music Box Brazil</channel>
    <channel update="i" site="netcombo.com.br" site_id="1136" xmltv_id="VH1 Megahits">VH1 Megahits</channel>
    <channel update="i" site="netcombo.com.br" site_id="483" xmltv_id="Universal Channel">Universal Channel</channel>
    <channel update="i" site="netcombo.com.br" site_id="429" xmltv_id="Fox">Fox</channel>
    <channel update="i" site="netcombo.com.br" site_id="1606" xmltv_id="Warner">Warner</channel>
    <channel update="i" site="netcombo.com.br" site_id="1500" xmltv_id="Sony">Sony</channel>
    <channel update="i" site="netcombo.com.br" site_id="490" xmltv_id="FX">FX</channel>
    <channel update="i" site="netcombo.com.br" site_id="482" xmltv_id="AXN">AXN</channel>
    <channel update="i" site="netcombo.com.br" site_id="1026" xmltv_id="TBS">TBS</channel>
    <channel update="i" site="netcombo.com.br" site_id="1088" xmltv_id="Comedy Central">Comedy Central</channel>
    <channel update="i" site="netcombo.com.br" site_id="457" xmltv_id="A&amp;E">A&amp;E</channel>
    <channel update="i" site="netcombo.com.br" site_id="421" xmltv_id="Discovery Channel">Discovery Channel</channel>
    <channel update="i" site="netcombo.com.br" site_id="479" xmltv_id="ID">ID</channel>
    <channel update="i" site="netcombo.com.br" site_id="530" xmltv_id="Syfy">Syfy</channel>
    <channel update="i" site="netcombo.com.br" site_id="531" xmltv_id="Lifetime">Lifetime</channel>
    <channel update="i" site="netcombo.com.br" site_id="414" xmltv_id="Canal Brasil">Canal Brasil</channel>
    <channel update="i" site="netcombo.com.br" site_id="478" xmltv_id="TNT">TNT</channel>
    <channel update="i" site="netcombo.com.br" site_id="532" xmltv_id="Megapix">Megapix</channel>
    <channel update="i" site="netcombo.com.br" site_id="897" xmltv_id="Space">Space</channel>
    <channel update="i" site="netcombo.com.br" site_id="1041" xmltv_id="Cinemax">Cinemax</channel>
    <channel update="i" site="netcombo.com.br" site_id="1071" xmltv_id="Prime Box Brazil">Prime Box Brazil</channel>
    <channel update="i" site="netcombo.com.br" site_id="692" xmltv_id="Studio Universal">Studio Universal</channel>
    <channel update="i" site="netcombo.com.br" site_id="447" xmltv_id="Paramount">Paramount</channel>
    <channel update="i" site="netcombo.com.br" site_id="520" xmltv_id="TCM">TCM</channel>
    <channel update="i" site="netcombo.com.br" site_id="473" xmltv_id="Telecine Premium">Telecine Premium</channel>
    <channel update="i" site="netcombo.com.br" site_id="474" xmltv_id="Telecine Action">Telecine Action</channel>
    <channel update="i" site="netcombo.com.br" site_id="475" xmltv_id="Telecine Touch">Telecine Touch</channel>
    <channel update="i" site="netcombo.com.br" site_id="899" xmltv_id="Telecine Fun">Telecine Fun</channel>
    <channel update="i" site="netcombo.com.br" site_id="476" xmltv_id="Telecine Pipoca">Telecine Pipoca</channel>
    <channel update="i" site="netcombo.com.br" site_id="477" xmltv_id="Telecine Cult">Telecine Cult</channel>
    <channel update="i" site="netcombo.com.br" site_id="437" xmltv_id="HBO">HBO</channel>
    <channel update="i" site="netcombo.com.br" site_id="436" xmltv_id="HBO 2">HBO 2</channel>
    <channel update="i" site="netcombo.com.br" site_id="444" xmltv_id="HBO Plus">HBO Plus</channel>
    <channel update="i" site="netcombo.com.br" site_id="443" xmltv_id="HBO Plus*e">HBO Plus*e</channel>
    <channel update="i" site="netcombo.com.br" site_id="439" xmltv_id="HBO Family">HBO Family</channel>
    <channel update="i" site="netcombo.com.br" site_id="440" xmltv_id="HBO Signature">HBO Signature</channel>
    <channel update="i" site="netcombo.com.br" site_id="453" xmltv_id="Max UP">Max UP</channel>
    <channel update="i" site="netcombo.com.br" site_id="449" xmltv_id="Max">Max</channel>
    <channel update="i" site="netcombo.com.br" site_id="446" xmltv_id="Max Prime">Max Prime</channel>
    <channel update="i" site="netcombo.com.br" site_id="448" xmltv_id="Max Prime*e">Max Prime*e</channel>
    <channel update="i" site="netcombo.com.br" site_id="1115" xmltv_id="Novo Tempo">Novo Tempo</channel>
    <channel update="i" site="netcombo.com.br" site_id="467" xmltv_id="Canal Rural">Canal Rural</channel>
    <channel update="i" site="netcombo.com.br" site_id="1129" xmltv_id="Shopbuy">Shopbuy</channel>
    <channel update="i" site="netcombo.com.br" site_id="1153" xmltv_id="TVCI">TVCI</channel>
    <channel update="i" site="netcombo.com.br" site_id="1146" xmltv_id="REDE DO BEM">REDE DO BEM</channel>
    <channel update="i" site="netcombo.com.br" site_id="484" xmltv_id="Rede Vida">Rede Vida</channel>
    <channel update="i" site="netcombo.com.br" site_id="515" xmltv_id="TV Canção Nova">TV Canção Nova</channel>
    <channel update="i" site="netcombo.com.br" site_id="1177" xmltv_id="Tv Aparecida">Tv Aparecida</channel>
    <channel update="i" site="netcombo.com.br" site_id="1231" xmltv_id="Boa Vontade TV">Boa Vontade TV</channel>
    <channel update="i" site="netcombo.com.br" site_id="925" xmltv_id="Top TV">Top TV</channel>
    <channel update="i" site="netcombo.com.br" site_id="416" xmltv_id="CNN International">CNN International</channel>
    <channel update="i" site="netcombo.com.br" site_id="1230" xmltv_id="Bloomberg TV">Bloomberg TV</channel>
    <channel update="i" site="netcombo.com.br" site_id="409" xmltv_id="BBC World News">BBC World News</channel>
    <channel update="i" site="netcombo.com.br" site_id="1372" xmltv_id="RAI International">RAI International</channel>
    <channel update="i" site="netcombo.com.br" site_id="480" xmltv_id="TV5 Monde">TV5 Monde</channel>
    <channel update="i" site="netcombo.com.br" site_id="1584" xmltv_id="TVE International">TVE International</channel>
    <channel update="i" site="netcombo.com.br" site_id="1280" xmltv_id="DW-TV">DW-TV</channel>
    <channel update="i" site="netcombo.com.br" site_id="461" xmltv_id="NHK World Premium">NHK World Premium</channel>
    <channel update="i" site="netcombo.com.br" site_id="1489" xmltv_id="SIC International">SIC International</channel>
    <channel update="i" site="netcombo.com.br" site_id="1368" xmltv_id="Premiere Interativo">Premiere Interativo</channel>
    <channel update="i" site="netcombo.com.br" site_id="1365" xmltv_id="Premiere Clubes">Premiere Clubes</channel>
    <channel update="i" site="netcombo.com.br" site_id="1360" xmltv_id="Premiere 2">Premiere 2</channel>
    <channel update="i" site="netcombo.com.br" site_id="1361" xmltv_id="Premiere 3">Premiere 3</channel>
    <channel update="i" site="netcombo.com.br" site_id="1362" xmltv_id="Premiere 4">Premiere 4</channel>
    <channel update="i" site="netcombo.com.br" site_id="1363" xmltv_id="Premiere 5">Premiere 5</channel>
    <channel update="i" site="netcombo.com.br" site_id="1364" xmltv_id="Premiere 6">Premiere 6</channel>
    <channel update="i" site="netcombo.com.br" site_id="693" xmltv_id="Premiere 7">Premiere 7</channel>
    <channel update="i" site="netcombo.com.br" site_id="1014" xmltv_id="Mosaico Multijogos">Mosaico Multijogos</channel>
    <channel update="i" site="netcombo.com.br" site_id="487" xmltv_id="Combate">Combate</channel>
    <channel update="i" site="netcombo.com.br" site_id="548" xmltv_id="Canal de Vendas NET">Canal de Vendas NET</channel>
    <channel update="i" site="netcombo.com.br" site_id="1535" xmltv_id="TV Climatempo">TV Climatempo</channel>
    <channel update="i" site="netcombo.com.br" site_id="1334" xmltv_id="Jogos Interativos Cartoon">Jogos Interativos Cartoon</channel>
    <channel update="i" site="netcombo.com.br" site_id="583" xmltv_id="Portal NET Interativa">Portal NET Interativa</channel>
    <channel update="i" site="netcombo.com.br" site_id="463" xmltv_id="Playboy TV">Playboy TV</channel>
    <channel update="i" site="netcombo.com.br" site_id="798" xmltv_id="Sextreme">Sextreme</channel>
    <channel update="i" site="netcombo.com.br" site_id="528" xmltv_id="Venus">Venus</channel>
    <channel update="i" site="netcombo.com.br" site_id="442" xmltv_id="Sexy Hot">Sexy Hot</channel>
    <channel update="i" site="netcombo.com.br" site_id="1349" xmltv_id="NET TV HD">NET TV HD</channel>
    <channel update="i" site="netcombo.com.br" site_id="563" xmltv_id="Globo HD">Globo HD</channel>
    <channel update="i" site="netcombo.com.br" site_id="1420" xmltv_id="Rede TV HD">Rede TV HD</channel>
    <channel update="i" site="netcombo.com.br" site_id="545" xmltv_id="Band HD">Band HD</channel>
    <channel update="i" site="netcombo.com.br" site_id="858" xmltv_id="SBT HD">SBT HD</channel>
    <channel update="i" site="netcombo.com.br" site_id="1004" xmltv_id="Record HD">Record HD</channel>
    <channel update="i" site="netcombo.com.br" site_id="1044" xmltv_id="Cultura HD">Cultura HD</channel>
    <channel update="i" site="netcombo.com.br" site_id="1020" xmltv_id="Off HD">Off HD</channel>
    <channel update="i" site="netcombo.com.br" site_id="1137" xmltv_id="SporTV 3 HD">SporTV 3 HD</channel>
    <channel update="i" site="netcombo.com.br" site_id="1047" xmltv_id="SporTV 2 HD">SporTV 2 HD</channel>
    <channel update="i" site="netcombo.com.br" site_id="1063" xmltv_id="SporTV HD">SporTV HD</channel>
    <channel update="i" site="netcombo.com.br" site_id="1066" xmltv_id="GloboNews HD">GloboNews HD</channel>
    <channel update="i" site="netcombo.com.br" site_id="1051" xmltv_id="GNT HD">GNT HD</channel>
    <channel update="i" site="netcombo.com.br" site_id="1062" xmltv_id="Multishow HD">Multishow HD</channel>
    <channel update="i" site="netcombo.com.br" site_id="1111" xmltv_id="Viva HD">Viva HD</channel>
    <channel update="i" site="netcombo.com.br" site_id="914" xmltv_id="Mais Globosat HD">Mais Globosat HD</channel>
    <channel update="i" site="netcombo.com.br" site_id="927" xmltv_id="E! HD">E! HD</channel>
    <channel update="i" site="netcombo.com.br" site_id="890" xmltv_id="TLC HD">TLC HD</channel>
    <channel update="i" site="netcombo.com.br" site_id="935" xmltv_id="FOOD NETWORK HD">FOOD NETWORK HD</channel>
    <channel update="i" site="netcombo.com.br" site_id="1061" xmltv_id="Discovery Home &amp; Health HD">Discovery Home &amp; Health HD</channel>
    <channel update="i" site="netcombo.com.br" site_id="1049" xmltv_id="ESPN Brasil HD">ESPN Brasil HD</channel>
    <channel update="i" site="netcombo.com.br" site_id="1081" xmltv_id="ESPN HD">ESPN HD</channel>
    <channel update="i" site="netcombo.com.br" site_id="1286" xmltv_id="ESPN+ HD">ESPN+ HD</channel>
    <channel update="i" site="netcombo.com.br" site_id="1035" xmltv_id="Fox Sports HD">Fox Sports HD</channel>
    <channel update="i" site="netcombo.com.br" site_id="1091" xmltv_id="FOX Sports 2 HD">FOX Sports 2 HD</channel>
    <channel update="i" site="netcombo.com.br" site_id="1095" xmltv_id="Band Sports HD">Band Sports HD</channel>
    <channel update="i" site="netcombo.com.br" site_id="1200" xmltv_id="EI Maxx HD">EI Maxx HD</channel>
    <channel update="i" site="netcombo.com.br" site_id="1201" xmltv_id="EI Maxx 2 HD">EI Maxx 2 HD</channel>
    <channel update="i" site="netcombo.com.br" site_id="1353" xmltv_id="National Geographic HD">National Geographic HD</channel>
    <channel update="i" site="netcombo.com.br" site_id="1060" xmltv_id="Discovery HD">Discovery HD</channel>
    <channel update="i" site="netcombo.com.br" site_id="928" xmltv_id="Animal Planet HD">Animal Planet HD</channel>
    <channel update="i" site="netcombo.com.br" site_id="1011" xmltv_id="The History Channel HD">The History Channel HD</channel>
    <channel update="i" site="netcombo.com.br" site_id="1133" xmltv_id="Discovery Turbo HD">Discovery Turbo HD</channel>
    <channel update="i" site="netcombo.com.br" site_id="1040" xmltv_id="BBC Earth HD">BBC Earth HD</channel>
    <channel update="i" site="netcombo.com.br" site_id="873" xmltv_id="NATGEO WILD HD">NATGEO WILD HD</channel>
    <channel update="i" site="netcombo.com.br" site_id="877" xmltv_id="Discovery Theater HD">Discovery Theater HD</channel>
    <channel update="i" site="netcombo.com.br" site_id="1144" xmltv_id="Discovery world HD">Discovery world HD</channel>
    <channel update="i" site="netcombo.com.br" site_id="1189" xmltv_id="H2 HD">H2 HD</channel>
    <channel update="i" site="netcombo.com.br" site_id="1079" xmltv_id="Discovery Kids HD">Discovery Kids HD</channel>
    <channel update="i" site="netcombo.com.br" site_id="1043" xmltv_id="Gloob HD">Gloob HD</channel>
    <channel update="i" site="netcombo.com.br" site_id="1036" xmltv_id="Disney Channel HD">Disney Channel HD</channel>
    <channel update="i" site="netcombo.com.br" site_id="1611" xmltv_id="Nickelodeon HD">Nickelodeon HD</channel>
    <channel update="i" site="netcombo.com.br" site_id="1269" xmltv_id="Cartoon HD">Cartoon HD</channel>
    <channel update="i" site="netcombo.com.br" site_id="863" xmltv_id="BIS HD">BIS HD</channel>
    <channel update="i" site="netcombo.com.br" site_id="574" xmltv_id="MTV HD">MTV HD</channel>
    <channel update="i" site="netcombo.com.br" site_id="874" xmltv_id="VH1 HD">VH1 HD</channel>
    <channel update="i" site="netcombo.com.br" site_id="1082" xmltv_id="Universal Channel HD">Universal Channel HD</channel>
    <channel update="i" site="netcombo.com.br" site_id="1103" xmltv_id="FOX HD">FOX HD</channel>
    <channel update="i" site="netcombo.com.br" site_id="1009" xmltv_id="Warner HD">Warner HD</channel>
    <channel update="i" site="netcombo.com.br" site_id="1008" xmltv_id="Sony HD">Sony HD</channel>
    <channel update="i" site="netcombo.com.br" site_id="1104" xmltv_id="FX HD">FX HD</channel>
    <channel update="i" site="netcombo.com.br" site_id="1017" xmltv_id="AXN HD">AXN HD</channel>
    <channel update="i" site="netcombo.com.br" site_id="1197" xmltv_id="A&amp;E HD">A&amp;E HD</channel>
    <channel update="i" site="netcombo.com.br" site_id="1059" xmltv_id="ID HD">ID HD</channel>
    <channel update="i" site="netcombo.com.br" site_id="931" xmltv_id="LIFETIME HD">LIFETIME HD</channel>
    <channel update="i" site="netcombo.com.br" site_id="1203" xmltv_id="TNT SÉRIES HD">TNT SÉRIES HD</channel>
    <channel update="i" site="netcombo.com.br" site_id="1131" xmltv_id="Canal Brasil HD">Canal Brasil HD</channel>
    <channel update="i" site="netcombo.com.br" site_id="875" xmltv_id="TNT HD">TNT HD</channel>
    <channel update="i" site="netcombo.com.br" site_id="878" xmltv_id="Megapix HD">Megapix HD</channel>
    <channel update="i" site="netcombo.com.br" site_id="876" xmltv_id="Space HD">Space HD</channel>
    <channel update="i" site="netcombo.com.br" site_id="1098" xmltv_id="Cinemax HD">Cinemax HD</channel>
    <channel update="i" site="netcombo.com.br" site_id="1025" xmltv_id="Paramount HD">Paramount HD</channel>
    <channel update="i" site="netcombo.com.br" site_id="838" xmltv_id="Telecine Premium HD">Telecine Premium HD</channel>
    <channel update="i" site="netcombo.com.br" site_id="898" xmltv_id="Telecine Action HD">Telecine Action HD</channel>
    <channel update="i" site="netcombo.com.br" site_id="1019" xmltv_id="Telecine Touch HD">Telecine Touch HD</channel>
    <channel update="i" site="netcombo.com.br" site_id="1018" xmltv_id="Telecine Fun HD">Telecine Fun HD</channel>
    <channel update="i" site="netcombo.com.br" site_id="871" xmltv_id="Telecine Pipoca HD">Telecine Pipoca HD</channel>
    <channel update="i" site="netcombo.com.br" site_id="1100" xmltv_id="Telecine Cult HD">Telecine Cult HD</channel>
    <channel update="i" site="netcombo.com.br" site_id="856" xmltv_id="HBO HD">HBO HD</channel>
    <channel update="i" site="netcombo.com.br" site_id="1330" xmltv_id="HBO HD 2">HBO HD 2</channel>
    <channel update="i" site="netcombo.com.br" site_id="866" xmltv_id="HBO Plus HD">HBO Plus HD</channel>
    <channel update="i" site="netcombo.com.br" site_id="1099" xmltv_id="HBO Family HD">HBO Family HD</channel>
    <channel update="i" site="netcombo.com.br" site_id="1086" xmltv_id="HBO Signature HD">HBO Signature HD</channel>
    <channel update="i" site="netcombo.com.br" site_id="1128" xmltv_id="MAX UP HD">MAX UP HD</channel>
    <channel update="i" site="netcombo.com.br" site_id="895" xmltv_id="MAX HD">MAX HD</channel>
    <channel update="i" site="netcombo.com.br" site_id="1127" xmltv_id="MAX Prime HD">MAX Prime HD</channel>
    <channel update="i" site="netcombo.com.br" site_id="949" xmltv_id="Fox 1 HD">Fox 1 HD</channel>
    <channel update="i" site="netcombo.com.br" site_id="936" xmltv_id="Fox Action HD">Fox Action HD</channel>
    <channel update="i" site="netcombo.com.br" site_id="1366" xmltv_id="Premiere Clubes HD">Premiere Clubes HD</channel>
    <channel update="i" site="netcombo.com.br" site_id="1064" xmltv_id="Premiere HD 2">Premiere HD 2</channel>
    <channel update="i" site="netcombo.com.br" site_id="1165" xmltv_id="PREMIERE HD 3">PREMIERE HD 3</channel>
    <channel update="i" site="netcombo.com.br" site_id="1166" xmltv_id="PREMIERE HD 4">PREMIERE HD 4</channel>
    <channel update="i" site="netcombo.com.br" site_id="1167" xmltv_id="PREMIERE HD 5">PREMIERE HD 5</channel>
    <channel update="i" site="netcombo.com.br" site_id="1027" xmltv_id="Combate HD">Combate HD</channel>
    <channel update="i" site="netcombo.com.br" site_id="1193" xmltv_id="Leomax Shop">Leomax Shop</channel>
  </channels>
</site>