﻿<?xml version="1.0" encoding="UTF-8"?>
<site generator-info-name="WebGrab+Plus/w MDB &amp; REX Postprocess -- version V1.56.28.2 -- Jan van Straaten" site="discoverychannel.ua">
  <channels>
    <channel update="i" site="discoverychannel.ua" site_id="AHDE-RUS" xmltv_id="Animal Planet HD">Animal Planet HD</channel>
    <channel update="i" site="discoverychannel.ua" site_id="APEU-RUS" xmltv_id="Animal Planet">Animal Planet</channel>
    <channel update="i" site="discoverychannel.ua" site_id="CVEU-RUS" xmltv_id="Discovery World">Discovery World</channel>
    <channel update="i" site="discoverychannel.ua" site_id="DUKR-RUS" xmltv_id="Discovery Channel">Discovery Channel</channel>
    <channel update="i" site="discoverychannel.ua" site_id="HDEU-RUS" xmltv_id="Discovery HD Showcase">Discovery HD Showcase</channel>
    <channel update="i" site="discoverychannel.ua" site_id="IDEU-RUS" xmltv_id="Discovery ID">Discovery ID</channel>
    <channel update="i" site="discoverychannel.ua" site_id="SCEU-RUS" xmltv_id="Discovery Science">Discovery Science</channel>
    <channel update="i" site="discoverychannel.ua" site_id="TLPR-RUS" xmltv_id="TLC">TLC</channel>
    <channel update="i" site="discoverychannel.ua" site_id="TLUA-RUS" xmltv_id="TLC">TLC</channel>
  </channels>
</site>