﻿<?xml version="1.0" encoding="UTF-8"?>
<site generator-info-name="WebGrab+Plus/w MDB &amp; REX Postprocess -- version V1.56.23 -- Jan van Straaten" site="tv.i.ua">
  <channels>
    <channel update="i" site="tv.i.ua" site_id="/ut-1" xmltv_id="Первый Национальный">Первый Национальный</channel>
    <channel update="i" site="tv.i.ua" site_id="/1plus1" xmltv_id="1+1">1+1</channel>
    <channel update="i" site="tv.i.ua" site_id="/inter" xmltv_id="Интер">Интер</channel>
    <channel update="i" site="tv.i.ua" site_id="/tet" xmltv_id="ТЕТ">ТЕТ</channel>
    <channel update="i" site="tv.i.ua" site_id="/5kanal" xmltv_id="5 канал">5 канал</channel>
    <channel update="i" site="tv.i.ua" site_id="/stb" xmltv_id="СТБ">СТБ</channel>
    <channel update="i" site="tv.i.ua" site_id="/ictv" xmltv_id="ICTV">ICTV</channel>
    <channel update="i" site="tv.i.ua" site_id="/novy" xmltv_id="Новый канал">Новый канал</channel>
    <channel update="i" site="tv.i.ua" site_id="/tonis" xmltv_id="Тонис">Тонис</channel>
    <channel update="i" site="tv.i.ua" site_id="/utr" xmltv_id="УТР">УТР</channel>
    <channel update="i" site="tv.i.ua" site_id="/kyiv-rus" xmltv_id="Киевская Русь">Киевская Русь</channel>
    <channel update="i" site="tv.i.ua" site_id="/ntn" xmltv_id="НТН">НТН</channel>
    <channel update="i" site="tv.i.ua" site_id="/k1" xmltv_id="K1">K1</channel>
    <channel update="i" site="tv.i.ua" site_id="/trk-ukraina" xmltv_id="Телеканал Украина">Телеканал Украина</channel>
    <channel update="i" site="tv.i.ua" site_id="/tvi" xmltv_id="TBi">TBi</channel>
    <channel update="i" site="tv.i.ua" site_id="/lviv-tb" xmltv_id="Львов-ТВ">Львов-ТВ</channel>
    <channel update="i" site="tv.i.ua" site_id="/espreso" xmltv_id="Еспресо TV">Еспресо TV</channel>
    <channel update="i" site="tv.i.ua" site_id="/m1" xmltv_id="M1">M1</channel>
    <channel update="i" site="tv.i.ua" site_id="/otv" xmltv_id="OTV">OTV</channel>
    <channel update="i" site="tv.i.ua" site_id="/mtv-russia" xmltv_id="MTV Россия">MTV Россия</channel>
    <channel update="i" site="tv.i.ua" site_id="/muz-tv" xmltv_id="Муз ТВ">Муз ТВ</channel>
    <channel update="i" site="tv.i.ua" site_id="/a-one" xmltv_id="A-One">A-One</channel>
    <channel update="i" site="tv.i.ua" site_id="/mezzo" xmltv_id="Mezzo">Mezzo</channel>
    <channel update="i" site="tv.i.ua" site_id="/mtv-ukr" xmltv_id="Zoom">Zoom</channel>
    <channel update="i" site="tv.i.ua" site_id="/music-box-ua" xmltv_id="Music Box UA">Music Box UA</channel>
    <channel update="i" site="tv.i.ua" site_id="/vh1-europe" xmltv_id="VH1 Europe">VH1 Europe</channel>
    <channel update="i" site="tv.i.ua" site_id="/bridge-tv" xmltv_id="BRIDGE TV">BRIDGE TV</channel>
    <channel update="i" site="tv.i.ua" site_id="/la-minor" xmltv_id="Ля-минор">Ля-минор</channel>
    <channel update="i" site="tv.i.ua" site_id="/mtv-hits" xmltv_id="MTV Hits">MTV Hits</channel>
    <channel update="i" site="tv.i.ua" site_id="/music-1" xmltv_id="Музыка Первого">Музыка Первого</channel>
    <channel update="i" site="tv.i.ua" site_id="/mtv-live" xmltv_id="MTV Live">MTV Live</channel>
    <channel update="i" site="tv.i.ua" site_id="/rusong-tv" xmltv_id="RUSONG TV">RUSONG TV</channel>
    <channel update="i" site="tv.i.ua" site_id="/mtv-dance" xmltv_id="MTV Dance">MTV Dance</channel>
    <channel update="i" site="tv.i.ua" site_id="/mtv-rocks" xmltv_id="MTV Rocks">MTV Rocks</channel>
    <channel update="i" site="tv.i.ua" site_id="/eurosport" xmltv_id="Eurosport">Eurosport</channel>
    <channel update="i" site="tv.i.ua" site_id="/extreme-sports" xmltv_id="Extreme Sports">Extreme Sports</channel>
    <channel update="i" site="tv.i.ua" site_id="/dsf" xmltv_id="ДСФ">ДСФ</channel>
    <channel update="i" site="tv.i.ua" site_id="/rtr-sport" xmltv_id="РТР-спорт">РТР-спорт</channel>
    <channel update="i" site="tv.i.ua" site_id="/sport-planeta" xmltv_id="Спорт - Планета">Спорт - Планета</channel>
    <channel update="i" site="tv.i.ua" site_id="/football" xmltv_id="Футбол 1">Футбол 1</channel>
    <channel update="i" site="tv.i.ua" site_id="/eurosport2" xmltv_id="Eurosport2">Eurosport2</channel>
    <channel update="i" site="tv.i.ua" site_id="/planeta----sport-ukraina" xmltv_id="Планета -- Спорт Украина">Планета -- Спорт Украина</channel>
    <channel update="i" site="tv.i.ua" site_id="/ntv+sport" xmltv_id="НТВ+Спорт">НТВ+Спорт</channel>
    <channel update="i" site="tv.i.ua" site_id="/russkij-ekstrim" xmltv_id="Русский Экстрим">Русский Экстрим</channel>
    <channel update="i" site="tv.i.ua" site_id="/sport-2" xmltv_id="Спорт-2">Спорт-2</channel>
    <channel update="i" site="tv.i.ua" site_id="/espn-classic" xmltv_id="ESPN Classic (закрыт)">ESPN Classic (закрыт)</channel>
    <channel update="i" site="tv.i.ua" site_id="/viasat-sport" xmltv_id="Viasat Sport">Viasat Sport</channel>
    <channel update="i" site="tv.i.ua" site_id="/bighockey" xmltv_id="XSPORT">XSPORT</channel>
    <channel update="i" site="tv.i.ua" site_id="/sport-1" xmltv_id="Спорт-1">Спорт-1</channel>
    <channel update="i" site="tv.i.ua" site_id="/nash-football" xmltv_id="Наш Футбол">Наш Футбол</channel>
    <channel update="i" site="tv.i.ua" site_id="/football-plus" xmltv_id="Футбол 2">Футбол 2</channel>
    <channel update="i" site="tv.i.ua" site_id="/ntv+basketball" xmltv_id="НТВ+Баскетбол">НТВ+Баскетбол</channel>
    <channel update="i" site="tv.i.ua" site_id="/ntv+tennis" xmltv_id="НТВ+Теннис">НТВ+Теннис</channel>
    <channel update="i" site="tv.i.ua" site_id="/ntv+football2" xmltv_id="НТВ+Футбол 2">НТВ+Футбол 2</channel>
    <channel update="i" site="tv.i.ua" site_id="/ntv+football" xmltv_id="НТВ+Футбол">НТВ+Футбол</channel>
    <channel update="i" site="tv.i.ua" site_id="/hd-sport" xmltv_id="HD Спорт">HD Спорт</channel>
    <channel update="i" site="tv.i.ua" site_id="/sport-union" xmltv_id="Спорт Союз">Спорт Союз</channel>
    <channel update="i" site="tv.i.ua" site_id="/ntv+sport-online" xmltv_id="НТВ+Спорт Онлайн">НТВ+Спорт Онлайн</channel>
    <channel update="i" site="tv.i.ua" site_id="/sport+" xmltv_id="СПОРТ ПЛЮС">СПОРТ ПЛЮС</channel>
    <channel update="i" site="tv.i.ua" site_id="/boets" xmltv_id="Боец">Боец</channel>
    <channel update="i" site="tv.i.ua" site_id="/enter-film" xmltv_id="Enter-фильм">Enter-фильм</channel>
    <channel update="i" site="tv.i.ua" site_id="/hallmark" xmltv_id="Hallmark">Hallmark</channel>
    <channel update="i" site="tv.i.ua" site_id="/dom-kino" xmltv_id="Дом Кино">Дом Кино</channel>
    <channel update="i" site="tv.i.ua" site_id="/kinoklub" xmltv_id="Киноклуб">Киноклуб</channel>
    <channel update="i" site="tv.i.ua" site_id="/kinosojuz" xmltv_id="Киносоюз">Киносоюз</channel>
    <channel update="i" site="tv.i.ua" site_id="/kinohit" xmltv_id="Кинохит">Кинохит</channel>
    <channel update="i" site="tv.i.ua" site_id="/nashe-kino" xmltv_id="Наше Кино">Наше Кино</channel>
    <channel update="i" site="tv.i.ua" site_id="/premjera" xmltv_id="Премьера">Премьера</channel>
    <channel update="i" site="tv.i.ua" site_id="/retro" xmltv_id="Ретро">Ретро</channel>
    <channel update="i" site="tv.i.ua" site_id="/romantika" xmltv_id="Романтика">Романтика</channel>
    <channel update="i" site="tv.i.ua" site_id="/teleklub" xmltv_id="Телеклуб">Телеклуб</channel>
    <channel update="i" site="tv.i.ua" site_id="/anx-sci-fi" xmltv_id="Sony Sci-Fi">Sony Sci-Fi</channel>
    <channel update="i" site="tv.i.ua" site_id="/komedija-tv" xmltv_id="КОМЕДИЯ-ТВ">КОМЕДИЯ-ТВ</channel>
    <channel update="i" site="tv.i.ua" site_id="/mgm" xmltv_id="MGM">MGM</channel>
    <channel update="i" site="tv.i.ua" site_id="/mnogotv" xmltv_id="МногоТВ">МногоТВ</channel>
    <channel update="i" site="tv.i.ua" site_id="/tv-xxi" xmltv_id="TV XXI">TV XXI</channel>
    <channel update="i" site="tv.i.ua" site_id="/tv1000" xmltv_id="TV1000">TV1000</channel>
    <channel update="i" site="tv.i.ua" site_id="/tv1000-action" xmltv_id="TV1000 Action">TV1000 Action</channel>
    <channel update="i" site="tv.i.ua" site_id="/tv1000-rus" xmltv_id="TV1000 Rus">TV1000 Rus</channel>
    <channel update="i" site="tv.i.ua" site_id="/nashe-kino-k" xmltv_id="Наше Кино">Наше Кино</channel>
    <channel update="i" site="tv.i.ua" site_id="/ntv+nashe-kino" xmltv_id="НТВ+НАШЕ КИНО">НТВ+НАШЕ КИНО</channel>
    <channel update="i" site="tv.i.ua" site_id="/questions" xmltv_id="Вопросы и ответы">Вопросы и ответы</channel>
    <channel update="i" site="tv.i.ua" site_id="/feniks-art" xmltv_id="Феникс-Арт">Феникс-Арт</channel>
    <channel update="i" site="tv.i.ua" site_id="/fox-crime" xmltv_id="Fox Crime">Fox Crime</channel>
    <channel update="i" site="tv.i.ua" site_id="/fox-life" xmltv_id="Fox Life">Fox Life</channel>
    <channel update="i" site="tv.i.ua" site_id="/nashe-novoe-kino" xmltv_id="НТВ+Наше новое кино">НТВ+Наше новое кино</channel>
    <channel update="i" site="tv.i.ua" site_id="/sony_ent" xmltv_id="Sony Entertainment Television">Sony Entertainment Television</channel>
    <channel update="i" site="tv.i.ua" site_id="/kino-plus" xmltv_id="КИНО ПЛЮС">КИНО ПЛЮС</channel>
    <channel update="i" site="tv.i.ua" site_id="/kinoreis2" xmltv_id="Кинорейс 2">Кинорейс 2</channel>
    <channel update="i" site="tv.i.ua" site_id="/kinoreis4" xmltv_id="Кинорейс 4">Кинорейс 4</channel>
    <channel update="i" site="tv.i.ua" site_id="/kinolux" xmltv_id="КИНОЛЮКС">КИНОЛЮКС</channel>
    <channel update="i" site="tv.i.ua" site_id="/kinoreis5" xmltv_id="Кинорейс 5">Кинорейс 5</channel>
    <channel update="i" site="tv.i.ua" site_id="/eurokino" xmltv_id="ЕвроКино">ЕвроКино</channel>
    <channel update="i" site="tv.i.ua" site_id="/hdkino2" xmltv_id="HD Кино 2">HD Кино 2</channel>
    <channel update="i" site="tv.i.ua" site_id="/hdkino" xmltv_id="HD Кино">HD Кино</channel>
    <channel update="i" site="tv.i.ua" site_id="/kinoreis1" xmltv_id="Кинорейс 1">Кинорейс 1</channel>
    <channel update="i" site="tv.i.ua" site_id="/kinoreis3" xmltv_id="Кинорейс 3">Кинорейс 3</channel>
    <channel update="i" site="tv.i.ua" site_id="/mnogoseriynoetv" xmltv_id="МНОГОсерийное ТВ">МНОГОсерийное ТВ</channel>
    <channel update="i" site="tv.i.ua" site_id="/cartoon-network" xmltv_id="Cartoon network">Cartoon network</channel>
    <channel update="i" site="tv.i.ua" site_id="/jetix" xmltv_id="JETIX">JETIX</channel>
    <channel update="i" site="tv.i.ua" site_id="/jetix-play" xmltv_id="JETIX PLAY">JETIX PLAY</channel>
    <channel update="i" site="tv.i.ua" site_id="/nickelodeon" xmltv_id="Nickelodeon">Nickelodeon</channel>
    <channel update="i" site="tv.i.ua" site_id="/detskij-kanal" xmltv_id="Детский канал">Детский канал</channel>
    <channel update="i" site="tv.i.ua" site_id="/detskij-mir" xmltv_id="Детский Мир">Детский Мир</channel>
    <channel update="i" site="tv.i.ua" site_id="/detsky" xmltv_id="Detsky">Detsky</channel>
    <channel update="i" site="tv.i.ua" site_id="/telenjanja" xmltv_id="Карусель (Теленяня)">Карусель (Теленяня)</channel>
    <channel update="i" site="tv.i.ua" site_id="/detskij" xmltv_id="Детский">Детский</channel>
    <channel update="i" site="tv.i.ua" site_id="/qtv" xmltv_id="QTV">QTV</channel>
    <channel update="i" site="tv.i.ua" site_id="/disney" xmltv_id="Disney">Disney</channel>
    <channel update="i" site="tv.i.ua" site_id="/plusplus" xmltv_id="ПЛЮСПЛЮС">ПЛЮСПЛЮС</channel>
    <channel update="i" site="tv.i.ua" site_id="/baby-tv" xmltv_id="Baby TV">Baby TV</channel>
    <channel update="i" site="tv.i.ua" site_id="/maliatko-tv" xmltv_id="МАЛЯТКО ТV">МАЛЯТКО ТV</channel>
    <channel update="i" site="tv.i.ua" site_id="/kyiv" xmltv_id="Киев">Киев</channel>
    <channel update="i" site="tv.i.ua" site_id="/tv4" xmltv_id="TV-4">TV-4</channel>
    <channel update="i" site="tv.i.ua" site_id="/27-channel" xmltv_id="27 канал">27 канал</channel>
    <channel update="i" site="tv.i.ua" site_id="/krym" xmltv_id="Крым">Крым</channel>
    <channel update="i" site="tv.i.ua" site_id="/tysa1" xmltv_id="Тиса">Тиса</channel>
    <channel update="i" site="tv.i.ua" site_id="/zodtrk" xmltv_id="Запорожская ОГТРК">Запорожская ОГТРК</channel>
    <channel update="i" site="tv.i.ua" site_id="/kodtrk" xmltv_id="Кировоградская ОГТРК">Кировоградская ОГТРК</channel>
    <channel update="i" site="tv.i.ua" site_id="/modtrk" xmltv_id="Николаев">Николаев</channel>
    <channel update="i" site="tv.i.ua" site_id="/oodtrk" xmltv_id="Одесская ОГТРК">Одесская ОГТРК</channel>
    <channel update="i" site="tv.i.ua" site_id="/todtrk" xmltv_id="Тернопольская ОГТРК">Тернопольская ОГТРК</channel>
    <channel update="i" site="tv.i.ua" site_id="/otb" xmltv_id="&quot;ОТБ&quot; Харьков">"ОТБ" Харьков</channel>
    <channel update="i" site="tv.i.ua" site_id="/hodtrk" xmltv_id="&quot;Подолье-Центр&quot; Хмельницк">"Подолье-Центр" Хмельницк</channel>
    <channel update="i" site="tv.i.ua" site_id="/bukovyna" xmltv_id="&quot;Буковина&quot; Черновцы">"Буковина" Черновцы</channel>
    <channel update="i" site="tv.i.ua" site_id="/chernigov" xmltv_id="Чернигов-ТВ">Чернигов-ТВ</channel>
    <channel update="i" site="tv.i.ua" site_id="/sumi" xmltv_id="Сумы">Сумы</channel>
    <channel update="i" site="tv.i.ua" site_id="/rovno" xmltv_id="Ровно">Ровно</channel>
    <channel update="i" site="tv.i.ua" site_id="/poltava" xmltv_id="Полтава">Полтава</channel>
    <channel update="i" site="tv.i.ua" site_id="/zhytomyr" xmltv_id="Житомир">Житомир</channel>
    <channel update="i" site="tv.i.ua" site_id="/dp11" xmltv_id="Днепропетровск 11 канал">Днепропетровск 11 канал</channel>
    <channel update="i" site="tv.i.ua" site_id="/novavolyn" xmltv_id="Волынь">Волынь</channel>
    <channel update="i" site="tv.i.ua" site_id="/neapol" xmltv_id="Неаполь">Неаполь</channel>
    <channel update="i" site="tv.i.ua" site_id="/9-kanal" xmltv_id="9 канал">9 канал</channel>
    <channel update="i" site="tv.i.ua" site_id="/nta" xmltv_id="НТА">НТА</channel>
    <channel update="i" site="tv.i.ua" site_id="/trk-chernomorska" xmltv_id="Черноморская ТРК">Черноморская ТРК</channel>
    <channel update="i" site="tv.i.ua" site_id="/armenia-tv" xmltv_id="Армения ТВ">Армения ТВ</channel>
    <channel update="i" site="tv.i.ua" site_id="/itv" xmltv_id="ИТВ">ИТВ</channel>
    <channel update="i" site="tv.i.ua" site_id="/enter" xmltv_id="Enter">Enter</channel>
    <channel update="i" site="tv.i.ua" site_id="/mega" xmltv_id="Мега">Мега</channel>
    <channel update="i" site="tv.i.ua" site_id="/k2" xmltv_id="K2">K2</channel>
    <channel update="i" site="tv.i.ua" site_id="/ort" xmltv_id="Первый канал Европа">Первый канал Европа</channel>
    <channel update="i" site="tv.i.ua" site_id="/ntv-mir" xmltv_id="НТВ Мир">НТВ Мир</channel>
    <channel update="i" site="tv.i.ua" site_id="/rtr-planeta" xmltv_id="РТР Планета">РТР Планета</channel>
    <channel update="i" site="tv.i.ua" site_id="/tvp-1" xmltv_id="TVP-1">TVP-1</channel>
    <channel update="i" site="tv.i.ua" site_id="/tvp-2" xmltv_id="TVP-2">TVP-2</channel>
    <channel update="i" site="tv.i.ua" site_id="/ajara" xmltv_id="Ajara TV">Ajara TV</channel>
    <channel update="i" site="tv.i.ua" site_id="/animal-planet" xmltv_id="Animal Planet">Animal Planet</channel>
    <channel update="i" site="tv.i.ua" site_id="/bbc-world" xmltv_id="BBC World">BBC World</channel>
    <channel update="i" site="tv.i.ua" site_id="/cnl" xmltv_id="CNL">CNL</channel>
    <channel update="i" site="tv.i.ua" site_id="/deutsche-welle" xmltv_id="Deutsche Welle">Deutsche Welle</channel>
    <channel update="i" site="tv.i.ua" site_id="/discovery-civilisation" xmltv_id="Discovery Civilisation">Discovery Civilisation</channel>
    <channel update="i" site="tv.i.ua" site_id="/discovery-travel-and-living" xmltv_id="Discovery Travel and Living">Discovery Travel and Living</channel>
    <channel update="i" site="tv.i.ua" site_id="/discovery-science" xmltv_id="Discovery Science">Discovery Science</channel>
    <channel update="i" site="tv.i.ua" site_id="/drive" xmltv_id="Drive">Drive</channel>
    <channel update="i" site="tv.i.ua" site_id="/polonia" xmltv_id="Polonia">Polonia</channel>
    <channel update="i" site="tv.i.ua" site_id="/polsat" xmltv_id="Polsat">Polsat</channel>
    <channel update="i" site="tv.i.ua" site_id="/rambler" xmltv_id="Rambler">Rambler</channel>
    <channel update="i" site="tv.i.ua" site_id="/zone-reality" xmltv_id="CBS Reality">CBS Reality</channel>
    <channel update="i" site="tv.i.ua" site_id="/ren-tv" xmltv_id="Ren TV">Ren TV</channel>
    <channel update="i" site="tv.i.ua" site_id="/style" xmltv_id="Style">Style</channel>
    <channel update="i" site="tv.i.ua" site_id="/travel-channel" xmltv_id="Travel Channel">Travel Channel</channel>
    <channel update="i" site="tv.i.ua" site_id="/tv-5" xmltv_id="TV-5">TV-5</channel>
    <channel update="i" site="tv.i.ua" site_id="/belarus-tv" xmltv_id="Беларусь-ТВ">Беларусь-ТВ</channel>
    <channel update="i" site="tv.i.ua" site_id="/zvezda" xmltv_id="Звезда">Звезда</channel>
    <channel update="i" site="tv.i.ua" site_id="/zdorovje" xmltv_id="Здоровье">Здоровье</channel>
    <channel update="i" site="tv.i.ua" site_id="/inter-plus" xmltv_id="Интер +">Интер +</channel>
    <channel update="i" site="tv.i.ua" site_id="/kultura-tv" xmltv_id="Культура">Культура</channel>
    <channel update="i" site="tv.i.ua" site_id="/lad" xmltv_id="ЛАД">ЛАД</channel>
    <channel update="i" site="tv.i.ua" site_id="/mir" xmltv_id="Мир">Мир</channel>
    <channel update="i" site="tv.i.ua" site_id="/nostalgija" xmltv_id="Ностальгия">Ностальгия</channel>
    <channel update="i" site="tv.i.ua" site_id="/ntv" xmltv_id="НТВ">НТВ</channel>
    <channel update="i" site="tv.i.ua" site_id="/ont" xmltv_id="ОНТ">ОНТ</channel>
    <channel update="i" site="tv.i.ua" site_id="/ohota-i-rybalka" xmltv_id="Охота и Рыбалка">Охота и Рыбалка</channel>
    <channel update="i" site="tv.i.ua" site_id="/pervyj-kanal" xmltv_id="Первый канал (Россия)">Первый канал (Россия)</channel>
    <channel update="i" site="tv.i.ua" site_id="/rbk" xmltv_id="РБК">РБК</channel>
    <channel update="i" site="tv.i.ua" site_id="/rtv-int" xmltv_id="РТВ-Международное">РТВ-Международное</channel>
    <channel update="i" site="tv.i.ua" site_id="/stv-belorus" xmltv_id="СТВ-Беларусь">СТВ-Беларусь</channel>
    <channel update="i" site="tv.i.ua" site_id="/sts" xmltv_id="СТС">СТС</channel>
    <channel update="i" site="tv.i.ua" site_id="/tv3-moskva" xmltv_id="ТВ-3 Москва">ТВ-3 Москва</channel>
    <channel update="i" site="tv.i.ua" site_id="/tv-centr" xmltv_id="ТВ-Центр">ТВ-Центр</channel>
    <channel update="i" site="tv.i.ua" site_id="/tdk" xmltv_id="ТДК">ТДК</channel>
    <channel update="i" site="tv.i.ua" site_id="/tnt" xmltv_id="ТНТ">ТНТ</channel>
    <channel update="i" site="tv.i.ua" site_id="/shkolnik-tv" xmltv_id="Школьник-ТВ">Школьник-ТВ</channel>
    <channel update="i" site="tv.i.ua" site_id="/24-ubc" xmltv_id="24 UBC">24 UBC</channel>
    <channel update="i" site="tv.i.ua" site_id="/7tv" xmltv_id="7TV">7TV</channel>
    <channel update="i" site="tv.i.ua" site_id="/aljazeera" xmltv_id="AlJazeera">AlJazeera</channel>
    <channel update="i" site="tv.i.ua" site_id="/bbc-prime" xmltv_id="BBC Prime">BBC Prime</channel>
    <channel update="i" site="tv.i.ua" site_id="/bloomberg" xmltv_id="Bloomberg">Bloomberg</channel>
    <channel update="i" site="tv.i.ua" site_id="/siti" xmltv_id="Сити">Сити</channel>
    <channel update="i" site="tv.i.ua" site_id="/cnn" xmltv_id="CNN">CNN</channel>
    <channel update="i" site="tv.i.ua" site_id="/discovery" xmltv_id="Discovery">Discovery</channel>
    <channel update="i" site="tv.i.ua" site_id="/discovery-world" xmltv_id="Discovery World">Discovery World</channel>
    <channel update="i" site="tv.i.ua" site_id="/euronews" xmltv_id="Euronews">Euronews</channel>
    <channel update="i" site="tv.i.ua" site_id="/fashion-tv-europe" xmltv_id="Fashion TV Europe">Fashion TV Europe</channel>
    <channel update="i" site="tv.i.ua" site_id="/france-24" xmltv_id="France 24">France 24</channel>
    <channel update="i" site="tv.i.ua" site_id="/2+2" xmltv_id="2+2">2+2</channel>
    <channel update="i" site="tv.i.ua" site_id="/motors-tv" xmltv_id="Motors TV">Motors TV</channel>
    <channel update="i" site="tv.i.ua" site_id="/psychology21" xmltv_id="Психология21">Психология21</channel>
    <channel update="i" site="tv.i.ua" site_id="/russkij-illjuzion1" xmltv_id="Русский Иллюзион">Русский Иллюзион</channel>
    <channel update="i" site="tv.i.ua" site_id="/sarafan" xmltv_id="Sarafan">Sarafan</channel>
    <channel update="i" site="tv.i.ua" site_id="/tdk-1" xmltv_id="TDK">TDK</channel>
    <channel update="i" site="tv.i.ua" site_id="/tehno-24" xmltv_id="24 Техно">24 Техно</channel>
    <channel update="i" site="tv.i.ua" site_id="/the-adult-channel" xmltv_id="The Adult Channel">The Adult Channel</channel>
    <channel update="i" site="tv.i.ua" site_id="/tvci-(tvts-mezhdunarodnyj)" xmltv_id="TVCi (ТВЦ международный)">TVCi (ТВЦ международный)</channel>
    <channel update="i" site="tv.i.ua" site_id="/viasat-explorer" xmltv_id="Viasat Explorer">Viasat Explorer</channel>
    <channel update="i" site="tv.i.ua" site_id="/viasat-history" xmltv_id="Viasat History">Viasat History</channel>
    <channel update="i" site="tv.i.ua" site_id="/wedding-tv" xmltv_id="Wedding TV">Wedding TV</channel>
    <channel update="i" site="tv.i.ua" site_id="/xxl" xmltv_id="XXL">XXL</channel>
    <channel update="i" site="tv.i.ua" site_id="/zone-club" xmltv_id="Zone Club">Zone Club</channel>
    <channel update="i" site="tv.i.ua" site_id="/glas" xmltv_id="Глас">Глас</channel>
    <channel update="i" site="tv.i.ua" site_id="/dtv" xmltv_id="ДТВ">ДТВ</channel>
    <channel update="i" site="tv.i.ua" site_id="/zdorovoe-televidenie" xmltv_id="Здоровое телевидение">Здоровое телевидение</channel>
    <channel update="i" site="tv.i.ua" site_id="/mat-i-ditja" xmltv_id="Мать и Дитя">Мать и Дитя</channel>
    <channel update="i" site="tv.i.ua" site_id="/menju-tv" xmltv_id="МЕНЮ-ТВ">МЕНЮ-ТВ</channel>
    <channel update="i" site="tv.i.ua" site_id="/mtrk-mir" xmltv_id="МТРК &quot;Мир&quot;">МТРК "Мир"</channel>
    <channel update="i" site="tv.i.ua" site_id="/nstv" xmltv_id="НСТВ">НСТВ</channel>
    <channel update="i" site="tv.i.ua" site_id="/nst-nastojaschee-smeshnoe-televidenie" xmltv_id="НСТ-Настоящее Смешное Телевидение">НСТ-Настоящее Смешное Телевидение</channel>
    <channel update="i" site="tv.i.ua" site_id="/nsttv" xmltv_id="НСтТВ">НСтТВ</channel>
    <channel update="i" site="tv.i.ua" site_id="/park-razvlechenij" xmltv_id="Парк Развлечений">Парк Развлечений</channel>
    <channel update="i" site="tv.i.ua" site_id="/pervyj-avtomobilnyj" xmltv_id="Первый автомобильный">Первый автомобильный</channel>
    <channel update="i" site="tv.i.ua" site_id="/russkij-illjuzion" xmltv_id="Русский Иллюзион">Русский Иллюзион</channel>
    <channel update="i" site="tv.i.ua" site_id="/sovershenno-sekretno" xmltv_id="Совершенно Секретно">Совершенно Секретно</channel>
    <channel update="i" site="tv.i.ua" site_id="/usadba" xmltv_id="Усадьба">Усадьба</channel>
    <channel update="i" site="tv.i.ua" site_id="/domashnie-shivotnye" xmltv_id="Домашние животные">Домашние животные</channel>
    <channel update="i" site="tv.i.ua" site_id="/national-geographic" xmltv_id="National Geographic">National Geographic</channel>
    <channel update="i" site="tv.i.ua" site_id="/ru-tv" xmltv_id="RU TV">RU TV</channel>
    <channel update="i" site="tv.i.ua" site_id="/pervyj-delovoj" xmltv_id="Первый деловой">Первый деловой</channel>
    <channel update="i" site="tv.i.ua" site_id="/kiko" xmltv_id="Kiko">Kiko</channel>
    <channel update="i" site="tv.i.ua" site_id="/ok" xmltv_id="OK">OK</channel>
    <channel update="i" site="tv.i.ua" site_id="/sci-fi" xmltv_id="Sci Fi">Sci Fi</channel>
    <channel update="i" site="tv.i.ua" site_id="/universal" xmltv_id="Universal">Universal</channel>
    <channel update="i" site="tv.i.ua" site_id="/smash-tv" xmltv_id="SMASH!TV">SMASH!TV</channel>
    <channel update="i" site="tv.i.ua" site_id="/maxxi-tv" xmltv_id="Маххі ТВ">Маххі ТВ</channel>
    <channel update="i" site="tv.i.ua" site_id="/rtr-planeta-s" xmltv_id="РТР Планета (Спутник)">РТР Планета (Спутник)</channel>
    <channel update="i" site="tv.i.ua" site_id="/viasat-nature" xmltv_id="Viasat Nature">Viasat Nature</channel>
    <channel update="i" site="tv.i.ua" site_id="/amedia" xmltv_id="AMEDIA">AMEDIA</channel>
    <channel update="i" site="tv.i.ua" site_id="/diva" xmltv_id="Diva Universal">Diva Universal</channel>
    <channel update="i" site="tv.i.ua" site_id="/fine_living_net" xmltv_id="Fine Living Network">Fine Living Network</channel>
    <channel update="i" site="tv.i.ua" site_id="/syfy" xmltv_id="Syfy (закрыт)">Syfy (закрыт)</channel>
    <channel update="i" site="tv.i.ua" site_id="/russia2" xmltv_id="Россия 2">Россия 2</channel>
    <channel update="i" site="tv.i.ua" site_id="/skifiya" xmltv_id="Скифия">Скифия</channel>
    <channel update="i" site="tv.i.ua" site_id="/avers" xmltv_id="Аверс">Аверс</channel>
    <channel update="i" site="tv.i.ua" site_id="/galtv" xmltv_id="Галичина">Галичина</channel>
    <channel update="i" site="tv.i.ua" site_id="/krdtrk" xmltv_id="КРДТРК">КРДТРК</channel>
    <channel update="i" site="tv.i.ua" site_id="/trkkyiv" xmltv_id="ТРК Київ">ТРК Київ</channel>
    <channel update="i" site="tv.i.ua" site_id="/picsel" xmltv_id="Пиксель">Пиксель</channel>
    <channel update="i" site="tv.i.ua" site_id="/k24" xmltv_id="Канал 24">Канал 24</channel>
    <channel update="i" site="tv.i.ua" site_id="/discovery-ukraine" xmltv_id="Discovery Channel (Ukraine)">Discovery Channel (Ukraine)</channel>
    <channel update="i" site="tv.i.ua" site_id="/nastoyashee-strshnoe" xmltv_id="Настоящее Страшное ТВ">Настоящее Страшное ТВ</channel>
    <channel update="i" site="tv.i.ua" site_id="/rtvi" xmltv_id="RTVI">RTVI</channel>
    <channel update="i" site="tv.i.ua" site_id="/biz-tv" xmltv_id="Biz TV">Biz TV</channel>
    <channel update="i" site="tv.i.ua" site_id="/business-kiev" xmltv_id="Business-Kiev">Business-Kiev</channel>
    <channel update="i" site="tv.i.ua" site_id="/nat-geo-wild" xmltv_id="Nat Geo Wild">Nat Geo Wild</channel>
    <channel update="i" site="tv.i.ua" site_id="/chp-info" xmltv_id="ЧП.INFO">ЧП.INFO</channel>
    <channel update="i" site="tv.i.ua" site_id="/pro-vse" xmltv_id="PRO Все">PRO Все</channel>
    <channel update="i" site="tv.i.ua" site_id="/planeta" xmltv_id="Планета">Планета</channel>
    <channel update="i" site="tv.i.ua" site_id="/2t" xmltv_id="2Т">2Т</channel>
    <channel update="i" site="tv.i.ua" site_id="/gamma" xmltv_id="Гамма">Гамма</channel>
    <channel update="i" site="tv.i.ua" site_id="/ubr" xmltv_id="УБР">УБР</channel>
    <channel update="i" site="tv.i.ua" site_id="/gumor-tv" xmltv_id="ГУМОР ТБ">ГУМОР ТБ</channel>
    <channel update="i" site="tv.i.ua" site_id="/investigation-discovery" xmltv_id="Investigation Discovery">Investigation Discovery</channel>
    <channel update="i" site="tv.i.ua" site_id="/tlc" xmltv_id="TLC">TLC</channel>
    <channel update="i" site="tv.i.ua" site_id="/pogoda-tv" xmltv_id="ПОГОДА ТБ">ПОГОДА ТБ</channel>
    <channel update="i" site="tv.i.ua" site_id="/my-planeta" xmltv_id="Моя Планета">Моя Планета</channel>
    <channel update="i" site="tv.i.ua" site_id="/khl" xmltv_id="КХЛ">КХЛ</channel>
    <channel update="i" site="tv.i.ua" site_id="/comedy-tv" xmltv_id="Comedy TV">Comedy TV</channel>
    <channel update="i" site="tv.i.ua" site_id="/fashion-one" xmltv_id="Fashion One">Fashion One</channel>
    <channel update="i" site="tv.i.ua" site_id="/zik" xmltv_id="ZIK">ZIK</channel>
    <channel update="i" site="tv.i.ua" site_id="/outdoor-channel" xmltv_id="Outdoor Channel">Outdoor Channel</channel>
    <channel update="i" site="tv.i.ua" site_id="/ewtn-inc" xmltv_id="EWTN Inc">EWTN Inc</channel>
    <channel update="i" site="tv.i.ua" site_id="/my-dytyna" xmltv_id="МОЯ ДИТИНА">МОЯ ДИТИНА</channel>
    <channel update="i" site="tv.i.ua" site_id="/dobro-tv" xmltv_id="Dobro TV">Dobro TV</channel>
    <channel update="i" site="tv.i.ua" site_id="/ukrainian-fashion" xmltv_id="Ukrainian Fashion">Ukrainian Fashion</channel>
    <channel update="i" site="tv.i.ua" site_id="/nick-junior" xmltv_id="Nick Junior">Nick Junior</channel>
    <channel update="i" site="tv.i.ua" site_id="/radist-my" xmltv_id="Радость моя">Радость моя</channel>
    <channel update="i" site="tv.i.ua" site_id="/stream-russian-life" xmltv_id="Stream Russian Life">Stream Russian Life</channel>
    <channel update="i" site="tv.i.ua" site_id="/stv" xmltv_id="СТВ">СТВ</channel>
    <channel update="i" site="tv.i.ua" site_id="/illusion-plus" xmltv_id="Иллюзион +">Иллюзион +</channel>
    <channel update="i" site="tv.i.ua" site_id="/indiatv" xmltv_id="Индия ТВ">Индия ТВ</channel>
    <channel update="i" site="tv.i.ua" site_id="/egoist" xmltv_id="Эгоист ТВ">Эгоист ТВ</channel>
    <channel update="i" site="tv.i.ua" site_id="/tv21m" xmltv_id="ТВ-21 М">ТВ-21 М</channel>
    <channel update="i" site="tv.i.ua" site_id="/zone-romantica" xmltv_id="ZONE Romantica (закрыт)">ZONE Romantica (закрыт)</channel>
    <channel update="i" site="tv.i.ua" site_id="/boitsovskiy-club" xmltv_id="Бойцовский клуб">Бойцовский клуб</channel>
    <channel update="i" site="tv.i.ua" site_id="/365days-tv" xmltv_id="365 дней ТВ">365 дней ТВ</channel>
    <channel update="i" site="tv.i.ua" site_id="/intresting-tv" xmltv_id="Интересное ТВ">Интересное ТВ</channel>
    <channel update="i" site="tv.i.ua" site_id="/rtg-tv" xmltv_id="RTG TV">RTG TV</channel>
    <channel update="i" site="tv.i.ua" site_id="/nauka2" xmltv_id="Наука 2.0">Наука 2.0</channel>
    <channel update="i" site="tv.i.ua" site_id="/prosveshenie" xmltv_id="Просвещение">Просвещение</channel>
    <channel update="i" site="tv.i.ua" site_id="/auto+" xmltv_id="Авто Плюс">Авто Плюс</channel>
    <channel update="i" site="tv.i.ua" site_id="/zakon-tv" xmltv_id="Закон ТВ">Закон ТВ</channel>
    <channel update="i" site="tv.i.ua" site_id="/ocean-tv" xmltv_id="OCEAN-TV">OCEAN-TV</channel>
    <channel update="i" site="tv.i.ua" site_id="/da-vinchi" xmltv_id="Телеканал Да Винчи">Телеканал Да Винчи</channel>
    <channel update="i" site="tv.i.ua" site_id="/24dok" xmltv_id="24 ДОК">24 ДОК</channel>
    <channel update="i" site="tv.i.ua" site_id="/time" xmltv_id="ВРЕМЯ">ВРЕМЯ</channel>
    <channel update="i" site="tv.i.ua" site_id="/cusine-tv" xmltv_id="Кухня-ТВ">Кухня-ТВ</channel>
    <channel update="i" site="tv.i.ua" site_id="/rtd" xmltv_id="RTД">RTД</channel>
    <channel update="i" site="tv.i.ua" site_id="/first-educational" xmltv_id="Первый образовательный">Первый образовательный</channel>
    <channel update="i" site="tv.i.ua" site_id="/vh1-european" xmltv_id="VH1 European">VH1 European</channel>
    <channel update="i" site="tv.i.ua" site_id="/first-meteo" xmltv_id="Первый МЕТЕО">Первый МЕТЕО</channel>
    <channel update="i" site="tv.i.ua" site_id="/rain" xmltv_id="Дождь">Дождь</channel>
    <channel update="i" site="tv.i.ua" site_id="/moscow24" xmltv_id="Москва 24">Москва 24</channel>
    <channel update="i" site="tv.i.ua" site_id="/tiji-tv" xmltv_id="Tiji TV">Tiji TV</channel>
    <channel update="i" site="tv.i.ua" site_id="/gulli" xmltv_id="Gulli">Gulli</channel>
    <channel update="i" site="tv.i.ua" site_id="/jimjam" xmltv_id="JimJam">JimJam</channel>
    <channel update="i" site="tv.i.ua" site_id="/domashniy" xmltv_id="Домашний">Домашний</channel>
    <channel update="i" site="tv.i.ua" site_id="/tv5monde" xmltv_id="TV5MONDE">TV5MONDE</channel>
    <channel update="i" site="tv.i.ua" site_id="/cctv4" xmltv_id="CCTV4">CCTV4</channel>
    <channel update="i" site="tv.i.ua" site_id="/spas" xmltv_id="СПАС">СПАС</channel>
    <channel update="i" site="tv.i.ua" site_id="/3-channel" xmltv_id="3 канал">3 канал</channel>
    <channel update="i" site="tv.i.ua" site_id="/tnv" xmltv_id="ТНВ">ТНВ</channel>
    <channel update="i" site="tv.i.ua" site_id="/telekafe" xmltv_id="Телекафе">Телекафе</channel>
    <channel update="i" site="tv.i.ua" site_id="/uspex" xmltv_id="Успех">Успех</channel>
    <channel update="i" site="tv.i.ua" site_id="/2x2" xmltv_id="2Х2">2Х2</channel>
    <channel update="i" site="tv.i.ua" site_id="/8" xmltv_id="8">8</channel>
    <channel update="i" site="tv.i.ua" site_id="/amazing-life" xmltv_id="Amazing Life">Amazing Life</channel>
    <channel update="i" site="tv.i.ua" site_id="/lider-tv-rf" xmltv_id="ЛИДЕР ТВ - РФ">ЛИДЕР ТВ - РФ</channel>
    <channel update="i" site="tv.i.ua" site_id="/zagorodnay-life" xmltv_id="Загородная жизнь">Загородная жизнь</channel>
    <channel update="i" site="tv.i.ua" site_id="/nhk-world-tv" xmltv_id="NHK WORLD TV">NHK WORLD TV</channel>
    <channel update="i" site="tv.i.ua" site_id="/live" xmltv_id="ЖИВИ!">ЖИВИ!</channel>
    <channel update="i" site="tv.i.ua" site_id="/info-channel" xmltv_id="Инфоканал">Инфоканал</channel>
    <channel update="i" site="tv.i.ua" site_id="/world-fashion-channel" xmltv_id="World Fashion Channel">World Fashion Channel</channel>
    <channel update="i" site="tv.i.ua" site_id="/who-is-who" xmltv_id="КТО ЕСТЬ КТО">КТО ЕСТЬ КТО</channel>
    <channel update="i" site="tv.i.ua" site_id="/pepper" xmltv_id="Перец">Перец</channel>
    <channel update="i" site="tv.i.ua" site_id="/cctv-ru" xmltv_id="CCTV-Русский">CCTV-Русский</channel>
    <channel update="i" site="tv.i.ua" site_id="/komsomolskaiy-pravda" xmltv_id="Комсомольская правда">Комсомольская правда</channel>
    <channel update="i" site="tv.i.ua" site_id="/male" xmltv_id="Мужской">Мужской</channel>
    <channel update="i" site="tv.i.ua" site_id="/9-orbita" xmltv_id="Девятый канал ОРБИТА">Девятый канал ОРБИТА</channel>
    <channel update="i" site="tv.i.ua" site_id="/btb" xmltv_id="БТБ">БТБ</channel>
    <channel update="i" site="tv.i.ua" site_id="/nlo" xmltv_id="НЛО TV">НЛО TV</channel>
    <channel update="i" site="tv.i.ua" site_id="/eko-tv" xmltv_id="Эко-TV">Эко-TV</channel>
    <channel update="i" site="tv.i.ua" site_id="/viasat-history-hd" xmltv_id="Viasat History HD">Viasat History HD</channel>
    <channel update="i" site="tv.i.ua" site_id="/viasat-nature-hd" xmltv_id="Viasat Nature HD">Viasat Nature HD</channel>
    <channel update="i" site="tv.i.ua" site_id="/tv1000-premium-hd" xmltv_id="TV1000 Premium HD">TV1000 Premium HD</channel>
    <channel update="i" site="tv.i.ua" site_id="/tv1000_megahit_hd" xmltv_id="TV1000 Megahit HD">TV1000 Megahit HD</channel>
    <channel update="i" site="tv.i.ua" site_id="/tv1000_comedy_hd" xmltv_id="TV1000 Comedy HD">TV1000 Comedy HD</channel>
  </channels>
</site>