﻿<?xml version="1.0" encoding="UTF-8"?>
<site generator-info-name="WebGrab+Plus/w MDB &amp; REX Postprocess -- version  V1.57 -- Jan van Straaten" site="peotv.com">
  <channels>
    <channel update="i" site="peotv.com" site_id="rupavahini/50" xmltv_id="rupavahini">rupavahini</channel>
    <channel update="i" site="peotv.com" site_id="nethra/51" xmltv_id="nethra">nethra</channel>
    <channel update="i" site="peotv.com" site_id="i-t-n/52" xmltv_id="i t n">i t n</channel>
    <channel update="i" site="peotv.com" site_id="derana/53" xmltv_id="derana">derana</channel>
    <channel update="i" site="peotv.com" site_id="etv/54" xmltv_id="etv">etv</channel>
    <channel update="i" site="peotv.com" site_id="swarnawahini/55" xmltv_id="swarnawahini">swarnawahini</channel>
    <channel update="i" site="peotv.com" site_id="vasantham/56" xmltv_id="vasantham">vasantham</channel>
    <channel update="i" site="peotv.com" site_id="varnam-tv/57" xmltv_id="varnam tv">varnam tv</channel>
    <channel update="i" site="peotv.com" site_id="csn/58" xmltv_id="csn">csn</channel>
    <channel update="i" site="peotv.com" site_id="sirasa-tv/59" xmltv_id="sirasa tv">sirasa tv</channel>
    <channel update="i" site="peotv.com" site_id="shakthi-tv/60" xmltv_id="shakthi tv">shakthi tv</channel>
    <channel update="i" site="peotv.com" site_id="tv-one/61" xmltv_id="tv one">tv one</channel>
    <channel update="i" site="peotv.com" site_id="tnl/62" xmltv_id="tnl">tnl</channel>
    <channel update="i" site="peotv.com" site_id="music-plus-tv/165" xmltv_id="music plus tv">music plus tv</channel>
    <channel update="i" site="peotv.com" site_id="art-tv/63" xmltv_id="art tv">art tv</channel>
    <channel update="i" site="peotv.com" site_id="knowledge-tv/64" xmltv_id="knowledge tv">knowledge tv</channel>
    <channel update="i" site="peotv.com" site_id="hiru-tv/65" xmltv_id="hiru tv">hiru tv</channel>
    <channel update="i" site="peotv.com" site_id="event-tv/179" xmltv_id="event tv">event tv</channel>
    <channel update="i" site="peotv.com" site_id="siyatha-tv/66" xmltv_id="siyatha tv">siyatha tv</channel>
    <channel update="i" site="peotv.com" site_id="rangiri-tv/67" xmltv_id="rangiri tv">rangiri tv</channel>
    <channel update="i" site="peotv.com" site_id="cnn/70" xmltv_id="cnn">cnn</channel>
    <channel update="i" site="peotv.com" site_id="bbc-world/71" xmltv_id="bbc world">bbc world</channel>
    <channel update="i" site="peotv.com" site_id="ndtv-news/72" xmltv_id="ndtv news">ndtv news</channel>
    <channel update="i" site="peotv.com" site_id="al-jazeera/73" xmltv_id="al jazeera">al jazeera</channel>
    <channel update="i" site="peotv.com" site_id="france24/74" xmltv_id="france24">france24</channel>
    <channel update="i" site="peotv.com" site_id="nhk-world-tv/77" xmltv_id="nhk world tv">nhk world tv</channel>
    <channel update="i" site="peotv.com" site_id="hbo/78" xmltv_id="hbo">hbo</channel>
    <channel update="i" site="peotv.com" site_id="hbo-signature/79" xmltv_id="hbo signature">hbo signature</channel>
    <channel update="i" site="peotv.com" site_id="hbo-hits/80" xmltv_id="hbo hits">hbo hits</channel>
    <channel update="i" site="peotv.com" site_id="hbo-family/81" xmltv_id="hbo family">hbo family</channel>
    <channel update="i" site="peotv.com" site_id="cinemaworld/82" xmltv_id="cinemaworld">cinemaworld</channel>
    <channel update="i" site="peotv.com" site_id="comedy-central/117" xmltv_id="comedy central">comedy central</channel>
    <channel update="i" site="peotv.com" site_id="sony-espn/180" xmltv_id="sony espn">sony espn</channel>
    <channel update="i" site="peotv.com" site_id="sony-six/84" xmltv_id="sony six">sony six</channel>
    <channel update="i" site="peotv.com" site_id="ten-1/85" xmltv_id="ten 1">ten 1</channel>
    <channel update="i" site="peotv.com" site_id="star-sports4/86" xmltv_id="star sports4">star sports4</channel>
    <channel update="i" site="peotv.com" site_id="star-sports2/87" xmltv_id="star sports2">star sports2</channel>
    <channel update="i" site="peotv.com" site_id="star-sports1/88" xmltv_id="star sports1">star sports1</channel>
    <channel update="i" site="peotv.com" site_id="neo-prime/89" xmltv_id="neo prime">neo prime</channel>
    <channel update="i" site="peotv.com" site_id="neo-sports/90" xmltv_id="neo sports">neo sports</channel>
    <channel update="i" site="peotv.com" site_id="ten-cricket/91" xmltv_id="ten cricket">ten cricket</channel>
    <channel update="i" site="peotv.com" site_id="ten-2/92" xmltv_id="ten 2">ten 2</channel>
    <channel update="i" site="peotv.com" site_id="setanta-sports/93" xmltv_id="setanta sports">setanta sports</channel>
    <channel update="i" site="peotv.com" site_id="discovery/94" xmltv_id="discovery">discovery</channel>
    <channel update="i" site="peotv.com" site_id="animal-planet/95" xmltv_id="animal planet">animal planet</channel>
    <channel update="i" site="peotv.com" site_id="tlc/141" xmltv_id="tlc">tlc</channel>
    <channel update="i" site="peotv.com" site_id="ngc/96" xmltv_id="ngc">ngc</channel>
    <channel update="i" site="peotv.com" site_id="nat-geo-people/97" xmltv_id="nat geo people">nat geo people</channel>
    <channel update="i" site="peotv.com" site_id="fox-life/98" xmltv_id="fox life">fox life</channel>
    <channel update="i" site="peotv.com" site_id="travel-channel/142" xmltv_id="travel channel">travel channel</channel>
    <channel update="i" site="peotv.com" site_id="discovery-turbo/99" xmltv_id="discovery turbo">discovery turbo</channel>
    <channel update="i" site="peotv.com" site_id="discovery-science/100" xmltv_id="discovery science">discovery science</channel>
    <channel update="i" site="peotv.com" site_id="discovery-tamil/101" xmltv_id="discovery tamil">discovery tamil</channel>
    <channel update="i" site="peotv.com" site_id="nat-geo-wild/102" xmltv_id="nat geo wild">nat geo wild</channel>
    <channel update="i" site="peotv.com" site_id="da-vinci-learning/111" xmltv_id="da vinci learning">da vinci learning</channel>
    <channel update="i" site="peotv.com" site_id="disney-junior/103" xmltv_id="disney junior">disney junior</channel>
    <channel update="i" site="peotv.com" site_id="nickelodeon/104" xmltv_id="nickelodeon">nickelodeon</channel>
    <channel update="i" site="peotv.com" site_id="disney/105" xmltv_id="disney">disney</channel>
    <channel update="i" site="peotv.com" site_id="disney-xd/106" xmltv_id="disney xd">disney xd</channel>
    <channel update="i" site="peotv.com" site_id="baby-tv/107" xmltv_id="baby tv">baby tv</channel>
    <channel update="i" site="peotv.com" site_id="d-kids/108" xmltv_id="d kids">d kids</channel>
    <channel update="i" site="peotv.com" site_id="cn/109" xmltv_id="cn">cn</channel>
    <channel update="i" site="peotv.com" site_id="pogo/110" xmltv_id="pogo">pogo</channel>
    <channel update="i" site="peotv.com" site_id="mtv/112" xmltv_id="mtv">mtv</channel>
    <channel update="i" site="peotv.com" site_id="vh1/113" xmltv_id="vh1">vh1</channel>
    <channel update="i" site="peotv.com" site_id="c-music/114" xmltv_id="c music">c music</channel>
    <channel update="i" site="peotv.com" site_id="nat-geo-music/115" xmltv_id="nat geo music">nat geo music</channel>
    <channel update="i" site="peotv.com" site_id="raj-musix/116" xmltv_id="raj musix">raj musix</channel>
    <channel update="i" site="peotv.com" site_id="star-vijay/118" xmltv_id="star vijay">star vijay</channel>
    <channel update="i" site="peotv.com" site_id="raj-tv/119" xmltv_id="raj tv">raj tv</channel>
    <channel update="i" site="peotv.com" site_id="raj-digital-+/120" xmltv_id="raj digital +">raj digital +</channel>
    <channel update="i" site="peotv.com" site_id="star-world/121" xmltv_id="star world">star world</channel>
    <channel update="i" site="peotv.com" site_id="fashion-tv/143" xmltv_id="fashion tv">fashion tv</channel>
    <channel update="i" site="peotv.com" site_id="set/122" xmltv_id="set">set</channel>
    <channel update="i" site="peotv.com" site_id="set-max/83" xmltv_id="set max">set max</channel>
    <channel update="i" site="peotv.com" site_id="ndtv-good-times/123" xmltv_id="ndtv good times">ndtv good times</channel>
    <channel update="i" site="peotv.com" site_id="bollywoodmasala/124" xmltv_id="bollywoodmasala">bollywoodmasala</channel>
    <channel update="i" site="peotv.com" site_id="australia-plus/125" xmltv_id="australia plus">australia plus</channel>
    <channel update="i" site="peotv.com" site_id="luxe-tv/144" xmltv_id="luxe tv">luxe tv</channel>
    <channel update="i" site="peotv.com" site_id="fx/126" xmltv_id="fx">fx</channel>
    <channel update="i" site="peotv.com" site_id="kbs-world/127" xmltv_id="kbs world">kbs world</channel>
    <channel update="i" site="peotv.com" site_id="star-plus/128" xmltv_id="star plus">star plus</channel>
    <channel update="i" site="peotv.com" site_id="life-ok/129" xmltv_id="life ok">life ok</channel>
    <channel update="i" site="peotv.com" site_id="tv5-monde/130" xmltv_id="tv5 monde">tv5 monde</channel>
    <channel update="i" site="peotv.com" site_id="parliament-channel/68" xmltv_id="parliament channel">parliament channel</channel>
    <channel update="i" site="peotv.com" site_id="dw-tv/76" xmltv_id="dw tv">dw tv</channel>
    <channel update="i" site="peotv.com" site_id="verbum-tv/134" xmltv_id="verbum tv">verbum tv</channel>
    <channel update="i" site="peotv.com" site_id="saranatv/133" xmltv_id="saranatv">saranatv</channel>
    <channel update="i" site="peotv.com" site_id="siyesa-tv/135" xmltv_id="siyesa tv">siyesa tv</channel>
    <channel update="i" site="peotv.com" site_id="the-buddhist/136" xmltv_id="the buddhist">the buddhist</channel>
    <channel update="i" site="peotv.com" site_id="god-tv/138" xmltv_id="god tv">god tv</channel>
    <channel update="i" site="peotv.com" site_id="peace-tv/139" xmltv_id="peace tv">peace tv</channel>
    <channel update="i" site="peotv.com" site_id="shraddha-tv/140" xmltv_id="shraddha tv">shraddha tv</channel>
    <channel update="i" site="peotv.com" site_id="colors/131" xmltv_id="colors">colors</channel>
    <channel update="i" site="peotv.com" site_id="sun-tv/157" xmltv_id="sun tv">sun tv</channel>
    <channel update="i" site="peotv.com" site_id="k-tv/158" xmltv_id="k tv">k tv</channel>
    <channel update="i" site="peotv.com" site_id="sun-music/159" xmltv_id="sun music">sun music</channel>
    <channel update="i" site="peotv.com" site_id="adithya-tv/160" xmltv_id="adithya tv">adithya tv</channel>
    <channel update="i" site="peotv.com" site_id="kalaignar-tv/161" xmltv_id="kalaignar tv">kalaignar tv</channel>
    <channel update="i" site="peotv.com" site_id="isaiaruvi-tv/162" xmltv_id="isaiaruvi tv">isaiaruvi tv</channel>
    <channel update="i" site="peotv.com" site_id="sirippoli-tv/163" xmltv_id="sirippoli tv">sirippoli tv</channel>
    <channel update="i" site="peotv.com" site_id="sri-tv/69" xmltv_id="sri tv">sri tv</channel>
  </channels>
</site>