﻿<?xml version="1.0" encoding="UTF-8"?>
<site generator-info-name="WebGrab+Plus/w MDB &amp; REX Postprocess -- version V2.1.3 -- Jan van Straaten" site="filmweb.pl">
  <channels>
    <channel update="i" site="filmweb.pl" site_id="2" xmltv_id="TVP 2">TVP 2</channel>
    <channel update="i" site="filmweb.pl" site_id="3" xmltv_id="Polsat">Polsat</channel>
    <channel update="i" site="filmweb.pl" site_id="4" xmltv_id="TVN">TVN</channel>
    <channel update="i" site="filmweb.pl" site_id="24" xmltv_id="AXN Black">AXN Black</channel>
    <channel update="i" site="filmweb.pl" site_id="28" xmltv_id="TV Puls">TV Puls</channel>
    <channel update="i" site="filmweb.pl" site_id="27" xmltv_id="TV4">TV4</channel>
    <channel update="i" site="filmweb.pl" site_id="5" xmltv_id="TVN Siedem">TVN Siedem</channel>
    <channel update="i" site="filmweb.pl" site_id="94" xmltv_id="Puls 2">Puls 2</channel>
    <channel update="i" site="filmweb.pl" site_id="78" xmltv_id="TV6">TV6</channel>
    <channel update="i" site="filmweb.pl" site_id="7" xmltv_id="HBO">HBO</channel>
    <channel update="i" site="filmweb.pl" site_id="19" xmltv_id="HBO2">HBO2</channel>
    <channel update="i" site="filmweb.pl" site_id="34" xmltv_id="HBO 3">HBO 3</channel>
    <channel update="i" site="filmweb.pl" site_id="21" xmltv_id="Cinemax">Cinemax</channel>
    <channel update="i" site="filmweb.pl" site_id="35" xmltv_id="Cinemax 2">Cinemax 2</channel>
    <channel update="i" site="filmweb.pl" site_id="8" xmltv_id="Canal+">Canal+</channel>
    <channel update="i" site="filmweb.pl" site_id="9" xmltv_id="Canal+ Film">Canal+ Film</channel>
    <channel update="i" site="filmweb.pl" site_id="99" xmltv_id="Canal+ Seriale">Canal+ Seriale</channel>
    <channel update="i" site="filmweb.pl" site_id="98" xmltv_id="Canal+ Family">Canal+ Family</channel>
    <channel update="i" site="filmweb.pl" site_id="97" xmltv_id="Canal+ 1">Canal+ 1</channel>
    <channel update="i" site="filmweb.pl" site_id="155" xmltv_id="CANAL+ Discovery">CANAL+ Discovery</channel>
    <channel update="i" site="filmweb.pl" site_id="10" xmltv_id="Canal+ Sport">Canal+ Sport</channel>
    <channel update="i" site="filmweb.pl" site_id="156" xmltv_id="CANAL+ Sport 2">CANAL+ Sport 2</channel>
    <channel update="i" site="filmweb.pl" site_id="22" xmltv_id="AXN">AXN</channel>
    <channel update="i" site="filmweb.pl" site_id="23" xmltv_id="AXN White">AXN White</channel>
    <channel update="i" site="filmweb.pl" site_id="48" xmltv_id="AXN Spin">AXN Spin</channel>
    <channel update="i" site="filmweb.pl" site_id="60" xmltv_id="Fox">Fox</channel>
    <channel update="i" site="filmweb.pl" site_id="40" xmltv_id="Fox Comedy">Fox Comedy</channel>
    <channel update="i" site="filmweb.pl" site_id="33" xmltv_id="Comedy Central">Comedy Central</channel>
    <channel update="i" site="filmweb.pl" site_id="53" xmltv_id="Comedy Central Family">Comedy Central Family</channel>
    <channel update="i" site="filmweb.pl" site_id="11" xmltv_id="ale kino+">ale kino+</channel>
    <channel update="i" site="filmweb.pl" site_id="117" xmltv_id="Stopklatka TV">Stopklatka TV</channel>
    <channel update="i" site="filmweb.pl" site_id="29" xmltv_id="TNT">TNT</channel>
    <channel update="i" site="filmweb.pl" site_id="102" xmltv_id="Sundance Channel">Sundance Channel</channel>
    <channel update="i" site="filmweb.pl" site_id="42" xmltv_id="Sci Fi Universal">Sci Fi Universal</channel>
    <channel update="i" site="filmweb.pl" site_id="46" xmltv_id="13 Ulica">13 Ulica</channel>
    <channel update="i" site="filmweb.pl" site_id="124" xmltv_id="Paramount Channel">Paramount Channel</channel>
    <channel update="i" site="filmweb.pl" site_id="25" xmltv_id="Kino Polska">Kino Polska</channel>
    <channel update="i" site="filmweb.pl" site_id="231" xmltv_id="Kino Polska International">Kino Polska International</channel>
    <channel update="i" site="filmweb.pl" site_id="103" xmltv_id="TVP HD">TVP HD</channel>
    <channel update="i" site="filmweb.pl" site_id="30" xmltv_id="TVP Info">TVP Info</channel>
    <channel update="i" site="filmweb.pl" site_id="26" xmltv_id="TV Polonia">TV Polonia</channel>
    <channel update="i" site="filmweb.pl" site_id="47" xmltv_id="TVP Seriale">TVP Seriale</channel>
    <channel update="i" site="filmweb.pl" site_id="108" xmltv_id="TVP Rozrywka">TVP Rozrywka</channel>
    <channel update="i" site="filmweb.pl" site_id="36" xmltv_id="TVP Kultura">TVP Kultura</channel>
    <channel update="i" site="filmweb.pl" site_id="64" xmltv_id="TVP Historia">TVP Historia</channel>
    <channel update="i" site="filmweb.pl" site_id="65" xmltv_id="TVP Sport">TVP Sport</channel>
    <channel update="i" site="filmweb.pl" site_id="63" xmltv_id="TTV">TTV</channel>
    <channel update="i" site="filmweb.pl" site_id="86" xmltv_id="Tele 5">Tele 5</channel>
    <channel update="i" site="filmweb.pl" site_id="6" xmltv_id="TVN 24">TVN 24</channel>
    <channel update="i" site="filmweb.pl" site_id="360" xmltv_id="TVN 24 Biznes i Świat">TVN 24 Biznes i Świat</channel>
    <channel update="i" site="filmweb.pl" site_id="38" xmltv_id="TVN Turbo">TVN Turbo</channel>
    <channel update="i" site="filmweb.pl" site_id="352" xmltv_id="TV 5 Monde Europe">TV 5 Monde Europe</channel>
    <channel update="i" site="filmweb.pl" site_id="41" xmltv_id="TVN Style">TVN Style</channel>
    <channel update="i" site="filmweb.pl" site_id="361" xmltv_id="TVN Fabuła">TVN Fabuła</channel>
    <channel update="i" site="filmweb.pl" site_id="362" xmltv_id="TVN Meteo Active">TVN Meteo Active</channel>
    <channel update="i" site="filmweb.pl" site_id="31" xmltv_id="CBS Europa">CBS Europa</channel>
    <channel update="i" site="filmweb.pl" site_id="32" xmltv_id="CBS Action">CBS Action</channel>
    <channel update="i" site="filmweb.pl" site_id="157" xmltv_id="CBS Drama">CBS Drama</channel>
    <channel update="i" site="filmweb.pl" site_id="158" xmltv_id="CBS Reality">CBS Reality</channel>
    <channel update="i" site="filmweb.pl" site_id="17" xmltv_id="Discovery Channel">Discovery Channel</channel>
    <channel update="i" site="filmweb.pl" site_id="55" xmltv_id="Discovery Historia">Discovery Historia</channel>
    <channel update="i" site="filmweb.pl" site_id="56" xmltv_id="Discovery Science">Discovery Science</channel>
    <channel update="i" site="filmweb.pl" site_id="100" xmltv_id="Investigation Discovery">Investigation Discovery</channel>
    <channel update="i" site="filmweb.pl" site_id="57" xmltv_id="Discovery Turbo Xtra">Discovery Turbo Xtra</channel>
    <channel update="i" site="filmweb.pl" site_id="49" xmltv_id="Discovery LIFE">Discovery LIFE</channel>
    <channel update="i" site="filmweb.pl" site_id="68" xmltv_id="Animal Planet HD">Animal Planet HD</channel>
    <channel update="i" site="filmweb.pl" site_id="15" xmltv_id="National Geographic">National Geographic</channel>
    <channel update="i" site="filmweb.pl" site_id="61" xmltv_id="Nat Geo Wild">Nat Geo Wild</channel>
    <channel update="i" site="filmweb.pl" site_id="259" xmltv_id="Nat Geo People">Nat Geo People</channel>
    <channel update="i" site="filmweb.pl" site_id="120" xmltv_id="Fokus TV">Fokus TV</channel>
    <channel update="i" site="filmweb.pl" site_id="168" xmltv_id="Da Vinci Learning">Da Vinci Learning</channel>
    <channel update="i" site="filmweb.pl" site_id="121" xmltv_id="BBC HD">BBC HD</channel>
    <channel update="i" site="filmweb.pl" site_id="118" xmltv_id="BBC Brit">BBC Brit</channel>
    <channel update="i" site="filmweb.pl" site_id="122" xmltv_id="BBC Earth">BBC Earth</channel>
    <channel update="i" site="filmweb.pl" site_id="119" xmltv_id="BBC Lifestyle">BBC Lifestyle</channel>
    <channel update="i" site="filmweb.pl" site_id="37" xmltv_id="Planete+">Planete+</channel>
    <channel update="i" site="filmweb.pl" site_id="95" xmltv_id="History">History</channel>
    <channel update="i" site="filmweb.pl" site_id="71" xmltv_id="TLC">TLC</channel>
    <channel update="i" site="filmweb.pl" site_id="12" xmltv_id="Eurosport 1">Eurosport 1</channel>
    <channel update="i" site="filmweb.pl" site_id="59" xmltv_id="Eurosport 2">Eurosport 2</channel>
    <channel update="i" site="filmweb.pl" site_id="75" xmltv_id="Polsat 2">Polsat 2</channel>
    <channel update="i" site="filmweb.pl" site_id="74" xmltv_id="Polsat Film">Polsat Film</channel>
    <channel update="i" site="filmweb.pl" site_id="284" xmltv_id="Polsat Romans">Polsat Romans</channel>
    <channel update="i" site="filmweb.pl" site_id="73" xmltv_id="Polsat Play">Polsat Play</channel>
    <channel update="i" site="filmweb.pl" site_id="76" xmltv_id="Polsat Cafe">Polsat Cafe</channel>
    <channel update="i" site="filmweb.pl" site_id="281" xmltv_id="Polsat Food Network">Polsat Food Network</channel>
    <channel update="i" site="filmweb.pl" site_id="77" xmltv_id="Polsat News">Polsat News</channel>
    <channel update="i" site="filmweb.pl" site_id="283" xmltv_id="Polsat News 2">Polsat News 2</channel>
    <channel update="i" site="filmweb.pl" site_id="18" xmltv_id="Polsat Sport">Polsat Sport</channel>
    <channel update="i" site="filmweb.pl" site_id="91" xmltv_id="Polsat Sport News">Polsat Sport News</channel>
    <channel update="i" site="filmweb.pl" site_id="285" xmltv_id="Polsat Sport Extra">Polsat Sport Extra</channel>
    <channel update="i" site="filmweb.pl" site_id="101" xmltv_id="CI Polsat">CI Polsat</channel>
    <channel update="i" site="filmweb.pl" site_id="104" xmltv_id="Polsat Viasat Explore">Polsat Viasat Explore</channel>
    <channel update="i" site="filmweb.pl" site_id="105" xmltv_id="Polsat Viasat History">Polsat Viasat History</channel>
    <channel update="i" site="filmweb.pl" site_id="286" xmltv_id="Polsat Viasat Nature">Polsat Viasat Nature</channel>
    <channel update="i" site="filmweb.pl" site_id="400" xmltv_id="Viasat History HD/Viasat Nature HD">Viasat History HD/Viasat Nature HD</channel>
    <channel update="i" site="filmweb.pl" site_id="282" xmltv_id="Polsat JimJam">Polsat JimJam</channel>
    <channel update="i" site="filmweb.pl" site_id="16" xmltv_id="Cartoon Network">Cartoon Network</channel>
    <channel update="i" site="filmweb.pl" site_id="81" xmltv_id="Disney Channel">Disney Channel</channel>
    <channel update="i" site="filmweb.pl" site_id="82" xmltv_id="Disney XD">Disney XD</channel>
    <channel update="i" site="filmweb.pl" site_id="113" xmltv_id="Disney Junior">Disney Junior</channel>
    <channel update="i" site="filmweb.pl" site_id="67" xmltv_id="Boomerang">Boomerang</channel>
    <channel update="i" site="filmweb.pl" site_id="62" xmltv_id="Nickelodeon">Nickelodeon</channel>
    <channel update="i" site="filmweb.pl" site_id="93" xmltv_id="Nickelodeon HD">Nickelodeon HD</channel>
    <channel update="i" site="filmweb.pl" site_id="92" xmltv_id="Nick Jr.">Nick Jr.</channel>
    <channel update="i" site="filmweb.pl" site_id="106" xmltv_id="MiniMini+">MiniMini+</channel>
    <channel update="i" site="filmweb.pl" site_id="80" xmltv_id="teleTOON+">teleTOON+</channel>
    <channel update="i" site="filmweb.pl" site_id="116" xmltv_id="TVP ABC">TVP ABC</channel>
    <channel update="i" site="filmweb.pl" site_id="141" xmltv_id="Baby TV">Baby TV</channel>
    <channel update="i" site="filmweb.pl" site_id="142" xmltv_id="BabyFirstTV">BabyFirstTV</channel>
    <channel update="i" site="filmweb.pl" site_id="143" xmltv_id="BBC CBeebies">BBC CBeebies</channel>
    <channel update="i" site="filmweb.pl" site_id="180" xmltv_id="ducktv">ducktv</channel>
    <channel update="i" site="filmweb.pl" site_id="109" xmltv_id="FilmBox">FilmBox</channel>
    <channel update="i" site="filmweb.pl" site_id="202" xmltv_id="FilmBox Action">FilmBox Action</channel>
    <channel update="i" site="filmweb.pl" site_id="203" xmltv_id="FilmBox Arthouse">FilmBox Arthouse</channel>
    <channel update="i" site="filmweb.pl" site_id="204" xmltv_id="FilmBox Extra HD">FilmBox Extra HD</channel>
    <channel update="i" site="filmweb.pl" site_id="205" xmltv_id="FilmBox Family">FilmBox Family</channel>
    <channel update="i" site="filmweb.pl" site_id="206" xmltv_id="FilmBox Premium">FilmBox Premium</channel>
    <channel update="i" site="filmweb.pl" site_id="79" xmltv_id="nSport">nSport</channel>
    <channel update="i" site="filmweb.pl" site_id="58" xmltv_id="Domo +">Domo +</channel>
    <channel update="i" site="filmweb.pl" site_id="39" xmltv_id="kuchnia+">kuchnia+</channel>
    <channel update="i" site="filmweb.pl" site_id="13" xmltv_id="MTV Polska">MTV Polska</channel>
    <channel update="i" site="filmweb.pl" site_id="70" xmltv_id="MTV Rocks">MTV Rocks</channel>
    <channel update="i" site="filmweb.pl" site_id="14" xmltv_id="VIVA Polska">VIVA Polska</channel>
    <channel update="i" site="filmweb.pl" site_id="115" xmltv_id="Polo TV">Polo TV</channel>
    <channel update="i" site="filmweb.pl" site_id="66" xmltv_id="Kino Polska Muzyka">Kino Polska Muzyka</channel>
    <channel update="i" site="filmweb.pl" site_id="233" xmltv_id="Kino Polska Muzyka International">Kino Polska Muzyka International</channel>
    <channel update="i" site="filmweb.pl" site_id="190" xmltv_id="Eska TV">Eska TV</channel>
    <channel update="i" site="filmweb.pl" site_id="131" xmltv_id="4fun.tv">4fun.tv</channel>
    <channel update="i" site="filmweb.pl" site_id="130" xmltv_id="4fun Hits">4fun Hits</channel>
    <channel update="i" site="filmweb.pl" site_id="129" xmltv_id="4fun Fit&amp;Dance">4fun Fit&amp;Dance</channel>
    <channel update="i" site="filmweb.pl" site_id="110" xmltv_id="ATM Rozrywka">ATM Rozrywka</channel>
    <channel update="i" site="filmweb.pl" site_id="44" xmltv_id="AMC">AMC</channel>
    <channel update="i" site="filmweb.pl" site_id="43" xmltv_id="Universal Channel">Universal Channel</channel>
    <channel update="i" site="filmweb.pl" site_id="265" xmltv_id="Novela tv">Novela tv</channel>
    <channel update="i" site="filmweb.pl" site_id="304" xmltv_id="Romance TV">Romance TV</channel>
    <channel update="i" site="filmweb.pl" site_id="191" xmltv_id="Eurochannel">Eurochannel</channel>
    <channel update="i" site="filmweb.pl" site_id="147" xmltv_id="Belsat TV">Belsat TV</channel>
    <channel update="i" site="filmweb.pl" site_id="399" xmltv_id="TVR">TVR</channel>
    <channel update="i" site="filmweb.pl" site_id="134" xmltv_id="Adventure">Adventure</channel>
    <channel update="i" site="filmweb.pl" site_id="351" xmltv_id="Travel Channel">Travel Channel</channel>
    <channel update="i" site="filmweb.pl" site_id="219" xmltv_id="H2">H2</channel>
    <channel update="i" site="filmweb.pl" site_id="386" xmltv_id="Water Planet">Water Planet</channel>
    <channel update="i" site="filmweb.pl" site_id="183" xmltv_id="Edusat">Edusat</channel>
    <channel update="i" site="filmweb.pl" site_id="290" xmltv_id="Power TV">Power TV</channel>
    <channel update="i" site="filmweb.pl" site_id="195" xmltv_id="Active Family">Active Family</channel>
    <channel update="i" site="filmweb.pl" site_id="234" xmltv_id="Lifetime">Lifetime</channel>
    <channel update="i" site="filmweb.pl" site_id="235" xmltv_id="LOVE">LOVE</channel>
    <channel update="i" site="filmweb.pl" site_id="225" xmltv_id="iPol TV">iPol TV</channel>
    <channel update="i" site="filmweb.pl" site_id="182" xmltv_id="E! Entertainment">E! Entertainment</channel>
    <channel update="i" site="filmweb.pl" site_id="280" xmltv_id="Polonia 1">Polonia 1</channel>
    <channel update="i" site="filmweb.pl" site_id="172" xmltv_id="Disco Polo Music">Disco Polo Music</channel>
    <channel update="i" site="filmweb.pl" site_id="226" xmltv_id="To!TV">To!TV</channel>
    <channel update="i" site="filmweb.pl" site_id="254" xmltv_id="Muzo.tv">Muzo.tv</channel>
    <channel update="i" site="filmweb.pl" site_id="271" xmltv_id="Nuta.TV">Nuta.TV</channel>
    <channel update="i" site="filmweb.pl" site_id="272" xmltv_id="ONTV">ONTV</channel>
    <channel update="i" site="filmweb.pl" site_id="273" xmltv_id="OPOKA.TV">OPOKA.TV</channel>
    <channel update="i" site="filmweb.pl" site_id="342" xmltv_id="STARS.TV">STARS.TV</channel>
    <channel update="i" site="filmweb.pl" site_id="385" xmltv_id="VOX Music TV">VOX Music TV</channel>
    <channel update="i" site="filmweb.pl" site_id="274" xmltv_id="Orange Sport">Orange Sport</channel>
    <channel update="i" site="filmweb.pl" site_id="187" xmltv_id="Eleven">Eleven</channel>
    <channel update="i" site="filmweb.pl" site_id="188" xmltv_id="Eleven Sports">Eleven Sports</channel>
    <channel update="i" site="filmweb.pl" site_id="194" xmltv_id="Extreme Sports Channel">Extreme Sports Channel</channel>
    <channel update="i" site="filmweb.pl" site_id="201" xmltv_id="Fightklub">Fightklub</channel>
    <channel update="i" site="filmweb.pl" site_id="338" xmltv_id="Sportklub">Sportklub</channel>
    <channel update="i" site="filmweb.pl" site_id="245" xmltv_id="Motowizja">Motowizja</channel>
    <channel update="i" site="filmweb.pl" site_id="344" xmltv_id="Superstacja">Superstacja</channel>
    <channel update="i" site="filmweb.pl" site_id="355" xmltv_id="TV Republika">TV Republika</channel>
    <channel update="i" site="filmweb.pl" site_id="375" xmltv_id="TVP Regionalna">TVP Regionalna</channel>
    <channel update="i" site="filmweb.pl" site_id="363" xmltv_id="TVP Białystok">TVP Białystok</channel>
    <channel update="i" site="filmweb.pl" site_id="364" xmltv_id="TVP Bydgoszcz">TVP Bydgoszcz</channel>
    <channel update="i" site="filmweb.pl" site_id="365" xmltv_id="TVP Gdańsk">TVP Gdańsk</channel>
    <channel update="i" site="filmweb.pl" site_id="366" xmltv_id="TVP Gorzów Wielkopolski">TVP Gorzów Wielkopolski</channel>
    <channel update="i" site="filmweb.pl" site_id="367" xmltv_id="TVP Katowice">TVP Katowice</channel>
    <channel update="i" site="filmweb.pl" site_id="368" xmltv_id="TVP Kielce">TVP Kielce</channel>
    <channel update="i" site="filmweb.pl" site_id="369" xmltv_id="TVP Kraków">TVP Kraków</channel>
    <channel update="i" site="filmweb.pl" site_id="370" xmltv_id="TVP Lublin">TVP Lublin</channel>
    <channel update="i" site="filmweb.pl" site_id="371" xmltv_id="TVP Łódź">TVP Łódź</channel>
    <channel update="i" site="filmweb.pl" site_id="372" xmltv_id="TVP Olsztyn">TVP Olsztyn</channel>
    <channel update="i" site="filmweb.pl" site_id="373" xmltv_id="TVP Opole">TVP Opole</channel>
    <channel update="i" site="filmweb.pl" site_id="374" xmltv_id="TVP Poznań">TVP Poznań</channel>
    <channel update="i" site="filmweb.pl" site_id="376" xmltv_id="TVP Rzeszów">TVP Rzeszów</channel>
    <channel update="i" site="filmweb.pl" site_id="377" xmltv_id="TVP Szczecin">TVP Szczecin</channel>
    <channel update="i" site="filmweb.pl" site_id="378" xmltv_id="TVP Warszawa">TVP Warszawa</channel>
    <channel update="i" site="filmweb.pl" site_id="379" xmltv_id="TVP Wrocław">TVP Wrocław</channel>
    <channel update="i" site="filmweb.pl" site_id="353" xmltv_id="TV Regionalna Lubin">TV Regionalna Lubin</channel>
    <channel update="i" site="filmweb.pl" site_id="236" xmltv_id="Lubelska.tv">Lubelska.tv</channel>
    <channel update="i" site="filmweb.pl" site_id="289" xmltv_id="Pomorska.TV">Pomorska.TV</channel>
    <channel update="i" site="filmweb.pl" site_id="347" xmltv_id="Telewizja Pomerania">Telewizja Pomerania</channel>
    <channel update="i" site="filmweb.pl" site_id="381" xmltv_id="Twoja Telewizja Morska">Twoja Telewizja Morska</channel>
    <channel update="i" site="filmweb.pl" site_id="356" xmltv_id="TV Wałbrzych">TV Wałbrzych</channel>
    <channel update="i" site="filmweb.pl" site_id="359" xmltv_id="TVK Ostrowiec">TVK Ostrowiec</channel>
    <channel update="i" site="filmweb.pl" site_id="175" xmltv_id="dlaCiebie.tv">dlaCiebie.tv</channel>
    <channel update="i" site="filmweb.pl" site_id="169" xmltv_id="Dami Skarżysko-Kamienna">Dami Skarżysko-Kamienna</channel>
    <channel update="i" site="filmweb.pl" site_id="349" xmltv_id="TOYA">TOYA</channel>
    <channel update="i" site="filmweb.pl" site_id="269" xmltv_id="NTL Radomsko">NTL Radomsko</channel>
    <channel update="i" site="filmweb.pl" site_id="114" xmltv_id="TVS">TVS</channel>
    <channel update="i" site="filmweb.pl" site_id="354" xmltv_id="TV Relax">TV Relax</channel>
    <channel update="i" site="filmweb.pl" site_id="388" xmltv_id="WTK">WTK</channel>
    <channel update="i" site="filmweb.pl" site_id="380" xmltv_id="TVT">TVT</channel>
    <channel update="i" site="filmweb.pl" site_id="123" xmltv_id="TV Trwam">TV Trwam</channel>
    <channel update="i" site="filmweb.pl" site_id="229" xmltv_id="Kanał 38">Kanał 38</channel>
    <channel update="i" site="filmweb.pl" site_id="257" xmltv_id="n36">n36</channel>
    <channel update="i" site="filmweb.pl" site_id="258" xmltv_id="n37">n37</channel>
    <channel update="i" site="filmweb.pl" site_id="393" xmltv_id="Zest TV">Zest TV</channel>
    <channel update="i" site="filmweb.pl" site_id="238" xmltv_id="Mango 24">Mango 24</channel>
    <channel update="i" site="filmweb.pl" site_id="167" xmltv_id="Czwórka Polskie Radio">Czwórka Polskie Radio</channel>
    <channel update="i" site="filmweb.pl" site_id="287" xmltv_id="Polskie Radio Program 1">Polskie Radio Program 1</channel>
    <channel update="i" site="filmweb.pl" site_id="288" xmltv_id="Polskie Radio Program 2">Polskie Radio Program 2</channel>
    <channel update="i" site="filmweb.pl" site_id="138" xmltv_id="Arirang TV">Arirang TV</channel>
    <channel update="i" site="filmweb.pl" site_id="310" xmltv_id="RTR Planeta">RTR Planeta</channel>
    <channel update="i" site="filmweb.pl" site_id="315" xmltv_id="Shorts TV">Shorts TV</channel>
    <channel update="i" site="filmweb.pl" site_id="177" xmltv_id="DocuBox HD">DocuBox HD</channel>
    <channel update="i" site="filmweb.pl" site_id="189" xmltv_id="English Club TV">English Club TV</channel>
    <channel update="i" site="filmweb.pl" site_id="306" xmltv_id="RT Documentary">RT Documentary</channel>
    <channel update="i" site="filmweb.pl" site_id="196" xmltv_id="Fashion TV">Fashion TV</channel>
    <channel update="i" site="filmweb.pl" site_id="197" xmltv_id="Fashion One">Fashion One</channel>
    <channel update="i" site="filmweb.pl" site_id="198" xmltv_id="FashionBox">FashionBox</channel>
    <channel update="i" site="filmweb.pl" site_id="208" xmltv_id="Food Network">Food Network</channel>
    <channel update="i" site="filmweb.pl" site_id="277" xmltv_id="Outdoor Channel">Outdoor Channel</channel>
    <channel update="i" site="filmweb.pl" site_id="216" xmltv_id="GINX TV">GINX TV</channel>
    <channel update="i" site="filmweb.pl" site_id="199" xmltv_id="Fast&amp;FunBox">Fast&amp;FunBox</channel>
    <channel update="i" site="filmweb.pl" site_id="200" xmltv_id="FightBox">FightBox</channel>
    <channel update="i" site="filmweb.pl" site_id="215" xmltv_id="FUEL TV">FUEL TV</channel>
    <channel update="i" site="filmweb.pl" site_id="243" xmltv_id="Motors TV">Motors TV</channel>
    <channel update="i" site="filmweb.pl" site_id="331" xmltv_id="Sky Sports 1">Sky Sports 1</channel>
    <channel update="i" site="filmweb.pl" site_id="332" xmltv_id="Sky Sports 2">Sky Sports 2</channel>
    <channel update="i" site="filmweb.pl" site_id="333" xmltv_id="Sky Sports 3">Sky Sports 3</channel>
    <channel update="i" site="filmweb.pl" site_id="334" xmltv_id="Sky Sports 4">Sky Sports 4</channel>
    <channel update="i" site="filmweb.pl" site_id="326" xmltv_id="Sky News">Sky News</channel>
    <channel update="i" site="filmweb.pl" site_id="260" xmltv_id="Nautical Channel">Nautical Channel</channel>
    <channel update="i" site="filmweb.pl" site_id="246" xmltv_id="MTV Base">MTV Base</channel>
    <channel update="i" site="filmweb.pl" site_id="247" xmltv_id="MTV Dance">MTV Dance</channel>
    <channel update="i" site="filmweb.pl" site_id="248" xmltv_id="MTV Europe">MTV Europe</channel>
    <channel update="i" site="filmweb.pl" site_id="250" xmltv_id="MTV Hits">MTV Hits</channel>
    <channel update="i" site="filmweb.pl" site_id="251" xmltv_id="MTV Live">MTV Live</channel>
    <channel update="i" site="filmweb.pl" site_id="69" xmltv_id="VH1">VH1</channel>
    <channel update="i" site="filmweb.pl" site_id="382" xmltv_id="VH1 Classic European">VH1 Classic European</channel>
    <channel update="i" site="filmweb.pl" site_id="255" xmltv_id="myZen.tv">myZen.tv</channel>
    <channel update="i" site="filmweb.pl" site_id="127" xmltv_id="360TuneBox">360TuneBox</channel>
    <channel update="i" site="filmweb.pl" site_id="152" xmltv_id="Brava">Brava</channel>
    <channel update="i" site="filmweb.pl" site_id="154" xmltv_id="C Music TV">C Music TV</channel>
    <channel update="i" site="filmweb.pl" site_id="162" xmltv_id="Classica">Classica</channel>
    <channel update="i" site="filmweb.pl" site_id="144" xmltv_id="BBC World News - PL">BBC World News - PL</channel>
    <channel update="i" site="filmweb.pl" site_id="164" xmltv_id="CNN - PL">CNN - PL</channel>
    <channel update="i" site="filmweb.pl" site_id="149" xmltv_id="Bloomberg">Bloomberg</channel>
    <channel update="i" site="filmweb.pl" site_id="135" xmltv_id="Al Jazeera">Al Jazeera</channel>
    <channel update="i" site="filmweb.pl" site_id="159" xmltv_id="CCTV News">CCTV News</channel>
    <channel update="i" site="filmweb.pl" site_id="163" xmltv_id="CNBC">CNBC</channel>
    <channel update="i" site="filmweb.pl" site_id="192" xmltv_id="Euronews">Euronews</channel>
    <channel update="i" site="filmweb.pl" site_id="291" xmltv_id="Press TV">Press TV</channel>
    <channel update="i" site="filmweb.pl" site_id="313" xmltv_id="Russia Today">Russia Today</channel>
    <channel update="i" site="filmweb.pl" site_id="262" xmltv_id="NHK World TV">NHK World TV</channel>
    <channel update="i" site="filmweb.pl" site_id="350" xmltv_id="TRACE Urban">TRACE Urban</channel>
    <channel update="i" site="filmweb.pl" site_id="193" xmltv_id="EWTN">EWTN</channel>
    <channel update="i" site="filmweb.pl" site_id="279" xmltv_id="Playboy TV">Playboy TV</channel>
    <channel update="i" site="filmweb.pl" site_id="153" xmltv_id="Brazzers TV Europe">Brazzers TV Europe</channel>
    <channel update="i" site="filmweb.pl" site_id="133" xmltv_id="Adult Channel">Adult Channel</channel>
    <channel update="i" site="filmweb.pl" site_id="292" xmltv_id="Private TV">Private TV</channel>
    <channel update="i" site="filmweb.pl" site_id="300" xmltv_id="Redlight">Redlight</channel>
    <channel update="i" site="filmweb.pl" site_id="335" xmltv_id="Spice">Spice</channel>
    <channel update="i" site="filmweb.pl" site_id="224" xmltv_id="Hustler TV">Hustler TV</channel>
    <channel update="i" site="filmweb.pl" site_id="396" xmltv_id="Hustler HD">Hustler HD</channel>
    <channel update="i" site="filmweb.pl" site_id="150" xmltv_id="Blue Hustler">Blue Hustler</channel>
    <channel update="i" site="filmweb.pl" site_id="140" xmltv_id="ATV">ATV</channel>
    <channel update="i" site="filmweb.pl" site_id="146" xmltv_id="Belgia - TV1">Belgia - TV1</channel>
    <channel update="i" site="filmweb.pl" site_id="170" xmltv_id="Das Erste">Das Erste</channel>
    <channel update="i" site="filmweb.pl" site_id="228" xmltv_id="Kabel Eins">Kabel Eins</channel>
    <channel update="i" site="filmweb.pl" site_id="275" xmltv_id="ORF 1">ORF 1</channel>
    <channel update="i" site="filmweb.pl" site_id="276" xmltv_id="ORF 2">ORF 2</channel>
    <channel update="i" site="filmweb.pl" site_id="293" xmltv_id="PRO 7">PRO 7</channel>
    <channel update="i" site="filmweb.pl" site_id="308" xmltv_id="RTL 2">RTL 2</channel>
    <channel update="i" site="filmweb.pl" site_id="309" xmltv_id="RTL">RTL</channel>
    <channel update="i" site="filmweb.pl" site_id="311" xmltv_id="RTS Deux">RTS Deux</channel>
    <channel update="i" site="filmweb.pl" site_id="312" xmltv_id="RTS Un">RTS Un</channel>
    <channel update="i" site="filmweb.pl" site_id="314" xmltv_id="SAT.1">SAT.1</channel>
    <channel update="i" site="filmweb.pl" site_id="340" xmltv_id="SRF 1">SRF 1</channel>
    <channel update="i" site="filmweb.pl" site_id="341" xmltv_id="SRF Zwei">SRF Zwei</channel>
    <channel update="i" site="filmweb.pl" site_id="384" xmltv_id="VOX">VOX</channel>
    <channel update="i" site="filmweb.pl" site_id="390" xmltv_id="ZDF">ZDF</channel>
    <channel update="i" site="filmweb.pl" site_id="126" xmltv_id="13th Street ">13th Street </channel>
    <channel update="i" site="filmweb.pl" site_id="317" xmltv_id="Sky Action">Sky Action</channel>
    <channel update="i" site="filmweb.pl" site_id="318" xmltv_id="Sky Cinema">Sky Cinema</channel>
    <channel update="i" site="filmweb.pl" site_id="319" xmltv_id="Sky Cinema + 1">Sky Cinema + 1</channel>
    <channel update="i" site="filmweb.pl" site_id="320" xmltv_id="Sky Cinema + 24">Sky Cinema + 24</channel>
    <channel update="i" site="filmweb.pl" site_id="321" xmltv_id="Sky Comedy">Sky Comedy</channel>
    <channel update="i" site="filmweb.pl" site_id="322" xmltv_id="Sky Emotion">Sky Emotion</channel>
    <channel update="i" site="filmweb.pl" site_id="324" xmltv_id="Sky Hits">Sky Hits</channel>
    <channel update="i" site="filmweb.pl" site_id="325" xmltv_id="Sky Krimi">Sky Krimi</channel>
    <channel update="i" site="filmweb.pl" site_id="327" xmltv_id="Sky Nostalgie">Sky Nostalgie</channel>
    <channel update="i" site="filmweb.pl" site_id="328" xmltv_id="Sky Select">Sky Select</channel>
    <channel update="i" site="filmweb.pl" site_id="397" xmltv_id="MGM (DE)">MGM (DE)</channel>
    <channel update="i" site="filmweb.pl" site_id="346" xmltv_id="Syfy">Syfy</channel>
    <channel update="i" site="filmweb.pl" site_id="394" xmltv_id="Discovery Channel (DE)">Discovery Channel (DE)</channel>
    <channel update="i" site="filmweb.pl" site_id="401" xmltv_id="Discovery">Discovery</channel>
    <channel update="i" site="filmweb.pl" site_id="136" xmltv_id="Animal Planet">Animal Planet</channel>
    <channel update="i" site="filmweb.pl" site_id="395" xmltv_id="History (DE)">History (DE)</channel>
    <channel update="i" site="filmweb.pl" site_id="128" xmltv_id="3SAT">3SAT</channel>
    <channel update="i" site="filmweb.pl" site_id="137" xmltv_id="ARD-alpha">ARD-alpha</channel>
    <channel update="i" site="filmweb.pl" site_id="139" xmltv_id="Arte">Arte</channel>
    <channel update="i" site="filmweb.pl" site_id="336" xmltv_id="Spiegel Geschichte">Spiegel Geschichte</channel>
    <channel update="i" site="filmweb.pl" site_id="184" xmltv_id="EinsFestival">EinsFestival</channel>
    <channel update="i" site="filmweb.pl" site_id="278" xmltv_id="Phoenix">Phoenix</channel>
    <channel update="i" site="filmweb.pl" site_id="392" xmltv_id="zdf.kultur ">zdf.kultur </channel>
    <channel update="i" site="filmweb.pl" site_id="173" xmltv_id="Disney Cinemagic">Disney Cinemagic</channel>
    <channel update="i" site="filmweb.pl" site_id="343" xmltv_id="Super RTL">Super RTL</channel>
    <channel update="i" site="filmweb.pl" site_id="227" xmltv_id="Junior">Junior</channel>
    <channel update="i" site="filmweb.pl" site_id="230" xmltv_id="KI.KA">KI.KA</channel>
    <channel update="i" site="filmweb.pl" site_id="263" xmltv_id="NICK">NICK</channel>
    <channel update="i" site="filmweb.pl" site_id="316" xmltv_id="sixx">sixx</channel>
    <channel update="i" site="filmweb.pl" site_id="176" xmltv_id="DMAX">DMAX</channel>
    <channel update="i" site="filmweb.pl" site_id="186" xmltv_id="EinsPlus">EinsPlus</channel>
    <channel update="i" site="filmweb.pl" site_id="221" xmltv_id="Heimatkanal">Heimatkanal</channel>
    <channel update="i" site="filmweb.pl" site_id="398" xmltv_id="Tele 5 (DE)">Tele 5 (DE)</channel>
    <channel update="i" site="filmweb.pl" site_id="402" xmltv_id="Eurosport (DE)">Eurosport (DE)</channel>
    <channel update="i" site="filmweb.pl" site_id="329" xmltv_id="Sky Sport Austria">Sky Sport Austria</channel>
    <channel update="i" site="filmweb.pl" site_id="330" xmltv_id="Sky Sport HD 1">Sky Sport HD 1</channel>
    <channel update="i" site="filmweb.pl" site_id="323" xmltv_id="Sky Fussball Bundesliga">Sky Fussball Bundesliga</channel>
    <channel update="i" site="filmweb.pl" site_id="337" xmltv_id="Sport 1 - PL">Sport 1 - PL</channel>
    <channel update="i" site="filmweb.pl" site_id="244" xmltv_id="Motorvision">Motorvision</channel>
    <channel update="i" site="filmweb.pl" site_id="249" xmltv_id="MTV Germany">MTV Germany</channel>
    <channel update="i" site="filmweb.pl" site_id="383" xmltv_id="VIVA">VIVA</channel>
    <channel update="i" site="filmweb.pl" site_id="171" xmltv_id="Deutsches Musik Fernsehen">Deutsches Musik Fernsehen</channel>
    <channel update="i" site="filmweb.pl" site_id="207" xmltv_id="Folx TV">Folx TV</channel>
    <channel update="i" site="filmweb.pl" site_id="217" xmltv_id="Goldstar TV">Goldstar TV</channel>
    <channel update="i" site="filmweb.pl" site_id="218" xmltv_id="gotv">gotv</channel>
    <channel update="i" site="filmweb.pl" site_id="181" xmltv_id="DW">DW</channel>
    <channel update="i" site="filmweb.pl" site_id="185" xmltv_id="EinsLive">EinsLive</channel>
    <channel update="i" site="filmweb.pl" site_id="256" xmltv_id="N 24">N 24</channel>
    <channel update="i" site="filmweb.pl" site_id="270" xmltv_id="n-tv">n-tv</channel>
    <channel update="i" site="filmweb.pl" site_id="391" xmltv_id="ZDF Info">ZDF Info</channel>
    <channel update="i" site="filmweb.pl" site_id="151" xmltv_id="BR">BR</channel>
    <channel update="i" site="filmweb.pl" site_id="214" xmltv_id="Franken Fernsehen">Franken Fernsehen</channel>
    <channel update="i" site="filmweb.pl" site_id="253" xmltv_id="muenchen.tv">muenchen.tv</channel>
    <channel update="i" site="filmweb.pl" site_id="252" xmltv_id="muenchen 2">muenchen 2</channel>
    <channel update="i" site="filmweb.pl" site_id="220" xmltv_id="Hamburg 1">Hamburg 1</channel>
    <channel update="i" site="filmweb.pl" site_id="222" xmltv_id="HR">HR</channel>
    <channel update="i" site="filmweb.pl" site_id="261" xmltv_id="NDR">NDR</channel>
    <channel update="i" site="filmweb.pl" site_id="240" xmltv_id="MDR">MDR</channel>
    <channel update="i" site="filmweb.pl" site_id="298" xmltv_id="RBB">RBB</channel>
    <channel update="i" site="filmweb.pl" site_id="302" xmltv_id="rheinmaintv">rheinmaintv</channel>
    <channel update="i" site="filmweb.pl" site_id="303" xmltv_id="RNF">RNF</channel>
    <channel update="i" site="filmweb.pl" site_id="345" xmltv_id="SWR">SWR</channel>
    <channel update="i" site="filmweb.pl" site_id="357" xmltv_id="TV.Berlin">TV.Berlin</channel>
    <channel update="i" site="filmweb.pl" site_id="387" xmltv_id="WDR">WDR</channel>
    <channel update="i" site="filmweb.pl" site_id="148" xmltv_id="Bibel TV">Bibel TV</channel>
    <channel update="i" site="filmweb.pl" site_id="145" xmltv_id="Beate-Uhse.TV">Beate-Uhse.TV</channel>
    <channel update="i" site="filmweb.pl" site_id="160" xmltv_id="Channel 21 Shop">Channel 21 Shop</channel>
    <channel update="i" site="filmweb.pl" site_id="223" xmltv_id="HSE 24">HSE 24</channel>
    <channel update="i" site="filmweb.pl" site_id="294" xmltv_id="QVC">QVC</channel>
    <channel update="i" site="filmweb.pl" site_id="209" xmltv_id="France 2 - PL">France 2 - PL</channel>
    <channel update="i" site="filmweb.pl" site_id="211" xmltv_id="France 3">France 3</channel>
    <channel update="i" site="filmweb.pl" site_id="212" xmltv_id="France 5">France 5</channel>
    <channel update="i" site="filmweb.pl" site_id="213" xmltv_id="France O">France O</channel>
    <channel update="i" site="filmweb.pl" site_id="210" xmltv_id="France 24">France 24</channel>
    <channel update="i" site="filmweb.pl" site_id="348" xmltv_id="TF 1">TF 1</channel>
    <channel update="i" site="filmweb.pl" site_id="237" xmltv_id="M 6">M 6</channel>
    <channel update="i" site="filmweb.pl" site_id="132" xmltv_id="AB Moteurs">AB Moteurs</channel>
    <channel update="i" site="filmweb.pl" site_id="174" xmltv_id="DJAZZ.tv">DJAZZ.tv</channel>
    <channel update="i" site="filmweb.pl" site_id="239" xmltv_id="MCM Top">MCM Top</channel>
    <channel update="i" site="filmweb.pl" site_id="241" xmltv_id="Mezzo">Mezzo</channel>
    <channel update="i" site="filmweb.pl" site_id="242" xmltv_id="Mezzo Live">Mezzo Live</channel>
    <channel update="i" site="filmweb.pl" site_id="301" xmltv_id="RFM TV">RFM TV</channel>
    <channel update="i" site="filmweb.pl" site_id="389" xmltv_id="XXL">XXL</channel>
    <channel update="i" site="filmweb.pl" site_id="295" xmltv_id="RAI 1">RAI 1</channel>
    <channel update="i" site="filmweb.pl" site_id="296" xmltv_id="RAI 2">RAI 2</channel>
    <channel update="i" site="filmweb.pl" site_id="297" xmltv_id="RAI 3">RAI 3</channel>
    <channel update="i" site="filmweb.pl" site_id="307" xmltv_id="RTL 102.5">RTL 102.5</channel>
    <channel update="i" site="filmweb.pl" site_id="358" xmltv_id="TVE">TVE</channel>
    <channel update="i" site="filmweb.pl" site_id="299" xmltv_id="Record TV">Record TV</channel>
    <channel update="i" site="filmweb.pl" site_id="161" xmltv_id="Channel One Russia">Channel One Russia</channel>
    <channel update="i" site="filmweb.pl" site_id="305" xmltv_id="Rossija 24">Rossija 24</channel>
    <channel update="i" site="filmweb.pl" site_id="165" xmltv_id="CT 1">CT 1</channel>
    <channel update="i" site="filmweb.pl" site_id="166" xmltv_id="CT 2">CT 2</channel>
    <channel update="i" site="filmweb.pl" site_id="264" xmltv_id="Nova">Nova</channel>
    <channel update="i" site="filmweb.pl" site_id="266" xmltv_id="NPO 1">NPO 1</channel>
    <channel update="i" site="filmweb.pl" site_id="267" xmltv_id="NPO 2">NPO 2</channel>
    <channel update="i" site="filmweb.pl" site_id="268" xmltv_id="NPO 3">NPO 3</channel>
    <channel update="i" site="filmweb.pl" site_id="178" xmltv_id="DR 1">DR 1</channel>
    <channel update="i" site="filmweb.pl" site_id="179" xmltv_id="DR 2">DR 2</channel>
    <channel update="i" site="filmweb.pl" site_id="409" xmltv_id="8TV">8TV</channel>
    <channel update="i" site="filmweb.pl" site_id="408" xmltv_id="Bollywood">Bollywood</channel>
    <channel update="i" site="filmweb.pl" site_id="417" xmltv_id="Dorcel TV">Dorcel TV</channel>
    <channel update="i" site="filmweb.pl" site_id="405" xmltv_id="Dorcel XXX">Dorcel XXX</channel>
    <channel update="i" site="filmweb.pl" site_id="411" xmltv_id="Erox">Erox</channel>
    <channel update="i" site="filmweb.pl" site_id="412" xmltv_id="Eroxxx">Eroxxx</channel>
    <channel update="i" site="filmweb.pl" site_id="414" xmltv_id="HIP HOP">HIP HOP</channel>
    <channel update="i" site="filmweb.pl" site_id="407" xmltv_id="METRO">METRO</channel>
    <channel update="i" site="filmweb.pl" site_id="404" xmltv_id="Nowa TV">Nowa TV</channel>
    <channel update="i" site="filmweb.pl" site_id="420" xmltv_id="Polsat 1">Polsat 1</channel>
    <channel update="i" site="filmweb.pl" site_id="419" xmltv_id="Reality Kings TV">Reality Kings TV</channel>
    <channel update="i" site="filmweb.pl" site_id="415" xmltv_id="Top Kids">Top Kids</channel>
    <channel update="i" site="filmweb.pl" site_id="403" xmltv_id="TV ASTA">TV ASTA</channel>
    <channel update="i" site="filmweb.pl" site_id="413" xmltv_id="Twoja.TV">Twoja.TV</channel>
    <channel update="i" site="filmweb.pl" site_id="410" xmltv_id="WP">WP</channel>
    <channel update="i" site="filmweb.pl" site_id="416" xmltv_id="ZOOM TV">ZOOM TV</channel>
  </channels>
</site>