﻿<?xml version="1.0" encoding="UTF-8"?>
<site generator-info-name="WebGrab+Plus/w MDB &amp; REX Postprocess -- version V1.56.15 -- Jan van Straaten" site="onlinetv.inea.pl">
  <channels>
    <channel update="i" site="onlinetv.inea.pl" site_id="01" xmltv_id="TVP 1">TVP 1</channel>
    <channel update="i" site="onlinetv.inea.pl" site_id="02" xmltv_id="TVP 2">TVP 2</channel>
    <channel update="i" site="onlinetv.inea.pl" site_id="17" xmltv_id="TVN">TVN</channel>
    <channel update="i" site="onlinetv.inea.pl" site_id="05" xmltv_id="POLSAT">POLSAT</channel>
    <channel update="i" site="onlinetv.inea.pl" site_id="103" xmltv_id="WTK">WTK</channel>
    <channel update="i" site="onlinetv.inea.pl" site_id="test-gal" xmltv_id="Lech TV">Lech TV</channel>
    <channel update="i" site="onlinetv.inea.pl" site_id="26" xmltv_id="TVP 3 Poznań">TVP 3 Poznań</channel>
    <channel update="i" site="onlinetv.inea.pl" site_id="549" xmltv_id="TVN 24 HD">TVN 24 HD</channel>
    <channel update="i" site="onlinetv.inea.pl" site_id="polsat-news-hd" xmltv_id="Polsat News HD">Polsat News HD</channel>
    <channel update="i" site="onlinetv.inea.pl" site_id="204" xmltv_id="TVP 1 HD">TVP 1 HD</channel>
    <channel update="i" site="onlinetv.inea.pl" site_id="530" xmltv_id="TVP 2 HD">TVP 2 HD</channel>
    <channel update="i" site="onlinetv.inea.pl" site_id="430" xmltv_id="TVN HD">TVN HD</channel>
    <channel update="i" site="onlinetv.inea.pl" site_id="474" xmltv_id="POLSAT HD">POLSAT HD</channel>
    <channel update="i" site="onlinetv.inea.pl" site_id="511" xmltv_id="Telewizja Wielkopolska HD">Telewizja Wielkopolska HD</channel>
    <channel update="i" site="onlinetv.inea.pl" site_id="525" xmltv_id="TVN 7 HD">TVN 7 HD</channel>
    <channel update="i" site="onlinetv.inea.pl" site_id="524" xmltv_id="TVN Style HD">TVN Style HD</channel>
    <channel update="i" site="onlinetv.inea.pl" site_id="526" xmltv_id="TVN Turbo HD">TVN Turbo HD</channel>
    <channel update="i" site="onlinetv.inea.pl" site_id="397" xmltv_id="TVN 24 BiS">TVN 24 BiS</channel>
    <channel update="i" site="onlinetv.inea.pl" site_id="334" xmltv_id="Polsat News 2">Polsat News 2</channel>
    <channel update="i" site="onlinetv.inea.pl" site_id="07" xmltv_id="TVN 7">TVN 7</channel>
    <channel update="i" site="onlinetv.inea.pl" site_id="18" xmltv_id="TV 4">TV 4</channel>
    <channel update="i" site="onlinetv.inea.pl" site_id="268" xmltv_id="TV 6">TV 6</channel>
    <channel update="i" site="onlinetv.inea.pl" site_id="06" xmltv_id="POLSAT 2">POLSAT 2</channel>
    <channel update="i" site="onlinetv.inea.pl" site_id="450" xmltv_id="TV Trwam">TV Trwam</channel>
    <channel update="i" site="onlinetv.inea.pl" site_id="140" xmltv_id="TTV">TTV</channel>
    <channel update="i" site="onlinetv.inea.pl" site_id="11" xmltv_id="TV Puls HD">TV Puls HD</channel>
    <channel update="i" site="onlinetv.inea.pl" site_id="458" xmltv_id="Mango 24">Mango 24</channel>
    <channel update="i" site="onlinetv.inea.pl" site_id="428" xmltv_id="HBO HD">HBO HD</channel>
    <channel update="i" site="onlinetv.inea.pl" site_id="503" xmltv_id="HBO2 HD">HBO2 HD</channel>
    <channel update="i" site="onlinetv.inea.pl" site_id="504" xmltv_id="HBO Comedy HD">HBO Comedy HD</channel>
    <channel update="i" site="onlinetv.inea.pl" site_id="237" xmltv_id="Cinemax HD">Cinemax HD</channel>
    <channel update="i" site="onlinetv.inea.pl" site_id="505" xmltv_id="Cinemax2 HD">Cinemax2 HD</channel>
    <channel update="i" site="onlinetv.inea.pl" site_id="506" xmltv_id="CANAL+ HD">CANAL+ HD</channel>
    <channel update="i" site="onlinetv.inea.pl" site_id="563" xmltv_id="CANAL+ 1 HD">CANAL+ 1 HD</channel>
    <channel update="i" site="onlinetv.inea.pl" site_id="427" xmltv_id="CANAL+ Sport HD">CANAL+ Sport HD</channel>
    <channel update="i" site="onlinetv.inea.pl" site_id="canal-sport-2-hd" xmltv_id="CANAL+ Sport 2 HD">CANAL+ Sport 2 HD</channel>
    <channel update="i" site="onlinetv.inea.pl" site_id="564" xmltv_id="CANAL+ Seriale HD">CANAL+ Seriale HD</channel>
    <channel update="i" site="onlinetv.inea.pl" site_id="562" xmltv_id="CANAL+ Family HD">CANAL+ Family HD</channel>
    <channel update="i" site="onlinetv.inea.pl" site_id="426" xmltv_id="CANAL+ Film HD">CANAL+ Film HD</channel>
    <channel update="i" site="onlinetv.inea.pl" site_id="canal-discoveryhd" xmltv_id="CANAL+ Discovery HD">CANAL+ Discovery HD</channel>
    <channel update="i" site="onlinetv.inea.pl" site_id="226" xmltv_id="Superstacja">Superstacja</channel>
    <channel update="i" site="onlinetv.inea.pl" site_id="tv-republika-hd" xmltv_id="TV Republika HD">TV Republika HD</channel>
    <channel update="i" site="onlinetv.inea.pl" site_id="581" xmltv_id="TV Republika">TV Republika</channel>
    <channel update="i" site="onlinetv.inea.pl" site_id="151" xmltv_id="TVN 24">TVN 24</channel>
    <channel update="i" site="onlinetv.inea.pl" site_id="tvp-info" xmltv_id="TVP Info">TVP Info</channel>
    <channel update="i" site="onlinetv.inea.pl" site_id="431" xmltv_id="POLSAT News">POLSAT News</channel>
    <channel update="i" site="onlinetv.inea.pl" site_id="tv-relax" xmltv_id="TV Relax">TV Relax</channel>
    <channel update="i" site="onlinetv.inea.pl" site_id="510" xmltv_id="Telewizja Wielkopolska">Telewizja Wielkopolska</channel>
    <channel update="i" site="onlinetv.inea.pl" site_id="eleven-hd" xmltv_id="Eleven HD">Eleven HD</channel>
    <channel update="i" site="onlinetv.inea.pl" site_id="eleven-sport-hd" xmltv_id="Eleven Sport HD">Eleven Sport HD</channel>
    <channel update="i" site="onlinetv.inea.pl" site_id="tvp-sport-hd" xmltv_id="TVP Sport HD">TVP Sport HD</channel>
    <channel update="i" site="onlinetv.inea.pl" site_id="302" xmltv_id="FightBox HD">FightBox HD</channel>
    <channel update="i" site="onlinetv.inea.pl" site_id="429" xmltv_id="Eurosport 1 HD">Eurosport 1 HD</channel>
    <channel update="i" site="onlinetv.inea.pl" site_id="476" xmltv_id="Eurosport 2 HD">Eurosport 2 HD</channel>
    <channel update="i" site="onlinetv.inea.pl" site_id="425" xmltv_id="POLSAT Sport HD">POLSAT Sport HD</channel>
    <channel update="i" site="onlinetv.inea.pl" site_id="173" xmltv_id="nSport+ HD">nSport+ HD</channel>
    <channel update="i" site="onlinetv.inea.pl" site_id="531" xmltv_id="POLSAT Sport Extra HD">POLSAT Sport Extra HD</channel>
    <channel update="i" site="onlinetv.inea.pl" site_id="family-sport-hd" xmltv_id="Active Family HD">Active Family HD</channel>
    <channel update="i" site="onlinetv.inea.pl" site_id="374" xmltv_id="TVP Sport">TVP Sport</channel>
    <channel update="i" site="onlinetv.inea.pl" site_id="269" xmltv_id="POLSAT Sport News">POLSAT Sport News</channel>
    <channel update="i" site="onlinetv.inea.pl" site_id="436" xmltv_id="Orange Sport">Orange Sport</channel>
    <channel update="i" site="onlinetv.inea.pl" site_id="42" xmltv_id="Eurosport 1">Eurosport 1</channel>
    <channel update="i" site="onlinetv.inea.pl" site_id="39" xmltv_id="Eurosport 2">Eurosport 2</channel>
    <channel update="i" site="onlinetv.inea.pl" site_id="120" xmltv_id="POLSAT Sport">POLSAT Sport</channel>
    <channel update="i" site="onlinetv.inea.pl" site_id="378" xmltv_id="nSport+">nSport+</channel>
    <channel update="i" site="onlinetv.inea.pl" site_id="357" xmltv_id="POLSAT Sport Extra">POLSAT Sport Extra</channel>
    <channel update="i" site="onlinetv.inea.pl" site_id="family-sport" xmltv_id="Active Family">Active Family</channel>
    <channel update="i" site="onlinetv.inea.pl" site_id="79" xmltv_id="Extreme Sports Channel">Extreme Sports Channel</channel>
    <channel update="i" site="onlinetv.inea.pl" site_id="279" xmltv_id="FightBox">FightBox</channel>
    <channel update="i" site="onlinetv.inea.pl" site_id="bbc-brit-hd" xmltv_id="BBC Brit HD">BBC Brit HD</channel>
    <channel update="i" site="onlinetv.inea.pl" site_id="tvn-fabula-hd-1" xmltv_id="TVN Fabula HD">TVN Fabula HD</channel>
    <channel update="i" site="onlinetv.inea.pl" site_id="fox-hd" xmltv_id="FOX HD">FOX HD</channel>
    <channel update="i" site="onlinetv.inea.pl" site_id="406" xmltv_id="FilmBox Extra HD">FilmBox Extra HD</channel>
    <channel update="i" site="onlinetv.inea.pl" site_id="246" xmltv_id="Ale Kino+ HD">Ale Kino+ HD</channel>
    <channel update="i" site="onlinetv.inea.pl" site_id="sundance-hd" xmltv_id="Sundance HD">Sundance HD</channel>
    <channel update="i" site="onlinetv.inea.pl" site_id="236" xmltv_id="BBC HD">BBC HD</channel>
    <channel update="i" site="onlinetv.inea.pl" site_id="228" xmltv_id="Stopklatka HD">Stopklatka HD</channel>
    <channel update="i" site="onlinetv.inea.pl" site_id="polsat-film-hd" xmltv_id="Polsat Film HD">Polsat Film HD</channel>
    <channel update="i" site="onlinetv.inea.pl" site_id="axn-hd" xmltv_id="AXN HD">AXN HD</channel>
    <channel update="i" site="onlinetv.inea.pl" site_id="axn-spin-hd" xmltv_id="AXN Spin HD">AXN Spin HD</channel>
    <channel update="i" site="onlinetv.inea.pl" site_id="370" xmltv_id="Comedy Central">Comedy Central</channel>
    <channel update="i" site="onlinetv.inea.pl" site_id="359" xmltv_id="Comedy Central Family">Comedy Central Family</channel>
    <channel update="i" site="onlinetv.inea.pl" site_id="438" xmltv_id="FilmBox Family">FilmBox Family</channel>
    <channel update="i" site="onlinetv.inea.pl" site_id="403" xmltv_id="FilmBox">FilmBox</channel>
    <channel update="i" site="onlinetv.inea.pl" site_id="405" xmltv_id="FilmBox PREMIUM">FilmBox PREMIUM</channel>
    <channel update="i" site="onlinetv.inea.pl" site_id="147" xmltv_id="AXN">AXN</channel>
    <channel update="i" site="onlinetv.inea.pl" site_id="366" xmltv_id="AXN White">AXN White</channel>
    <channel update="i" site="onlinetv.inea.pl" site_id="367" xmltv_id="AXN Black">AXN Black</channel>
    <channel update="i" site="onlinetv.inea.pl" site_id="fox" xmltv_id="FOX">FOX</channel>
    <channel update="i" site="onlinetv.inea.pl" site_id="85" xmltv_id="ale kino+">ale kino+</channel>
    <channel update="i" site="onlinetv.inea.pl" site_id="80" xmltv_id="CBS Europa">CBS Europa</channel>
    <channel update="i" site="onlinetv.inea.pl" site_id="497" xmltv_id="TVP Seriale">TVP Seriale</channel>
    <channel update="i" site="onlinetv.inea.pl" site_id="407" xmltv_id="BBC Brit">BBC Brit</channel>
    <channel update="i" site="onlinetv.inea.pl" site_id="294" xmltv_id="FilmBox Action">FilmBox Action</channel>
    <channel update="i" site="onlinetv.inea.pl" site_id="polsat-romans" xmltv_id="Polsat Romans">Polsat Romans</channel>
    <channel update="i" site="onlinetv.inea.pl" site_id="227" xmltv_id="Stopklatka">Stopklatka</channel>
    <channel update="i" site="onlinetv.inea.pl" site_id="04" xmltv_id="Kino Polska">Kino Polska</channel>
    <channel update="i" site="onlinetv.inea.pl" site_id="477" xmltv_id="POLSAT Film">POLSAT Film</channel>
    <channel update="i" site="onlinetv.inea.pl" site_id="277" xmltv_id="MiniMini+ HD">MiniMini+ HD</channel>
    <channel update="i" site="onlinetv.inea.pl" site_id="278" xmltv_id="teleTOON+ HD/HYPER+ HD">teleTOON+ HD/HYPER+ HD</channel>
    <channel update="i" site="onlinetv.inea.pl" site_id="519" xmltv_id="Nickelodeon HD">Nickelodeon HD</channel>
    <channel update="i" site="onlinetv.inea.pl" site_id="541" xmltv_id="ducktv HD">ducktv HD</channel>
    <channel update="i" site="onlinetv.inea.pl" site_id="cartoon-network-hd" xmltv_id="Cartoon Network HD">Cartoon Network HD</channel>
    <channel update="i" site="onlinetv.inea.pl" site_id="disney-channel-hd" xmltv_id="Disney Channel HD">Disney Channel HD</channel>
    <channel update="i" site="onlinetv.inea.pl" site_id="81" xmltv_id="MiniMini+">MiniMini+</channel>
    <channel update="i" site="onlinetv.inea.pl" site_id="88" xmltv_id="teleTOON+/HYPER+">teleTOON+/HYPER+</channel>
    <channel update="i" site="onlinetv.inea.pl" site_id="346" xmltv_id="Disney Channel">Disney Channel</channel>
    <channel update="i" site="onlinetv.inea.pl" site_id="74" xmltv_id="Disney XD">Disney XD</channel>
    <channel update="i" site="onlinetv.inea.pl" site_id="33" xmltv_id="Disney Junior">Disney Junior</channel>
    <channel update="i" site="onlinetv.inea.pl" site_id="72" xmltv_id="Cartoon Network">Cartoon Network</channel>
    <channel update="i" site="onlinetv.inea.pl" site_id="433" xmltv_id="Nickelodeon">Nickelodeon</channel>
    <channel update="i" site="onlinetv.inea.pl" site_id="502" xmltv_id="Nick Jr.">Nick Jr.</channel>
    <channel update="i" site="onlinetv.inea.pl" site_id="408" xmltv_id="BBC CBeebies">BBC CBeebies</channel>
    <channel update="i" site="onlinetv.inea.pl" site_id="414" xmltv_id="POLSAT JimJam">POLSAT JimJam</channel>
    <channel update="i" site="onlinetv.inea.pl" site_id="356" xmltv_id="Boomerang">Boomerang</channel>
    <channel update="i" site="onlinetv.inea.pl" site_id="400" xmltv_id="Da Vinci Learning">Da Vinci Learning</channel>
    <channel update="i" site="onlinetv.inea.pl" site_id="486" xmltv_id="Baby TV">Baby TV</channel>
    <channel update="i" site="onlinetv.inea.pl" site_id="423" xmltv_id="ducktv">ducktv</channel>
    <channel update="i" site="onlinetv.inea.pl" site_id="tvp-abc" xmltv_id="TVP ABC">TVP ABC</channel>
    <channel update="i" site="onlinetv.inea.pl" site_id="discovery-science-hd" xmltv_id="Discovery Science HD">Discovery Science HD</channel>
    <channel update="i" site="onlinetv.inea.pl" site_id="bbc-earth-hd" xmltv_id="BBC Earth HD">BBC Earth HD</channel>
    <channel update="i" site="onlinetv.inea.pl" site_id="adventure-hd" xmltv_id="Adventure HD">Adventure HD</channel>
    <channel update="i" site="onlinetv.inea.pl" site_id="fokus-tv-hd" xmltv_id="Fokus TV HD">Fokus TV HD</channel>
    <channel update="i" site="onlinetv.inea.pl" site_id="id-hd" xmltv_id="ID HD">ID HD</channel>
    <channel update="i" site="onlinetv.inea.pl" site_id="discovery-turboxtra-hd" xmltv_id="Discovery Turbo Xtra HD">Discovery Turbo Xtra HD</channel>
    <channel update="i" site="onlinetv.inea.pl" site_id="391" xmltv_id="National Geographic Channel HD">National Geographic Channel HD</channel>
    <channel update="i" site="onlinetv.inea.pl" site_id="473" xmltv_id="Nat Geo Wild HD">Nat Geo Wild HD</channel>
    <channel update="i" site="onlinetv.inea.pl" site_id="375" xmltv_id="Discovery Channel HD">Discovery Channel HD</channel>
    <channel update="i" site="onlinetv.inea.pl" site_id="472" xmltv_id="Animal Planet HD">Animal Planet HD</channel>
    <channel update="i" site="onlinetv.inea.pl" site_id="272" xmltv_id="PLANETE+ HD">PLANETE+ HD</channel>
    <channel update="i" site="onlinetv.inea.pl" site_id="rt-doc-hd" xmltv_id="RT Doc. HD">RT Doc. HD</channel>
    <channel update="i" site="onlinetv.inea.pl" site_id="67" xmltv_id="Discovery Channel">Discovery Channel</channel>
    <channel update="i" site="onlinetv.inea.pl" site_id="96" xmltv_id="Discovery Science">Discovery Science</channel>
    <channel update="i" site="onlinetv.inea.pl" site_id="97" xmltv_id="Discovery Turbo Xtra">Discovery Turbo Xtra</channel>
    <channel update="i" site="onlinetv.inea.pl" site_id="466" xmltv_id="ID">ID</channel>
    <channel update="i" site="onlinetv.inea.pl" site_id="63" xmltv_id="Discovery Life">Discovery Life</channel>
    <channel update="i" site="onlinetv.inea.pl" site_id="66" xmltv_id="Travel Channel">Travel Channel</channel>
    <channel update="i" site="onlinetv.inea.pl" site_id="76" xmltv_id="National Geographic Channel">National Geographic Channel</channel>
    <channel update="i" site="onlinetv.inea.pl" site_id="392" xmltv_id="Nat Geo Wild">Nat Geo Wild</channel>
    <channel update="i" site="onlinetv.inea.pl" site_id="40" xmltv_id="POLSAT Viasat Explorer">POLSAT Viasat Explorer</channel>
    <channel update="i" site="onlinetv.inea.pl" site_id="38" xmltv_id="POLSAT Viasat History">POLSAT Viasat History</channel>
    <channel update="i" site="onlinetv.inea.pl" site_id="409" xmltv_id="BBC Earth">BBC Earth</channel>
    <channel update="i" site="onlinetv.inea.pl" site_id="15" xmltv_id="PLANETE+">PLANETE+</channel>
    <channel update="i" site="onlinetv.inea.pl" site_id="394" xmltv_id="TVN Meteo Active">TVN Meteo Active</channel>
    <channel update="i" site="onlinetv.inea.pl" site_id="390" xmltv_id="TVP Historia">TVP Historia</channel>
    <channel update="i" site="onlinetv.inea.pl" site_id="343" xmltv_id="TVP Kultura">TVP Kultura</channel>
    <channel update="i" site="onlinetv.inea.pl" site_id="340" xmltv_id="RT Documentary">RT Documentary</channel>
    <channel update="i" site="onlinetv.inea.pl" site_id="fokus-tv" xmltv_id="Fokus TV">Fokus TV</channel>
    <channel update="i" site="onlinetv.inea.pl" site_id="78" xmltv_id="Adventure TV">Adventure TV</channel>
    <channel update="i" site="onlinetv.inea.pl" site_id="english-club-hd" xmltv_id="English Club HD">English Club HD</channel>
    <channel update="i" site="onlinetv.inea.pl" site_id="tlc-hd" xmltv_id="TLC HD">TLC HD</channel>
    <channel update="i" site="onlinetv.inea.pl" site_id="537" xmltv_id="FashionBOX HD">FashionBOX HD</channel>
    <channel update="i" site="onlinetv.inea.pl" site_id="275" xmltv_id="kuchnia+ HD">kuchnia+ HD</channel>
    <channel update="i" site="onlinetv.inea.pl" site_id="276" xmltv_id="DOMO+ HD">DOMO+ HD</channel>
    <channel update="i" site="onlinetv.inea.pl" site_id="polsat-cafe-hd" xmltv_id="POLSAT Cafe HD">POLSAT Cafe HD</channel>
    <channel update="i" site="onlinetv.inea.pl" site_id="polsat-play-hd" xmltv_id="POLSAT Play HD">POLSAT Play HD</channel>
    <channel update="i" site="onlinetv.inea.pl" site_id="333" xmltv_id="TVN Style">TVN Style</channel>
    <channel update="i" site="onlinetv.inea.pl" site_id="443" xmltv_id="POLSAT Cafe">POLSAT Cafe</channel>
    <channel update="i" site="onlinetv.inea.pl" site_id="95" xmltv_id="TLC">TLC</channel>
    <channel update="i" site="onlinetv.inea.pl" site_id="84" xmltv_id="English Club">English Club</channel>
    <channel update="i" site="onlinetv.inea.pl" site_id="440" xmltv_id="DOMO+">DOMO+</channel>
    <channel update="i" site="onlinetv.inea.pl" site_id="369" xmltv_id="kuchnia+">kuchnia+</channel>
    <channel update="i" site="onlinetv.inea.pl" site_id="538" xmltv_id="Fashion One">Fashion One</channel>
    <channel update="i" site="onlinetv.inea.pl" site_id="398" xmltv_id="Power TV">Power TV</channel>
    <channel update="i" site="onlinetv.inea.pl" site_id="410" xmltv_id="BBC Lifestyle">BBC Lifestyle</channel>
    <channel update="i" site="onlinetv.inea.pl" site_id="442" xmltv_id="POLSAT Play">POLSAT Play</channel>
    <channel update="i" site="onlinetv.inea.pl" site_id="145" xmltv_id="TVN Turbo">TVN Turbo</channel>
    <channel update="i" site="onlinetv.inea.pl" site_id="492" xmltv_id="ATM Rozrywka">ATM Rozrywka</channel>
    <channel update="i" site="onlinetv.inea.pl" site_id="568" xmltv_id="TVP Rozrywka">TVP Rozrywka</channel>
    <channel update="i" site="onlinetv.inea.pl" site_id="14" xmltv_id="HBO">HBO</channel>
    <channel update="i" site="onlinetv.inea.pl" site_id="12" xmltv_id="HBO2">HBO2</channel>
    <channel update="i" site="onlinetv.inea.pl" site_id="385" xmltv_id="HBO Comedy">HBO Comedy</channel>
    <channel update="i" site="onlinetv.inea.pl" site_id="36" xmltv_id="Cinemax">Cinemax</channel>
    <channel update="i" site="onlinetv.inea.pl" site_id="358" xmltv_id="Cinemax2">Cinemax2</channel>
    <channel update="i" site="onlinetv.inea.pl" site_id="13" xmltv_id="CANAL+">CANAL+</channel>
    <channel update="i" site="onlinetv.inea.pl" site_id="87" xmltv_id="CANAL+ Sport">CANAL+ Sport</channel>
    <channel update="i" site="onlinetv.inea.pl" site_id="86" xmltv_id="CANAL+ Film">CANAL+ Film</channel>
    <channel update="i" site="onlinetv.inea.pl" site_id="559" xmltv_id="CANAL+ Seriale">CANAL+ Seriale</channel>
    <channel update="i" site="onlinetv.inea.pl" site_id="560" xmltv_id="CANAL+ Family">CANAL+ Family</channel>
    <channel update="i" site="onlinetv.inea.pl" site_id="561" xmltv_id="CANAL+ 1">CANAL+ 1</channel>
    <channel update="i" site="onlinetv.inea.pl" site_id="eska-hd" xmltv_id="ESKA HD">ESKA HD</channel>
    <channel update="i" site="onlinetv.inea.pl" site_id="djazz-hd" xmltv_id="Djazz HD">Djazz HD</channel>
    <channel update="i" site="onlinetv.inea.pl" site_id="brava-hd" xmltv_id="Brava HD">Brava HD</channel>
    <channel update="i" site="onlinetv.inea.pl" site_id="490" xmltv_id="STARS.TV HD">STARS.TV HD</channel>
    <channel update="i" site="onlinetv.inea.pl" site_id="439" xmltv_id="MTV Live HD">MTV Live HD</channel>
    <channel update="i" site="onlinetv.inea.pl" site_id="power-tv-hd" xmltv_id="Power TV HD">Power TV HD</channel>
    <channel update="i" site="onlinetv.inea.pl" site_id="480" xmltv_id="4FUN HITS">4FUN HITS</channel>
    <channel update="i" site="onlinetv.inea.pl" site_id="10" xmltv_id="MTV Polska">MTV Polska</channel>
    <channel update="i" site="onlinetv.inea.pl" site_id="142" xmltv_id="MTV Rocks">MTV Rocks</channel>
    <channel update="i" site="onlinetv.inea.pl" site_id="349" xmltv_id="MTV Dance">MTV Dance</channel>
    <channel update="i" site="onlinetv.inea.pl" site_id="344" xmltv_id="MTV Hits">MTV Hits</channel>
    <channel update="i" site="onlinetv.inea.pl" site_id="424" xmltv_id="Disco Polo Music">Disco Polo Music</channel>
    <channel update="i" site="onlinetv.inea.pl" site_id="309" xmltv_id="Muzo.tv">Muzo.tv</channel>
    <channel update="i" site="onlinetv.inea.pl" site_id="89" xmltv_id="Brava">Brava</channel>
    <channel update="i" site="onlinetv.inea.pl" site_id="144" xmltv_id="VH1 Classic European">VH1 Classic European</channel>
    <channel update="i" site="onlinetv.inea.pl" site_id="470" xmltv_id="VH1">VH1</channel>
    <channel update="i" site="onlinetv.inea.pl" site_id="263" xmltv_id="Kino Polska Muzyka">Kino Polska Muzyka</channel>
    <channel update="i" site="onlinetv.inea.pl" site_id="337" xmltv_id="4fun.tv">4fun.tv</channel>
    <channel update="i" site="onlinetv.inea.pl" site_id="4fun-fit-dance" xmltv_id="4FUN FIT DANCE">4FUN FIT DANCE</channel>
    <channel update="i" site="onlinetv.inea.pl" site_id="464" xmltv_id="Eska TV">Eska TV</channel>
    <channel update="i" site="onlinetv.inea.pl" site_id="509" xmltv_id="Polo TV">Polo TV</channel>
    <channel update="i" site="onlinetv.inea.pl" site_id="542" xmltv_id="STARS.TV">STARS.TV</channel>
    <channel update="i" site="onlinetv.inea.pl" site_id="vox-music-tv" xmltv_id="VOX Music TV">VOX Music TV</channel>
    <channel update="i" site="onlinetv.inea.pl" site_id="92" xmltv_id="VIVA Polska">VIVA Polska</channel>
    <channel update="i" site="onlinetv.inea.pl" site_id="tv4-hd" xmltv_id="TV 4 HD">TV 4 HD</channel>
    <channel update="i" site="onlinetv.inea.pl" site_id="polsat-2-hd" xmltv_id="POLSAT 2 HD">POLSAT 2 HD</channel>
    <channel update="i" site="onlinetv.inea.pl" site_id="puls-2-hd" xmltv_id="Puls 2 HD">Puls 2 HD</channel>
    <channel update="i" site="onlinetv.inea.pl" site_id="edusat-hd" xmltv_id="ETV HD">ETV HD</channel>
    <channel update="i" site="onlinetv.inea.pl" site_id="tv-asta-hd" xmltv_id="TV ASTA HD">TV ASTA HD</channel>
    <channel update="i" site="onlinetv.inea.pl" site_id="527" xmltv_id="Tele 5 HD">Tele 5 HD</channel>
    <channel update="i" site="onlinetv.inea.pl" site_id="447" xmltv_id="TVS HD">TVS HD</channel>
    <channel update="i" site="onlinetv.inea.pl" site_id="404" xmltv_id="EWTN">EWTN</channel>
    <channel update="i" site="onlinetv.inea.pl" site_id="280" xmltv_id="PULS 2">PULS 2</channel>
    <channel update="i" site="onlinetv.inea.pl" site_id="16" xmltv_id="Tele 5">Tele 5</channel>
    <channel update="i" site="onlinetv.inea.pl" site_id="08" xmltv_id="Polonia 1">Polonia 1</channel>
    <channel update="i" site="onlinetv.inea.pl" site_id="03" xmltv_id="TVP Polonia">TVP Polonia</channel>
    <channel update="i" site="onlinetv.inea.pl" site_id="338" xmltv_id="ETV">ETV</channel>
    <channel update="i" site="onlinetv.inea.pl" site_id="417" xmltv_id="TVS">TVS</channel>
    <channel update="i" site="onlinetv.inea.pl" site_id="41" xmltv_id="TO!TV">TO!TV</channel>
    <channel update="i" site="onlinetv.inea.pl" site_id="tv-puls-hd" xmltv_id="TV Puls">TV Puls</channel>
    <channel update="i" site="onlinetv.inea.pl" site_id="rt-hd" xmltv_id="Russia Today HD">Russia Today HD</channel>
    <channel update="i" site="onlinetv.inea.pl" site_id="73" xmltv_id="CNN - PL">CNN - PL</channel>
    <channel update="i" site="onlinetv.inea.pl" site_id="188" xmltv_id="Euronews">Euronews</channel>
    <channel update="i" site="onlinetv.inea.pl" site_id="160" xmltv_id="BBC World News">BBC World News</channel>
    <channel update="i" site="onlinetv.inea.pl" site_id="384" xmltv_id="France 24 - ENG">France 24 - ENG</channel>
    <channel update="i" site="onlinetv.inea.pl" site_id="108" xmltv_id="TVE">TVE</channel>
    <channel update="i" site="onlinetv.inea.pl" site_id="459" xmltv_id="Russia Today">Russia Today</channel>
    <channel update="i" site="onlinetv.inea.pl" site_id="247" xmltv_id="TV 5 Monde Europe">TV 5 Monde Europe</channel>
    <channel update="i" site="onlinetv.inea.pl" site_id="373" xmltv_id="France 24">France 24</channel>
    <channel update="i" site="onlinetv.inea.pl" site_id="184" xmltv_id="DW">DW</channel>
    <channel update="i" site="onlinetv.inea.pl" site_id="372" xmltv_id="Al Jazeera">Al Jazeera</channel>
    <channel update="i" site="onlinetv.inea.pl" site_id="piervej-kanal" xmltv_id="Piervej Kanal">Piervej Kanal</channel>
    <channel update="i" site="onlinetv.inea.pl" site_id="507" xmltv_id="Belsat TV">Belsat TV</channel>
    <channel update="i" site="onlinetv.inea.pl" site_id="136" xmltv_id="CNBC">CNBC</channel>
    <channel update="i" site="onlinetv.inea.pl" site_id="128" xmltv_id="Sky News">Sky News</channel>
    <channel update="i" site="onlinetv.inea.pl" site_id="350" xmltv_id="Playboy TV">Playboy TV</channel>
    <channel update="i" site="onlinetv.inea.pl" site_id="445" xmltv_id="Hustler TV">Hustler TV</channel>
    <channel update="i" site="onlinetv.inea.pl" site_id="451" xmltv_id="Brazzers TV">Brazzers TV</channel>
  </channels>
</site>