﻿<?xml version="1.0" encoding="UTF-8"?>
<site generator-info-name="WebGrab+Plus/w MDB &amp; REX Postprocess -- version V1.56.24 -- Jan van Straaten" site="programtv.onet.pl">
  <channels>
    <channel update="i" site="programtv.onet.pl" site_id="/program-tv/13th-street-250" xmltv_id="13th Street">13th Street</channel>
    <channel update="i" site="programtv.onet.pl" site_id="/program-tv/13-tv-312" xmltv_id="13.tv">13.tv</channel>
    <channel update="i" site="programtv.onet.pl" site_id="/program-tv/13-ulica-316" xmltv_id="13 Ulica">13 Ulica</channel>
    <channel update="i" site="programtv.onet.pl" site_id="/program-tv/13-ulica-hd-509" xmltv_id="13 Ulica HD">13 Ulica HD</channel>
    <channel update="i" site="programtv.onet.pl" site_id="/program-tv/360tunebox-302" xmltv_id="360TuneBox">360TuneBox</channel>
    <channel update="i" site="programtv.onet.pl" site_id="/program-tv/360tunebox-hd-304" xmltv_id="360TuneBox HD">360TuneBox HD</channel>
    <channel update="i" site="programtv.onet.pl" site_id="/program-tv/3sat-248" xmltv_id="3SAT">3SAT</channel>
    <channel update="i" site="programtv.onet.pl" site_id="/program-tv/4fun-tv-269" xmltv_id="4FUN.TV">4FUN.TV</channel>
    <channel update="i" site="programtv.onet.pl" site_id="/program-tv/4fun-fit-dance-244" xmltv_id="4FUN FIT&amp;DANCE">4FUN FIT&amp;DANCE</channel>
    <channel update="i" site="programtv.onet.pl" site_id="/program-tv/4fun-hits-283" xmltv_id="4FUN HITS">4FUN HITS</channel>
    <channel update="i" site="programtv.onet.pl" site_id="/program-tv/ab-moteurs-242" xmltv_id="AB Moteurs">AB Moteurs</channel>
    <channel update="i" site="programtv.onet.pl" site_id="/program-tv/active-family-300" xmltv_id="Active Family">Active Family</channel>
    <channel update="i" site="programtv.onet.pl" site_id="/program-tv/active-family-hd-301" xmltv_id="Active Family HD">Active Family HD</channel>
    <channel update="i" site="programtv.onet.pl" site_id="/program-tv/adult-channel-265" xmltv_id="Adult Channel">Adult Channel</channel>
    <channel update="i" site="programtv.onet.pl" site_id="/program-tv/adventure-303" xmltv_id="Adventure">Adventure</channel>
    <channel update="i" site="programtv.onet.pl" site_id="/program-tv/adventure-hd-305" xmltv_id="Adventure HD">Adventure HD</channel>
    <channel update="i" site="programtv.onet.pl" site_id="/program-tv/ale-kino-319" xmltv_id="Ale kino+">Ale kino+</channel>
    <channel update="i" site="programtv.onet.pl" site_id="/program-tv/ale-kino-hd-262" xmltv_id="Ale kino+ HD">Ale kino+ HD</channel>
    <channel update="i" site="programtv.onet.pl" site_id="/program-tv/al-jazeera-31" xmltv_id="Al Jazeera">Al Jazeera</channel>
    <channel update="i" site="programtv.onet.pl" site_id="/program-tv/amazing-tv-508" xmltv_id="Amazing TV">Amazing TV</channel>
    <channel update="i" site="programtv.onet.pl" site_id="/program-tv/mgm-333" xmltv_id="AMC">AMC</channel>
    <channel update="i" site="programtv.onet.pl" site_id="/program-tv/mgm-hd-68" xmltv_id="AMC HD">AMC HD</channel>
    <channel update="i" site="programtv.onet.pl" site_id="/program-tv/animal-planet-hd-284" xmltv_id="Animal Planet HD">Animal Planet HD</channel>
    <channel update="i" site="programtv.onet.pl" site_id="/program-tv/animal-planet-niem-264" xmltv_id="Animal Planet (niem.)">Animal Planet (niem.)</channel>
    <channel update="i" site="programtv.onet.pl" site_id="/program-tv/ard-alpha-252" xmltv_id="ARD-alpha">ARD-alpha</channel>
    <channel update="i" site="programtv.onet.pl" site_id="/program-tv/arirang-tv-30" xmltv_id="Arirang TV">Arirang TV</channel>
    <channel update="i" site="programtv.onet.pl" site_id="/program-tv/arte-253" xmltv_id="Arte">Arte</channel>
    <channel update="i" site="programtv.onet.pl" site_id="/program-tv/arte-hd-290" xmltv_id="Arte HD">Arte HD</channel>
    <channel update="i" site="programtv.onet.pl" site_id="/program-tv/atm-rozrywka-287" xmltv_id="ATM Rozrywka">ATM Rozrywka</channel>
    <channel update="i" site="programtv.onet.pl" site_id="/program-tv/atv-251" xmltv_id="ATV">ATV</channel>
    <channel update="i" site="programtv.onet.pl" site_id="/program-tv/axn-249" xmltv_id="AXN">AXN</channel>
    <channel update="i" site="programtv.onet.pl" site_id="/program-tv/axn-black-271" xmltv_id="AXN Black">AXN Black</channel>
    <channel update="i" site="programtv.onet.pl" site_id="/program-tv/axn-hd-286" xmltv_id="AXN HD">AXN HD</channel>
    <channel update="i" site="programtv.onet.pl" site_id="/program-tv/axn-spin-294" xmltv_id="AXN Spin">AXN Spin</channel>
    <channel update="i" site="programtv.onet.pl" site_id="/program-tv/axn-spin-hd-292" xmltv_id="AXN Spin HD">AXN Spin HD</channel>
    <channel update="i" site="programtv.onet.pl" site_id="/program-tv/axn-white-272" xmltv_id="AXN White">AXN White</channel>
    <channel update="i" site="programtv.onet.pl" site_id="/program-tv/babyfirsttv-282" xmltv_id="BabyFirstTV">BabyFirstTV</channel>
    <channel update="i" site="programtv.onet.pl" site_id="/program-tv/baby-tv-285" xmltv_id="Baby TV">Baby TV</channel>
    <channel update="i" site="programtv.onet.pl" site_id="/program-tv/bbc-brit-275" xmltv_id="BBC Brit">BBC Brit</channel>
    <channel update="i" site="programtv.onet.pl" site_id="/program-tv/bbc-brit-hd-306" xmltv_id="BBC Brit HD">BBC Brit HD</channel>
    <channel update="i" site="programtv.onet.pl" site_id="/program-tv/bbc-cbeebies-2" xmltv_id="BBC CBeebies">BBC CBeebies</channel>
    <channel update="i" site="programtv.onet.pl" site_id="/program-tv/bbc-earth-274" xmltv_id="BBC Earth">BBC Earth</channel>
    <channel update="i" site="programtv.onet.pl" site_id="/program-tv/bbc-earth-hd-263" xmltv_id="BBC Earth HD">BBC Earth HD</channel>
    <channel update="i" site="programtv.onet.pl" site_id="/program-tv/bbc-hd-261" xmltv_id="BBC HD">BBC HD</channel>
    <channel update="i" site="programtv.onet.pl" site_id="/program-tv/bbc-lifestyle-277" xmltv_id="BBC Lifestyle">BBC Lifestyle</channel>
    <channel update="i" site="programtv.onet.pl" site_id="/program-tv/bbc-world-news-254" xmltv_id="BBC World News">BBC World News</channel>
    <channel update="i" site="programtv.onet.pl" site_id="/program-tv/bbc-world-news-pl-322" xmltv_id="BBC World News - PL">BBC World News - PL</channel>
    <channel update="i" site="programtv.onet.pl" site_id="/program-tv/beate-uhse-tv-256" xmltv_id="Beate-Uhse.TV">Beate-Uhse.TV</channel>
    <channel update="i" site="programtv.onet.pl" site_id="/program-tv/belgia-tv1-268" xmltv_id="Belgia - TV1">Belgia - TV1</channel>
    <channel update="i" site="programtv.onet.pl" site_id="/program-tv/belsat-tv-289" xmltv_id="Belsat TV">Belsat TV</channel>
    <channel update="i" site="programtv.onet.pl" site_id="/program-tv/bibel-tv-266" xmltv_id="Bibel TV">Bibel TV</channel>
    <channel update="i" site="programtv.onet.pl" site_id="/program-tv/bloomberg-ang-245" xmltv_id="Bloomberg (ang.)">Bloomberg (ang.)</channel>
    <channel update="i" site="programtv.onet.pl" site_id="/program-tv/blue-hustler-280" xmltv_id="Blue Hustler">Blue Hustler</channel>
    <channel update="i" site="programtv.onet.pl" site_id="/program-tv/boomerang-270" xmltv_id="Boomerang">Boomerang</channel>
    <channel update="i" site="programtv.onet.pl" site_id="/program-tv/br-255" xmltv_id="BR">BR</channel>
    <channel update="i" site="programtv.onet.pl" site_id="/program-tv/brazzers-tv-europe-279" xmltv_id="Brazzers TV Europe">Brazzers TV Europe</channel>
    <channel update="i" site="programtv.onet.pl" site_id="/program-tv/brava-hd-51" xmltv_id="brava hd">brava hd</channel>
    <channel update="i" site="programtv.onet.pl" site_id="/program-tv/canal-246" xmltv_id="CANAL+">CANAL+</channel>
    <channel update="i" site="programtv.onet.pl" site_id="/program-tv/canal-1-295" xmltv_id="CANAL+ 1">CANAL+ 1</channel>
    <channel update="i" site="programtv.onet.pl" site_id="/program-tv/canal-1-hd-299" xmltv_id="CANAL+ 1 HD">CANAL+ 1 HD</channel>
    <channel update="i" site="programtv.onet.pl" site_id="/program-tv/canal-discovery-307" xmltv_id="CANAL+ Discovery">CANAL+ Discovery</channel>
    <channel update="i" site="programtv.onet.pl" site_id="/program-tv/canal-discovery-hd-308" xmltv_id="CANAL+ Discovery HD">CANAL+ Discovery HD</channel>
    <channel update="i" site="programtv.onet.pl" site_id="/program-tv/canal-family-296" xmltv_id="CANAL+ Family">CANAL+ Family</channel>
    <channel update="i" site="programtv.onet.pl" site_id="/program-tv/canal-family-hd-297" xmltv_id="CANAL+ Family HD">CANAL+ Family HD</channel>
    <channel update="i" site="programtv.onet.pl" site_id="/program-tv/canal-film-320" xmltv_id="CANAL+ Film">CANAL+ Film</channel>
    <channel update="i" site="programtv.onet.pl" site_id="/program-tv/canal-film-hd-278" xmltv_id="CANAL+ Film HD">CANAL+ Film HD</channel>
    <channel update="i" site="programtv.onet.pl" site_id="/program-tv/canal-hd-288" xmltv_id="CANAL+ HD">CANAL+ HD</channel>
    <channel update="i" site="programtv.onet.pl" site_id="/program-tv/canal-seriale-293" xmltv_id="CANAL+ Seriale">CANAL+ Seriale</channel>
    <channel update="i" site="programtv.onet.pl" site_id="/program-tv/canal-seriale-hd-298" xmltv_id="CANAL+ Seriale HD">CANAL+ Seriale HD</channel>
    <channel update="i" site="programtv.onet.pl" site_id="/program-tv/canal-sport-14" xmltv_id="CANAL+ Sport">CANAL+ Sport</channel>
    <channel update="i" site="programtv.onet.pl" site_id="/program-tv/canal-sport-2-15" xmltv_id="CANAL+ Sport 2">CANAL+ Sport 2</channel>
    <channel update="i" site="programtv.onet.pl" site_id="/program-tv/canal-sport-2-hd-13" xmltv_id="CANAL+ Sport 2 HD">CANAL+ Sport 2 HD</channel>
    <channel update="i" site="programtv.onet.pl" site_id="/program-tv/canal-sport-hd-12" xmltv_id="CANAL+ Sport HD">CANAL+ Sport HD</channel>
    <channel update="i" site="programtv.onet.pl" site_id="/program-tv/cartoon-network-273" xmltv_id="Cartoon Network">Cartoon Network</channel>
    <channel update="i" site="programtv.onet.pl" site_id="/program-tv/cartoon-network-tnt-313" xmltv_id="Cartoon Network/TNT">Cartoon Network/TNT</channel>
    <channel update="i" site="programtv.onet.pl" site_id="/program-tv/cartoon-network-hd-310" xmltv_id="Cartoon Network HD">Cartoon Network HD</channel>
    <channel update="i" site="programtv.onet.pl" site_id="/program-tv/cbs-action-315" xmltv_id="CBS Action">CBS Action</channel>
    <channel update="i" site="programtv.onet.pl" site_id="/program-tv/cbs-drama-311" xmltv_id="CBS Drama">CBS Drama</channel>
    <channel update="i" site="programtv.onet.pl" site_id="/program-tv/cbs-europa-317" xmltv_id="CBS Europa">CBS Europa</channel>
    <channel update="i" site="programtv.onet.pl" site_id="/program-tv/cbs-europa-hd-309" xmltv_id="CBS Europa HD">CBS Europa HD</channel>
    <channel update="i" site="programtv.onet.pl" site_id="/program-tv/cbs-reality-318" xmltv_id="CBS Reality">CBS Reality</channel>
    <channel update="i" site="programtv.onet.pl" site_id="/program-tv/cctv-news-291" xmltv_id="CCTV News">CCTV News</channel>
    <channel update="i" site="programtv.onet.pl" site_id="/program-tv/channel-21-shop-267" xmltv_id="Channel 21 Shop">Channel 21 Shop</channel>
    <channel update="i" site="programtv.onet.pl" site_id="/program-tv/channel-one-russia-276" xmltv_id="Channel One Russia">Channel One Russia</channel>
    <channel update="i" site="programtv.onet.pl" site_id="/program-tv/cinemax-59" xmltv_id="Cinemax">Cinemax</channel>
    <channel update="i" site="programtv.onet.pl" site_id="/program-tv/cinemax2-58" xmltv_id="Cinemax2">Cinemax2</channel>
    <channel update="i" site="programtv.onet.pl" site_id="/program-tv/cinemax2-hd-56" xmltv_id="Cinemax2 HD">Cinemax2 HD</channel>
    <channel update="i" site="programtv.onet.pl" site_id="/program-tv/cinemax-hd-57" xmltv_id="Cinemax HD">Cinemax HD</channel>
    <channel update="i" site="programtv.onet.pl" site_id="/program-tv/ci-polsat-257" xmltv_id="CI POLSAT">CI POLSAT</channel>
    <channel update="i" site="programtv.onet.pl" site_id="/program-tv/classica-259" xmltv_id="Classica">Classica</channel>
    <channel update="i" site="programtv.onet.pl" site_id="/program-tv/classica-hd-281" xmltv_id="Classica HD">Classica HD</channel>
    <channel update="i" site="programtv.onet.pl" site_id="/program-tv/cnbc-247" xmltv_id="CNBC">CNBC</channel>
    <channel update="i" site="programtv.onet.pl" site_id="/program-tv/cnn-258" xmltv_id="CNN">CNN</channel>
    <channel update="i" site="programtv.onet.pl" site_id="/program-tv/cnn-pl-314" xmltv_id="CNN - PL">CNN - PL</channel>
    <channel update="i" site="programtv.onet.pl" site_id="/program-tv/comedy-central-63" xmltv_id="Comedy Central">Comedy Central</channel>
    <channel update="i" site="programtv.onet.pl" site_id="/program-tv/comedy-central-family-61" xmltv_id="Comedy Central Family">Comedy Central Family</channel>
    <channel update="i" site="programtv.onet.pl" site_id="/program-tv/comedy-central-hd-60" xmltv_id="Comedy Central HD">Comedy Central HD</channel>
    <channel update="i" site="programtv.onet.pl" site_id="/program-tv/ct-1-241" xmltv_id="CT 1">CT 1</channel>
    <channel update="i" site="programtv.onet.pl" site_id="/program-tv/ct-2-243" xmltv_id="CT 2">CT 2</channel>
    <channel update="i" site="programtv.onet.pl" site_id="/program-tv/czworka-polskie-radio-133" xmltv_id="Czwórka Polskie Radio">Czwórka Polskie Radio</channel>
    <channel update="i" site="programtv.onet.pl" site_id="/program-tv/czworka-polskie-radio-hd-140" xmltv_id="Czwórka Polskie Radio HD">Czwórka Polskie Radio HD</channel>
    <channel update="i" site="programtv.onet.pl" site_id="/program-tv/c-music-tv-260" xmltv_id="C Music TV">C Music TV</channel>
    <channel update="i" site="programtv.onet.pl" site_id="/program-tv/dami-skarzysko-kamienna-174" xmltv_id="Dami Skarżysko-Kamienna">Dami Skarżysko-Kamienna</channel>
    <channel update="i" site="programtv.onet.pl" site_id="/program-tv/das-erste-350" xmltv_id="Das Erste">Das Erste</channel>
    <channel update="i" site="programtv.onet.pl" site_id="/program-tv/das-erste-hd-134" xmltv_id="Das Erste HD">Das Erste HD</channel>
    <channel update="i" site="programtv.onet.pl" site_id="/program-tv/da-vinci-learning-83" xmltv_id="Da Vinci Learning">Da Vinci Learning</channel>
    <channel update="i" site="programtv.onet.pl" site_id="/program-tv/deutsches-musik-fernsehen-119" xmltv_id="Deutsches Musik Fernsehen">Deutsches Musik Fernsehen</channel>
    <channel update="i" site="programtv.onet.pl" site_id="/program-tv/discovery-channel-202" xmltv_id="Discovery Channel">Discovery Channel</channel>
    <channel update="i" site="programtv.onet.pl" site_id="/program-tv/discovery-channel-hd-67" xmltv_id="Discovery Channel HD">Discovery Channel HD</channel>
    <channel update="i" site="programtv.onet.pl" site_id="/program-tv/discovery-channel-niem-358" xmltv_id="Discovery Channel (niem.)">Discovery Channel (niem.)</channel>
    <channel update="i" site="programtv.onet.pl" site_id="/program-tv/discovery-hd-niem-450" xmltv_id="Discovery HD (niem.)">Discovery HD (niem.)</channel>
    <channel update="i" site="programtv.onet.pl" site_id="/program-tv/discovery-historia-54" xmltv_id="Discovery Historia">Discovery Historia</channel>
    <channel update="i" site="programtv.onet.pl" site_id="/program-tv/discovery-life-187" xmltv_id="Discovery Life">Discovery Life</channel>
    <channel update="i" site="programtv.onet.pl" site_id="/program-tv/discovery-science-53" xmltv_id="Discovery Science">Discovery Science</channel>
    <channel update="i" site="programtv.onet.pl" site_id="/program-tv/discovery-science-hd-52" xmltv_id="Discovery Science HD">Discovery Science HD</channel>
    <channel update="i" site="programtv.onet.pl" site_id="/program-tv/discovery-turbo-xtra-239" xmltv_id="Discovery Turbo Xtra">Discovery Turbo Xtra</channel>
    <channel update="i" site="programtv.onet.pl" site_id="/program-tv/discovery-turbo-xtra-hd-189" xmltv_id="Discovery Turbo Xtra HD">Discovery Turbo Xtra HD</channel>
    <channel update="i" site="programtv.onet.pl" site_id="/program-tv/disco-polo-music-191" xmltv_id="Disco Polo Music">Disco Polo Music</channel>
    <channel update="i" site="programtv.onet.pl" site_id="/program-tv/disney-channel-478" xmltv_id="Disney Channel">Disney Channel</channel>
    <channel update="i" site="programtv.onet.pl" site_id="/program-tv/disney-channel-hd-216" xmltv_id="Disney Channel HD">Disney Channel HD</channel>
    <channel update="i" site="programtv.onet.pl" site_id="/program-tv/disney-cinemagic-455" xmltv_id="Disney Cinemagic">Disney Cinemagic</channel>
    <channel update="i" site="programtv.onet.pl" site_id="/program-tv/disney-junior-469" xmltv_id="Disney Junior">Disney Junior</channel>
    <channel update="i" site="programtv.onet.pl" site_id="/program-tv/disney-xd-235" xmltv_id="Disney XD">Disney XD</channel>
    <channel update="i" site="programtv.onet.pl" site_id="/program-tv/djazz-tv-196" xmltv_id="DJAZZ.tv">DJAZZ.tv</channel>
    <channel update="i" site="programtv.onet.pl" site_id="/program-tv/dmax-428" xmltv_id="DMAX">DMAX</channel>
    <channel update="i" site="programtv.onet.pl" site_id="/program-tv/docubox-167" xmltv_id="DocuBox">DocuBox</channel>
    <channel update="i" site="programtv.onet.pl" site_id="/program-tv/docubox-hd-175" xmltv_id="DocuBox HD">DocuBox HD</channel>
    <channel update="i" site="programtv.onet.pl" site_id="/program-tv/domo-106" xmltv_id="Domo+">Domo+</channel>
    <channel update="i" site="programtv.onet.pl" site_id="/program-tv/domo-hd-437" xmltv_id="Domo+ HD">Domo+ HD</channel>
    <channel update="i" site="programtv.onet.pl" site_id="/program-tv/dorcel-tv-507" xmltv_id="Dorcel TV">Dorcel TV</channel>
    <channel update="i" site="programtv.onet.pl" site_id="/program-tv/dorcel-xxx-506" xmltv_id="Dorcel XXX">Dorcel XXX</channel>
    <channel update="i" site="programtv.onet.pl" site_id="/program-tv/dr-1-359" xmltv_id="DR 1">DR 1</channel>
    <channel update="i" site="programtv.onet.pl" site_id="/program-tv/dr-2-361" xmltv_id="DR 2">DR 2</channel>
    <channel update="i" site="programtv.onet.pl" site_id="/program-tv/dw-364" xmltv_id="DW">DW</channel>
    <channel update="i" site="programtv.onet.pl" site_id="/program-tv/dlaciebie-tv-442" xmltv_id="dlaCiebie.tv">dlaCiebie.tv</channel>
    <channel update="i" site="programtv.onet.pl" site_id="/program-tv/ducktv-94" xmltv_id="ducktv">ducktv</channel>
    <channel update="i" site="programtv.onet.pl" site_id="/program-tv/ducktv-hd-151" xmltv_id="ducktv HD">ducktv HD</channel>
    <channel update="i" site="programtv.onet.pl" site_id="/program-tv/einsfestival-363" xmltv_id="EinsFestival">EinsFestival</channel>
    <channel update="i" site="programtv.onet.pl" site_id="/program-tv/einslive-427" xmltv_id="EinsLive">EinsLive</channel>
    <channel update="i" site="programtv.onet.pl" site_id="/program-tv/einsplus-484" xmltv_id="EinsPlus">EinsPlus</channel>
    <channel update="i" site="programtv.onet.pl" site_id="/program-tv/eleven-208" xmltv_id="Eleven">Eleven</channel>
    <channel update="i" site="programtv.onet.pl" site_id="/program-tv/eleven-hd-227" xmltv_id="Eleven HD">Eleven HD</channel>
    <channel update="i" site="programtv.onet.pl" site_id="/program-tv/eleven-hd-sports-228" xmltv_id="Eleven HD Sports">Eleven HD Sports</channel>
    <channel update="i" site="programtv.onet.pl" site_id="/program-tv/eleven-sports-212" xmltv_id="Eleven Sports">Eleven Sports</channel>
    <channel update="i" site="programtv.onet.pl" site_id="/program-tv/english-club-tv-148" xmltv_id="English Club TV">English Club TV</channel>
    <channel update="i" site="programtv.onet.pl" site_id="/program-tv/english-club-tv-hd-181" xmltv_id="English Club TV HD">English Club TV HD</channel>
    <channel update="i" site="programtv.onet.pl" site_id="/program-tv/eroxxx-hd-512" xmltv_id="Eroxxx HD">Eroxxx HD</channel>
    <channel update="i" site="programtv.onet.pl" site_id="/program-tv/eska-tv-114" xmltv_id="Eska TV">Eska TV</channel>
    <channel update="i" site="programtv.onet.pl" site_id="/program-tv/eska-tv-hd-221" xmltv_id="Eska TV HD">Eska TV HD</channel>
    <channel update="i" site="programtv.onet.pl" site_id="/program-tv/etv-473" xmltv_id="ETV">ETV</channel>
    <channel update="i" site="programtv.onet.pl" site_id="/program-tv/etv-hd-154" xmltv_id="ETV HD">ETV HD</channel>
    <channel update="i" site="programtv.onet.pl" site_id="/program-tv/eurochannel-180" xmltv_id="Eurochannel">Eurochannel</channel>
    <channel update="i" site="programtv.onet.pl" site_id="/program-tv/euronews-367" xmltv_id="Euronews">Euronews</channel>
    <channel update="i" site="programtv.onet.pl" site_id="/program-tv/eurosport-1-93" xmltv_id="Eurosport 1">Eurosport 1</channel>
    <channel update="i" site="programtv.onet.pl" site_id="/program-tv/eurosport-1-hd-97" xmltv_id="Eurosport 1 HD">Eurosport 1 HD</channel>
    <channel update="i" site="programtv.onet.pl" site_id="/program-tv/eurosport-2-76" xmltv_id="Eurosport 2">Eurosport 2</channel>
    <channel update="i" site="programtv.onet.pl" site_id="/program-tv/eurosport-2-hd-120" xmltv_id="Eurosport 2 HD">Eurosport 2 HD</channel>
    <channel update="i" site="programtv.onet.pl" site_id="/program-tv/eurosport-niem-366" xmltv_id="Eurosport (niem.)">Eurosport (niem.)</channel>
    <channel update="i" site="programtv.onet.pl" site_id="/program-tv/ewtn-207" xmltv_id="EWTN">EWTN</channel>
    <channel update="i" site="programtv.onet.pl" site_id="/program-tv/extreme-sports-channel-231" xmltv_id="Extreme Sports Channel">Extreme Sports Channel</channel>
    <channel update="i" site="programtv.onet.pl" site_id="/program-tv/extreme-sports-channel-hd-217" xmltv_id="Extreme Sports Channel HD">Extreme Sports Channel HD</channel>
    <channel update="i" site="programtv.onet.pl" site_id="/program-tv/e-entertainment-73" xmltv_id="E! Entertainment">E! Entertainment</channel>
    <channel update="i" site="programtv.onet.pl" site_id="/program-tv/e-entertainment-hd-169" xmltv_id="E! Entertainment HD">E! Entertainment HD</channel>
    <channel update="i" site="programtv.onet.pl" site_id="/program-tv/fashionbox-hd-171" xmltv_id="FashionBox HD">FashionBox HD</channel>
    <channel update="i" site="programtv.onet.pl" site_id="/program-tv/fashion-one-153" xmltv_id="Fashion One">Fashion One</channel>
    <channel update="i" site="programtv.onet.pl" site_id="/program-tv/fashion-one-hd-150" xmltv_id="Fashion One HD">Fashion One HD</channel>
    <channel update="i" site="programtv.onet.pl" site_id="/program-tv/fashion-tv-233" xmltv_id="Fashion TV">Fashion TV</channel>
    <channel update="i" site="programtv.onet.pl" site_id="/program-tv/fashion-tv-hd-125" xmltv_id="Fashion TV HD">Fashion TV HD</channel>
    <channel update="i" site="programtv.onet.pl" site_id="/program-tv/fast-funbox-hd-104" xmltv_id="Fast&amp;FunBox HD">Fast&amp;FunBox HD</channel>
    <channel update="i" site="programtv.onet.pl" site_id="/program-tv/fightbox-436" xmltv_id="FightBox">FightBox</channel>
    <channel update="i" site="programtv.onet.pl" site_id="/program-tv/fightbox-hd-453" xmltv_id="FightBox HD">FightBox HD</channel>
    <channel update="i" site="programtv.onet.pl" site_id="/program-tv/fightklub-78" xmltv_id="Fightklub">Fightklub</channel>
    <channel update="i" site="programtv.onet.pl" site_id="/program-tv/fightklub-hd-168" xmltv_id="Fightklub HD">Fightklub HD</channel>
    <channel update="i" site="programtv.onet.pl" site_id="/program-tv/filmbox-84" xmltv_id="FilmBox">FilmBox</channel>
    <channel update="i" site="programtv.onet.pl" site_id="/program-tv/filmbox-action-451" xmltv_id="FilmBox Action">FilmBox Action</channel>
    <channel update="i" site="programtv.onet.pl" site_id="/program-tv/filmbox-arthouse-183" xmltv_id="FilmBox Arthouse">FilmBox Arthouse</channel>
    <channel update="i" site="programtv.onet.pl" site_id="/program-tv/filmbox-arthouse-hd-190" xmltv_id="FilmBox Arthouse HD">FilmBox Arthouse HD</channel>
    <channel update="i" site="programtv.onet.pl" site_id="/program-tv/filmbox-extra-hd-86" xmltv_id="FilmBox Extra HD">FilmBox Extra HD</channel>
    <channel update="i" site="programtv.onet.pl" site_id="/program-tv/filmbox-family-103" xmltv_id="FilmBox Family">FilmBox Family</channel>
    <channel update="i" site="programtv.onet.pl" site_id="/program-tv/filmbox-premium-85" xmltv_id="FilmBox Premium">FilmBox Premium</channel>
    <channel update="i" site="programtv.onet.pl" site_id="/program-tv/fokus-tv-46" xmltv_id="Fokus TV">Fokus TV</channel>
    <channel update="i" site="programtv.onet.pl" site_id="/program-tv/fokus-tv-hd-47" xmltv_id="Fokus TV HD">Fokus TV HD</channel>
    <channel update="i" site="programtv.onet.pl" site_id="/program-tv/folx-tv-206" xmltv_id="Folx TV">Folx TV</channel>
    <channel update="i" site="programtv.onet.pl" site_id="/program-tv/food-network-hd-240" xmltv_id="Food Network HD">Food Network HD</channel>
    <channel update="i" site="programtv.onet.pl" site_id="/program-tv/fox-127" xmltv_id="FOX">FOX</channel>
    <channel update="i" site="programtv.onet.pl" site_id="/program-tv/fox-comedy-75" xmltv_id="FOX Comedy">FOX Comedy</channel>
    <channel update="i" site="programtv.onet.pl" site_id="/program-tv/fox-comedy-hd-405" xmltv_id="FOX Comedy HD">FOX Comedy HD</channel>
    <channel update="i" site="programtv.onet.pl" site_id="/program-tv/fox-hd-128" xmltv_id="FOX HD">FOX HD</channel>
    <channel update="i" site="programtv.onet.pl" site_id="/program-tv/france-24-491" xmltv_id="France 24">France 24</channel>
    <channel update="i" site="programtv.onet.pl" site_id="/program-tv/france-24-en-70" xmltv_id="France 24 - EN">France 24 - EN</channel>
    <channel update="i" site="programtv.onet.pl" site_id="/program-tv/france-2-pl-329" xmltv_id="France 2 - PL">France 2 - PL</channel>
    <channel update="i" site="programtv.onet.pl" site_id="/program-tv/france-3-464" xmltv_id="France 3">France 3</channel>
    <channel update="i" site="programtv.onet.pl" site_id="/program-tv/france-5-111" xmltv_id="France 5">France 5</channel>
    <channel update="i" site="programtv.onet.pl" site_id="/program-tv/france-o-112" xmltv_id="France O">France O</channel>
    <channel update="i" site="programtv.onet.pl" site_id="/program-tv/franken-fernsehen-370" xmltv_id="Franken Fernsehen">Franken Fernsehen</channel>
    <channel update="i" site="programtv.onet.pl" site_id="/program-tv/ginx-tv-503" xmltv_id="GINX TV">GINX TV</channel>
    <channel update="i" site="programtv.onet.pl" site_id="/program-tv/ginx-tv-hd-504" xmltv_id="GINX TV HD">GINX TV HD</channel>
    <channel update="i" site="programtv.onet.pl" site_id="/program-tv/goldstar-tv-371" xmltv_id="Goldstar TV">Goldstar TV</channel>
    <channel update="i" site="programtv.onet.pl" site_id="/program-tv/gotv-452" xmltv_id="gotv">gotv</channel>
    <channel update="i" site="programtv.onet.pl" site_id="/program-tv/h2-203" xmltv_id="H2">H2</channel>
    <channel update="i" site="programtv.onet.pl" site_id="/program-tv/h2-hd-205" xmltv_id="H2 HD">H2 HD</channel>
    <channel update="i" site="programtv.onet.pl" site_id="/program-tv/hamburg-1-373" xmltv_id="Hamburg 1">Hamburg 1</channel>
    <channel update="i" site="programtv.onet.pl" site_id="/program-tv/hbo-23" xmltv_id="HBO">HBO</channel>
    <channel update="i" site="programtv.onet.pl" site_id="/program-tv/hbo2-24" xmltv_id="HBO2">HBO2</channel>
    <channel update="i" site="programtv.onet.pl" site_id="/program-tv/hbo2-hd-27" xmltv_id="HBO2 HD">HBO2 HD</channel>
    <channel update="i" site="programtv.onet.pl" site_id="/program-tv/hbo-3-25" xmltv_id="HBO3">HBO3</channel>
    <channel update="i" site="programtv.onet.pl" site_id="/program-tv/hbo-3-hd-28" xmltv_id="HBO3 HD">HBO3 HD</channel>
    <channel update="i" site="programtv.onet.pl" site_id="/program-tv/hbo-hd-26" xmltv_id="HBO HD">HBO HD</channel>
    <channel update="i" site="programtv.onet.pl" site_id="/program-tv/heimatkanal-372" xmltv_id="Heimatkanal">Heimatkanal</channel>
    <channel update="i" site="programtv.onet.pl" site_id="/program-tv/hip-hop-tv-511" xmltv_id="HIP HOP TV">HIP HOP TV</channel>
    <channel update="i" site="programtv.onet.pl" site_id="/program-tv/history-91" xmltv_id="HISTORY">HISTORY</channel>
    <channel update="i" site="programtv.onet.pl" site_id="/program-tv/history-hd-92" xmltv_id="HISTORY HD">HISTORY HD</channel>
    <channel update="i" site="programtv.onet.pl" site_id="/program-tv/history-hd-niem-458" xmltv_id="HISTORY HD (niem.)">HISTORY HD (niem.)</channel>
    <channel update="i" site="programtv.onet.pl" site_id="/program-tv/hr-374" xmltv_id="HR">HR</channel>
    <channel update="i" site="programtv.onet.pl" site_id="/program-tv/hse-24-457" xmltv_id="HSE 24">HSE 24</channel>
    <channel update="i" site="programtv.onet.pl" site_id="/program-tv/hustler-hd-138" xmltv_id="Hustler HD">Hustler HD</channel>
    <channel update="i" site="programtv.onet.pl" site_id="/program-tv/hustler-tv-107" xmltv_id="Hustler TV">Hustler TV</channel>
    <channel update="i" site="programtv.onet.pl" site_id="/program-tv/id-117" xmltv_id="ID">ID</channel>
    <channel update="i" site="programtv.onet.pl" site_id="/program-tv/id-hd-188" xmltv_id="ID HD">ID HD</channel>
    <channel update="i" site="programtv.onet.pl" site_id="/program-tv/ipol-tv-501" xmltv_id="iPol TV">iPol TV</channel>
    <channel update="i" site="programtv.onet.pl" site_id="/program-tv/junior-niem-375" xmltv_id="Junior (niem.)">Junior (niem.)</channel>
    <channel update="i" site="programtv.onet.pl" site_id="/program-tv/kabel-eins-376" xmltv_id="Kabel Eins">Kabel Eins</channel>
    <channel update="i" site="programtv.onet.pl" site_id="/program-tv/kanal-38-497" xmltv_id="Kanał 38">Kanał 38</channel>
    <channel update="i" site="programtv.onet.pl" site_id="/program-tv/ki-ka-377" xmltv_id="KI.KA">KI.KA</channel>
    <channel update="i" site="programtv.onet.pl" site_id="/program-tv/kino-polska-324" xmltv_id="Kino Polska">Kino Polska</channel>
    <channel update="i" site="programtv.onet.pl" site_id="/program-tv/kino-polska-international-493" xmltv_id="Kino Polska International">Kino Polska International</channel>
    <channel update="i" site="programtv.onet.pl" site_id="/program-tv/kino-polska-muzyka-426" xmltv_id="Kino Polska Muzyka">Kino Polska Muzyka</channel>
    <channel update="i" site="programtv.onet.pl" site_id="/program-tv/kino-polska-muzyka-international-195" xmltv_id="Kino Polska Muzyka International">Kino Polska Muzyka International</channel>
    <channel update="i" site="programtv.onet.pl" site_id="/program-tv/ksw-513" xmltv_id="KSW">KSW</channel>
    <channel update="i" site="programtv.onet.pl" site_id="/program-tv/ksw-hd-515" xmltv_id="KSW HD">KSW HD</channel>
    <channel update="i" site="programtv.onet.pl" site_id="/program-tv/kuchnia-489" xmltv_id="Kuchnia+">Kuchnia+</channel>
    <channel update="i" site="programtv.onet.pl" site_id="/program-tv/kuchnia-hd-434" xmltv_id="Kuchnia+ HD">Kuchnia+ HD</channel>
    <channel update="i" site="programtv.onet.pl" site_id="/program-tv/lifetime-50" xmltv_id="Lifetime">Lifetime</channel>
    <channel update="i" site="programtv.onet.pl" site_id="/program-tv/lifetime-hd-49" xmltv_id="Lifetime HD">Lifetime HD</channel>
    <channel update="i" site="programtv.onet.pl" site_id="/program-tv/love-81" xmltv_id="LOVE">LOVE</channel>
    <channel update="i" site="programtv.onet.pl" site_id="/program-tv/lubelska-tv-210" xmltv_id="Lubelska.tv">Lubelska.tv</channel>
    <channel update="i" site="programtv.onet.pl" site_id="/program-tv/mango-24-113" xmltv_id="Mango 24">Mango 24</channel>
    <channel update="i" site="programtv.onet.pl" site_id="/program-tv/mcm-top-459" xmltv_id="MCM Top">MCM Top</channel>
    <channel update="i" site="programtv.onet.pl" site_id="/program-tv/mdr-381" xmltv_id="MDR">MDR</channel>
    <channel update="i" site="programtv.onet.pl" site_id="/program-tv/mezzo-234" xmltv_id="Mezzo">Mezzo</channel>
    <channel update="i" site="programtv.onet.pl" site_id="/program-tv/mezzo-live-hd-398" xmltv_id="Mezzo Live HD">Mezzo Live HD</channel>
    <channel update="i" site="programtv.onet.pl" site_id="/program-tv/mgm-niem-456" xmltv_id="MGM (niem.)">MGM (niem.)</channel>
    <channel update="i" site="programtv.onet.pl" site_id="/program-tv/minimini-236" xmltv_id="MiniMini+">MiniMini+</channel>
    <channel update="i" site="programtv.onet.pl" site_id="/program-tv/minimini-hd-435" xmltv_id="MiniMini+ HD">MiniMini+ HD</channel>
    <channel update="i" site="programtv.onet.pl" site_id="/program-tv/motors-tv-479" xmltv_id="Motors TV">Motors TV</channel>
    <channel update="i" site="programtv.onet.pl" site_id="/program-tv/motorvision-341" xmltv_id="Motorvision">Motorvision</channel>
    <channel update="i" site="programtv.onet.pl" site_id="/program-tv/motowizja-178" xmltv_id="Motowizja">Motowizja</channel>
    <channel update="i" site="programtv.onet.pl" site_id="/program-tv/motowizja-hd-194" xmltv_id="Motowizja HD">Motowizja HD</channel>
    <channel update="i" site="programtv.onet.pl" site_id="/program-tv/mtv-base-55" xmltv_id="MTV Base">MTV Base</channel>
    <channel update="i" site="programtv.onet.pl" site_id="/program-tv/mtv-dance-481" xmltv_id="MTV Dance">MTV Dance</channel>
    <channel update="i" site="programtv.onet.pl" site_id="/program-tv/mtv-europe-118" xmltv_id="MTV Europe">MTV Europe</channel>
    <channel update="i" site="programtv.onet.pl" site_id="/program-tv/mtv-germany-382" xmltv_id="MTV Germany">MTV Germany</channel>
    <channel update="i" site="programtv.onet.pl" site_id="/program-tv/mtv-hits-476" xmltv_id="MTV Hits">MTV Hits</channel>
    <channel update="i" site="programtv.onet.pl" site_id="/program-tv/mtv-live-hd-105" xmltv_id="MTV Live HD">MTV Live HD</channel>
    <channel update="i" site="programtv.onet.pl" site_id="/program-tv/mtv-polska-7" xmltv_id="MTV Polska">MTV Polska</channel>
    <channel update="i" site="programtv.onet.pl" site_id="/program-tv/mtv-rocks-344" xmltv_id="MTV Rocks">MTV Rocks</channel>
    <channel update="i" site="programtv.onet.pl" site_id="/program-tv/muzo-tv-200" xmltv_id="Muzo.tv">Muzo.tv</channel>
    <channel update="i" site="programtv.onet.pl" site_id="/program-tv/m-6-215" xmltv_id="M 6">M 6</channel>
    <channel update="i" site="programtv.onet.pl" site_id="/program-tv/muenchen-tv-486" xmltv_id="muenchen.tv">muenchen.tv</channel>
    <channel update="i" site="programtv.onet.pl" site_id="/program-tv/muenchen-2-343" xmltv_id="muenchen 2">muenchen 2</channel>
    <channel update="i" site="programtv.onet.pl" site_id="/program-tv/myzen-tv-hd-396" xmltv_id="myZen.tv HD">myZen.tv HD</channel>
    <channel update="i" site="programtv.onet.pl" site_id="/program-tv/national-geographic-channel-32" xmltv_id="National Geographic Channel">National Geographic Channel</channel>
    <channel update="i" site="programtv.onet.pl" site_id="/program-tv/national-geographic-channel-hd-34" xmltv_id="National Geographic Channel HD">National Geographic Channel HD</channel>
    <channel update="i" site="programtv.onet.pl" site_id="/program-tv/nat-geo-people-hd-211" xmltv_id="Nat Geo People HD">Nat Geo People HD</channel>
    <channel update="i" site="programtv.onet.pl" site_id="/program-tv/nat-geo-wild-77" xmltv_id="Nat Geo Wild">Nat Geo Wild</channel>
    <channel update="i" site="programtv.onet.pl" site_id="/program-tv/nat-geo-wild-hd-121" xmltv_id="Nat Geo Wild HD">Nat Geo Wild HD</channel>
    <channel update="i" site="programtv.onet.pl" site_id="/program-tv/nautical-channel-116" xmltv_id="Nautical Channel">Nautical Channel</channel>
    <channel update="i" site="programtv.onet.pl" site_id="/program-tv/ndr-383" xmltv_id="NDR">NDR</channel>
    <channel update="i" site="programtv.onet.pl" site_id="/program-tv/nhk-world-tv-11" xmltv_id="NHK World TV">NHK World TV</channel>
    <channel update="i" site="programtv.onet.pl" site_id="/program-tv/nick-488" xmltv_id="NICK">NICK</channel>
    <channel update="i" site="programtv.onet.pl" site_id="/program-tv/nickelodeon-42" xmltv_id="Nickelodeon">Nickelodeon</channel>
    <channel update="i" site="programtv.onet.pl" site_id="/program-tv/nickelodeon-hd-44" xmltv_id="Nickelodeon HD">Nickelodeon HD</channel>
    <channel update="i" site="programtv.onet.pl" site_id="/program-tv/nick-jr-45" xmltv_id="Nick Jr.">Nick Jr.</channel>
    <channel update="i" site="programtv.onet.pl" site_id="/program-tv/nova-331" xmltv_id="Nova">Nova</channel>
    <channel update="i" site="programtv.onet.pl" site_id="/program-tv/novela-tv-461" xmltv_id="Novela tv">Novela tv</channel>
    <channel update="i" site="programtv.onet.pl" site_id="/program-tv/novela-tv-hd-155" xmltv_id="Novela tv HD">Novela tv HD</channel>
    <channel update="i" site="programtv.onet.pl" site_id="/program-tv/npo-1-385" xmltv_id="NPO 1">NPO 1</channel>
    <channel update="i" site="programtv.onet.pl" site_id="/program-tv/npo-2-505" xmltv_id="NPO 2">NPO 2</channel>
    <channel update="i" site="programtv.onet.pl" site_id="/program-tv/npo-3-387" xmltv_id="NPO 3">NPO 3</channel>
    <channel update="i" site="programtv.onet.pl" site_id="/program-tv/ntl-radomsko-184" xmltv_id="NTL Radomsko">NTL Radomsko</channel>
    <channel update="i" site="programtv.onet.pl" site_id="/program-tv/nuta-tv-214" xmltv_id="Nuta.TV">Nuta.TV</channel>
    <channel update="i" site="programtv.onet.pl" site_id="/program-tv/nuta-tv-hd-213" xmltv_id="Nuta.TV HD">Nuta.TV HD</channel>
    <channel update="i" site="programtv.onet.pl" site_id="/program-tv/n-24-384" xmltv_id="N 24">N 24</channel>
    <channel update="i" site="programtv.onet.pl" site_id="/program-tv/nsport-19" xmltv_id="nSport+">nSport+</channel>
    <channel update="i" site="programtv.onet.pl" site_id="/program-tv/nsport-hd-17" xmltv_id="nSport+ HD">nSport+ HD</channel>
    <channel update="i" site="programtv.onet.pl" site_id="/program-tv/n-tv-388" xmltv_id="n-tv">n-tv</channel>
    <channel update="i" site="programtv.onet.pl" site_id="/program-tv/ontv-137" xmltv_id="ONTV">ONTV</channel>
    <channel update="i" site="programtv.onet.pl" site_id="/program-tv/ontv-hd-161" xmltv_id="ONTV HD">ONTV HD</channel>
    <channel update="i" site="programtv.onet.pl" site_id="/program-tv/opoka-tv-48" xmltv_id="OPOKA.TV">OPOKA.TV</channel>
    <channel update="i" site="programtv.onet.pl" site_id="/program-tv/orange-sport-102" xmltv_id="Orange Sport">Orange Sport</channel>
    <channel update="i" site="programtv.onet.pl" site_id="/program-tv/orf-1-390" xmltv_id="ORF 1">ORF 1</channel>
    <channel update="i" site="programtv.onet.pl" site_id="/program-tv/orf-2-393" xmltv_id="ORF 2">ORF 2</channel>
    <channel update="i" site="programtv.onet.pl" site_id="/program-tv/outdoor-channel-hd-389" xmltv_id="Outdoor Channel HD">Outdoor Channel HD</channel>
    <channel update="i" site="programtv.onet.pl" site_id="/program-tv/paramount-channel-hd-65" xmltv_id="Paramount Channel HD">Paramount Channel HD</channel>
    <channel update="i" site="programtv.onet.pl" site_id="/program-tv/phoenix-391" xmltv_id="Phoenix">Phoenix</channel>
    <channel update="i" site="programtv.onet.pl" site_id="/program-tv/planete-349" xmltv_id="Planete+">Planete+</channel>
    <channel update="i" site="programtv.onet.pl" site_id="/program-tv/planete-hd-432" xmltv_id="Planete+ HD">Planete+ HD</channel>
    <channel update="i" site="programtv.onet.pl" site_id="/program-tv/playboy-tv-482" xmltv_id="Playboy TV">Playboy TV</channel>
    <channel update="i" site="programtv.onet.pl" site_id="/program-tv/polonia-1-328" xmltv_id="Polonia 1">Polonia 1</channel>
    <channel update="i" site="programtv.onet.pl" site_id="/program-tv/polo-tv-135" xmltv_id="Polo TV">Polo TV</channel>
    <channel update="i" site="programtv.onet.pl" site_id="/program-tv/polsat-38" xmltv_id="POLSAT">POLSAT</channel>
    <channel update="i" site="programtv.onet.pl" site_id="/program-tv/polsat-1-36" xmltv_id="POLSAT 1">POLSAT 1</channel>
    <channel update="i" site="programtv.onet.pl" site_id="/program-tv/polsat-2-327" xmltv_id="POLSAT 2">POLSAT 2</channel>
    <channel update="i" site="programtv.onet.pl" site_id="/program-tv/polsat-2-hd-218" xmltv_id="POLSAT 2 HD">POLSAT 2 HD</channel>
    <channel update="i" site="programtv.onet.pl" site_id="/program-tv/polsat-boxing-night-510" xmltv_id="POLSAT Boxing Night">POLSAT Boxing Night</channel>
    <channel update="i" site="programtv.onet.pl" site_id="/program-tv/polsat-caf-110" xmltv_id="POLSAT Café">POLSAT Café</channel>
    <channel update="i" site="programtv.onet.pl" site_id="/program-tv/polsat-caf-hd-219" xmltv_id="POLSAT Café HD">POLSAT Café HD</channel>
    <channel update="i" site="programtv.onet.pl" site_id="/program-tv/polsat-film-123" xmltv_id="POLSAT Film">POLSAT Film</channel>
    <channel update="i" site="programtv.onet.pl" site_id="/program-tv/polsat-film-hd-162" xmltv_id="POLSAT Film HD">POLSAT Film HD</channel>
    <channel update="i" site="programtv.onet.pl" site_id="/program-tv/polsat-food-157" xmltv_id="POLSAT Food">POLSAT Food</channel>
    <channel update="i" site="programtv.onet.pl" site_id="/program-tv/polsat-food-network-hd-209" xmltv_id="POLSAT Food Network HD">POLSAT Food Network HD</channel>
    <channel update="i" site="programtv.onet.pl" site_id="/program-tv/polsat-hd-35" xmltv_id="POLSAT HD">POLSAT HD</channel>
    <channel update="i" site="programtv.onet.pl" site_id="/program-tv/polsat-jimjam-89" xmltv_id="POLSAT JimJam">POLSAT JimJam</channel>
    <channel update="i" site="programtv.onet.pl" site_id="/program-tv/polsat-news-100" xmltv_id="POLSAT News">POLSAT News</channel>
    <channel update="i" site="programtv.onet.pl" site_id="/program-tv/polsat-news-2-471" xmltv_id="POLSAT News 2">POLSAT News 2</channel>
    <channel update="i" site="programtv.onet.pl" site_id="/program-tv/polsat-news-hd-229" xmltv_id="POLSAT News HD">POLSAT News HD</channel>
    <channel update="i" site="programtv.onet.pl" site_id="/program-tv/polsat-play-21" xmltv_id="POLSAT Play">POLSAT Play</channel>
    <channel update="i" site="programtv.onet.pl" site_id="/program-tv/polsat-play-hd-22" xmltv_id="POLSAT Play HD">POLSAT Play HD</channel>
    <channel update="i" site="programtv.onet.pl" site_id="/program-tv/polsat-romans-173" xmltv_id="POLSAT Romans">POLSAT Romans</channel>
    <channel update="i" site="programtv.onet.pl" site_id="/program-tv/polsat-sport-334" xmltv_id="POLSAT Sport">POLSAT Sport</channel>
    <channel update="i" site="programtv.onet.pl" site_id="/program-tv/polsat-sport-2-516" xmltv_id="POLSAT Sport 2">POLSAT Sport 2</channel>
    <channel update="i" site="programtv.onet.pl" site_id="/program-tv/polsat-sport-2-hd-518" xmltv_id="POLSAT Sport 2 HD">POLSAT Sport 2 HD</channel>
    <channel update="i" site="programtv.onet.pl" site_id="/program-tv/polsat-sport-3-517" xmltv_id="POLSAT Sport 3">POLSAT Sport 3</channel>
    <channel update="i" site="programtv.onet.pl" site_id="/program-tv/polsat-sport-3-hd-519" xmltv_id="POLSAT Sport 3 HD">POLSAT Sport 3 HD</channel>
    <channel update="i" site="programtv.onet.pl" site_id="/program-tv/polsat-sport-extra-485" xmltv_id="POLSAT Sport Extra">POLSAT Sport Extra</channel>
    <channel update="i" site="programtv.onet.pl" site_id="/program-tv/polsat-sport-extra-hd-144" xmltv_id="POLSAT Sport Extra HD">POLSAT Sport Extra HD</channel>
    <channel update="i" site="programtv.onet.pl" site_id="/program-tv/polsat-sport-hd-96" xmltv_id="POLSAT Sport HD">POLSAT Sport HD</channel>
    <channel update="i" site="programtv.onet.pl" site_id="/program-tv/polsat-sport-news-431" xmltv_id="POLSAT Sport News">POLSAT Sport News</channel>
    <channel update="i" site="programtv.onet.pl" site_id="/program-tv/polsat-viasat-explore-hd-82" xmltv_id="POLSAT Viasat Explore HD">POLSAT Viasat Explore HD</channel>
    <channel update="i" site="programtv.onet.pl" site_id="/program-tv/polsat-viasat-history-hd-71" xmltv_id="POLSAT Viasat History HD">POLSAT Viasat History HD</channel>
    <channel update="i" site="programtv.onet.pl" site_id="/program-tv/polsat-viasat-nature-413" xmltv_id="POLSAT Viasat Nature">POLSAT Viasat Nature</channel>
    <channel update="i" site="programtv.onet.pl" site_id="/program-tv/polskie-radio-program-1-460" xmltv_id="Polskie Radio Program 1">Polskie Radio Program 1</channel>
    <channel update="i" site="programtv.onet.pl" site_id="/program-tv/polskie-radio-program-2-494" xmltv_id="Polskie Radio Program 2">Polskie Radio Program 2</channel>
    <channel update="i" site="programtv.onet.pl" site_id="/program-tv/pomorska-tv-146" xmltv_id="Pomorska.TV">Pomorska.TV</channel>
    <channel update="i" site="programtv.onet.pl" site_id="/program-tv/power-tv-176" xmltv_id="Power TV">Power TV</channel>
    <channel update="i" site="programtv.onet.pl" site_id="/program-tv/power-tv-hd-177" xmltv_id="Power TV HD">Power TV HD</channel>
    <channel update="i" site="programtv.onet.pl" site_id="/program-tv/press-tv-66" xmltv_id="Press TV">Press TV</channel>
    <channel update="i" site="programtv.onet.pl" site_id="/program-tv/private-tv-351" xmltv_id="Private TV">Private TV</channel>
    <channel update="i" site="programtv.onet.pl" site_id="/program-tv/pro-7-395" xmltv_id="PRO 7">PRO 7</channel>
    <channel update="i" site="programtv.onet.pl" site_id="/program-tv/puls-2-439" xmltv_id="PULS 2">PULS 2</channel>
    <channel update="i" site="programtv.onet.pl" site_id="/program-tv/puls-2-hd-199" xmltv_id="PULS 2 HD">PULS 2 HD</channel>
    <channel update="i" site="programtv.onet.pl" site_id="/program-tv/qvc-397" xmltv_id="QVC">QVC</channel>
    <channel update="i" site="programtv.onet.pl" site_id="/program-tv/rai-1-338" xmltv_id="RAI 1">RAI 1</channel>
    <channel update="i" site="programtv.onet.pl" site_id="/program-tv/rai-2-336" xmltv_id="RAI 2">RAI 2</channel>
    <channel update="i" site="programtv.onet.pl" site_id="/program-tv/rai-3-337" xmltv_id="RAI 3">RAI 3</channel>
    <channel update="i" site="programtv.onet.pl" site_id="/program-tv/rbb-466" xmltv_id="RBB">RBB</channel>
    <channel update="i" site="programtv.onet.pl" site_id="/program-tv/reality-kings-tv-223" xmltv_id="Reality Kings TV">Reality Kings TV</channel>
    <channel update="i" site="programtv.onet.pl" site_id="/program-tv/record-tv-64" xmltv_id="Record TV">Record TV</channel>
    <channel update="i" site="programtv.onet.pl" site_id="/program-tv/redlight-499" xmltv_id="Redlight">Redlight</channel>
    <channel update="i" site="programtv.onet.pl" site_id="/program-tv/redlight-hd-498" xmltv_id="Redlight HD">Redlight HD</channel>
    <channel update="i" site="programtv.onet.pl" site_id="/program-tv/rfm-tv-95" xmltv_id="RFM TV">RFM TV</channel>
    <channel update="i" site="programtv.onet.pl" site_id="/program-tv/rnf-487" xmltv_id="RNF">RNF</channel>
    <channel update="i" site="programtv.onet.pl" site_id="/program-tv/romance-tv-129" xmltv_id="Romance TV">Romance TV</channel>
    <channel update="i" site="programtv.onet.pl" site_id="/program-tv/romance-tv-hd-139" xmltv_id="Romance TV HD">Romance TV HD</channel>
    <channel update="i" site="programtv.onet.pl" site_id="/program-tv/rossija-24-124" xmltv_id="Rossija 24">Rossija 24</channel>
    <channel update="i" site="programtv.onet.pl" site_id="/program-tv/rtl-401" xmltv_id="RTL">RTL</channel>
    <channel update="i" site="programtv.onet.pl" site_id="/program-tv/rtl-102-5-43" xmltv_id="RTL 102.5">RTL 102.5</channel>
    <channel update="i" site="programtv.onet.pl" site_id="/program-tv/rtl-2-399" xmltv_id="RTL 2">RTL 2</channel>
    <channel update="i" site="programtv.onet.pl" site_id="/program-tv/rtl-hd-204" xmltv_id="RTL HD">RTL HD</channel>
    <channel update="i" site="programtv.onet.pl" site_id="/program-tv/rtr-planeta-470" xmltv_id="RTR Planeta">RTR Planeta</channel>
    <channel update="i" site="programtv.onet.pl" site_id="/program-tv/rts-deux-411" xmltv_id="RTS Deux">RTS Deux</channel>
    <channel update="i" site="programtv.onet.pl" site_id="/program-tv/rts-un-410" xmltv_id="RTS Un">RTS Un</channel>
    <channel update="i" site="programtv.onet.pl" site_id="/program-tv/rt-documentary-474" xmltv_id="RT Documentary">RT Documentary</channel>
    <channel update="i" site="programtv.onet.pl" site_id="/program-tv/rt-documentary-hd-165" xmltv_id="RT Documentary HD">RT Documentary HD</channel>
    <channel update="i" site="programtv.onet.pl" site_id="/program-tv/russia-today-115" xmltv_id="Russia Today">Russia Today</channel>
    <channel update="i" site="programtv.onet.pl" site_id="/program-tv/russia-today-hd-164" xmltv_id="Russia Today HD">Russia Today HD</channel>
    <channel update="i" site="programtv.onet.pl" site_id="/program-tv/rheinmaintv-468" xmltv_id="rheinmaintv">rheinmaintv</channel>
    <channel update="i" site="programtv.onet.pl" site_id="/program-tv/sat-1-404" xmltv_id="SAT.1">SAT.1</channel>
    <channel update="i" site="programtv.onet.pl" site_id="/program-tv/scifi-universal-20" xmltv_id="Scifi Universal">Scifi Universal</channel>
    <channel update="i" site="programtv.onet.pl" site_id="/program-tv/sky-action-368" xmltv_id="Sky Action">Sky Action</channel>
    <channel update="i" site="programtv.onet.pl" site_id="/program-tv/sky-cinema-480" xmltv_id="Sky Cinema">Sky Cinema</channel>
    <channel update="i" site="programtv.onet.pl" site_id="/program-tv/sky-cinema-1-465" xmltv_id="Sky Cinema + 1">Sky Cinema + 1</channel>
    <channel update="i" site="programtv.onet.pl" site_id="/program-tv/sky-cinema-24-369" xmltv_id="Sky Cinema + 24">Sky Cinema + 24</channel>
    <channel update="i" site="programtv.onet.pl" site_id="/program-tv/sky-comedy-348" xmltv_id="Sky Comedy">Sky Comedy</channel>
    <channel update="i" site="programtv.onet.pl" site_id="/program-tv/sky-emotion-353" xmltv_id="Sky Emotion">Sky Emotion</channel>
    <channel update="i" site="programtv.onet.pl" site_id="/program-tv/sky-fussball-bundesliga-449" xmltv_id="Sky Fussball Bundesliga">Sky Fussball Bundesliga</channel>
    <channel update="i" site="programtv.onet.pl" site_id="/program-tv/sky-hits-365" xmltv_id="Sky Hits">Sky Hits</channel>
    <channel update="i" site="programtv.onet.pl" site_id="/program-tv/sky-krimi-422" xmltv_id="Sky Krimi">Sky Krimi</channel>
    <channel update="i" site="programtv.onet.pl" site_id="/program-tv/sky-news-340" xmltv_id="Sky News">Sky News</channel>
    <channel update="i" site="programtv.onet.pl" site_id="/program-tv/sky-nostalgie-421" xmltv_id="Sky Nostalgie">Sky Nostalgie</channel>
    <channel update="i" site="programtv.onet.pl" site_id="/program-tv/sky-select-423" xmltv_id="Sky Select">Sky Select</channel>
    <channel update="i" site="programtv.onet.pl" site_id="/program-tv/sky-sports-1-354" xmltv_id="Sky Sports 1">Sky Sports 1</channel>
    <channel update="i" site="programtv.onet.pl" site_id="/program-tv/sky-sports-2-355" xmltv_id="Sky Sports 2">Sky Sports 2</channel>
    <channel update="i" site="programtv.onet.pl" site_id="/program-tv/sky-sports-3-356" xmltv_id="Sky Sports 3">Sky Sports 3</channel>
    <channel update="i" site="programtv.onet.pl" site_id="/program-tv/sky-sports-4-131" xmltv_id="Sky Sports 4">Sky Sports 4</channel>
    <channel update="i" site="programtv.onet.pl" site_id="/program-tv/sky-sport-1-441" xmltv_id="Sky Sport 1">Sky Sport 1</channel>
    <channel update="i" site="programtv.onet.pl" site_id="/program-tv/sky-sport-2-443" xmltv_id="Sky Sport 2">Sky Sport 2</channel>
    <channel update="i" site="programtv.onet.pl" site_id="/program-tv/sky-sport-austria-444" xmltv_id="Sky Sport Austria">Sky Sport Austria</channel>
    <channel update="i" site="programtv.onet.pl" site_id="/program-tv/sky-sport-hd-1-445" xmltv_id="Sky Sport HD 1">Sky Sport HD 1</channel>
    <channel update="i" site="programtv.onet.pl" site_id="/program-tv/spice-80" xmltv_id="Spice">Spice</channel>
    <channel update="i" site="programtv.onet.pl" site_id="/program-tv/spiegel-geschichte-379" xmltv_id="Spiegel Geschichte">Spiegel Geschichte</channel>
    <channel update="i" site="programtv.onet.pl" site_id="/program-tv/sportklub-29" xmltv_id="Sportklub">Sportklub</channel>
    <channel update="i" site="programtv.onet.pl" site_id="/program-tv/sport-1-362" xmltv_id="Sport 1">Sport 1</channel>
    <channel update="i" site="programtv.onet.pl" site_id="/program-tv/sport-1-pl-99" xmltv_id="Sport 1 - PL">Sport 1 - PL</channel>
    <channel update="i" site="programtv.onet.pl" site_id="/program-tv/spreekanal-502" xmltv_id="Spreekanal">Spreekanal</channel>
    <channel update="i" site="programtv.onet.pl" site_id="/program-tv/srf-1-406" xmltv_id="SRF 1">SRF 1</channel>
    <channel update="i" site="programtv.onet.pl" site_id="/program-tv/srf-zwei-407" xmltv_id="SRF Zwei">SRF Zwei</channel>
    <channel update="i" site="programtv.onet.pl" site_id="/program-tv/stars-tv-149" xmltv_id="STARS.TV">STARS.TV</channel>
    <channel update="i" site="programtv.onet.pl" site_id="/program-tv/stars-tv-hd-122" xmltv_id="STARS.TV HD">STARS.TV HD</channel>
    <channel update="i" site="programtv.onet.pl" site_id="/program-tv/stopklatka-hd-186" xmltv_id="Stopklatka HD">Stopklatka HD</channel>
    <channel update="i" site="programtv.onet.pl" site_id="/program-tv/stopklatka-tv-185" xmltv_id="Stopklatka TV">Stopklatka TV</channel>
    <channel update="i" site="programtv.onet.pl" site_id="/program-tv/sundance-channel-237" xmltv_id="Sundance Channel">Sundance Channel</channel>
    <channel update="i" site="programtv.onet.pl" site_id="/program-tv/sundance-channel-hd-392" xmltv_id="Sundance Channel HD">Sundance Channel HD</channel>
    <channel update="i" site="programtv.onet.pl" site_id="/program-tv/superstacja-69" xmltv_id="Superstacja">Superstacja</channel>
    <channel update="i" site="programtv.onet.pl" site_id="/program-tv/super-rtl-400" xmltv_id="Super RTL">Super RTL</channel>
    <channel update="i" site="programtv.onet.pl" site_id="/program-tv/swr-408" xmltv_id="SWR">SWR</channel>
    <channel update="i" site="programtv.onet.pl" site_id="/program-tv/syfy-402" xmltv_id="Syfy">Syfy</channel>
    <channel update="i" site="programtv.onet.pl" site_id="/program-tv/sixx-447" xmltv_id="sixx">sixx</channel>
    <channel update="i" site="programtv.onet.pl" site_id="/program-tv/telewizja-pomerania-41" xmltv_id="Telewizja Pomerania">Telewizja Pomerania</channel>
    <channel update="i" site="programtv.onet.pl" site_id="/program-tv/tele-5-352" xmltv_id="Tele 5">Tele 5</channel>
    <channel update="i" site="programtv.onet.pl" site_id="/program-tv/tele-5-hd-147" xmltv_id="Tele 5 HD">Tele 5 HD</channel>
    <channel update="i" site="programtv.onet.pl" site_id="/program-tv/tele-5-niem-448" xmltv_id="Tele 5 (niem.)">Tele 5 (niem.)</channel>
    <channel update="i" site="programtv.onet.pl" site_id="/program-tv/tf-1-463" xmltv_id="TF 1">TF 1</channel>
    <channel update="i" site="programtv.onet.pl" site_id="/program-tv/tlc-238" xmltv_id="TLC">TLC</channel>
    <channel update="i" site="programtv.onet.pl" site_id="/program-tv/tlc-hd-163" xmltv_id="TLC HD">TLC HD</channel>
    <channel update="i" site="programtv.onet.pl" site_id="/program-tv/tnt-72" xmltv_id="TNT">TNT</channel>
    <channel update="i" site="programtv.onet.pl" site_id="/program-tv/tnt-hd-220" xmltv_id="TNT HD">TNT HD</channel>
    <channel update="i" site="programtv.onet.pl" site_id="/program-tv/top-kids-225" xmltv_id="Top Kids">Top Kids</channel>
    <channel update="i" site="programtv.onet.pl" site_id="/program-tv/top-kids-hd-224" xmltv_id="Top Kids HD">Top Kids HD</channel>
    <channel update="i" site="programtv.onet.pl" site_id="/program-tv/to-tv-88" xmltv_id="TO!TV">TO!TV</channel>
    <channel update="i" site="programtv.onet.pl" site_id="/program-tv/toya-467" xmltv_id="TOYA">TOYA</channel>
    <channel update="i" site="programtv.onet.pl" site_id="/program-tv/trace-urban-483" xmltv_id="TRACE Urban">TRACE Urban</channel>
    <channel update="i" site="programtv.onet.pl" site_id="/program-tv/travel-channel-201" xmltv_id="Travel Channel">Travel Channel</channel>
    <channel update="i" site="programtv.onet.pl" site_id="/program-tv/travel-channel-hd-152" xmltv_id="Travel Channel HD">Travel Channel HD</channel>
    <channel update="i" site="programtv.onet.pl" site_id="/program-tv/ttv-33" xmltv_id="TTV">TTV</channel>
    <channel update="i" site="programtv.onet.pl" site_id="/program-tv/tv-berlin-414" xmltv_id="TV.Berlin">TV.Berlin</channel>
    <channel update="i" site="programtv.onet.pl" site_id="/program-tv/tve-330" xmltv_id="TVE">TVE</channel>
    <channel update="i" site="programtv.onet.pl" site_id="/program-tv/tvk-ostrowiec-192" xmltv_id="TVK Ostrowiec">TVK Ostrowiec</channel>
    <channel update="i" site="programtv.onet.pl" site_id="/program-tv/tvn-357" xmltv_id="TVN">TVN</channel>
    <channel update="i" site="programtv.onet.pl" site_id="/program-tv/tvn-24-347" xmltv_id="TVN 24">TVN 24</channel>
    <channel update="i" site="programtv.onet.pl" site_id="/program-tv/tvn-24-biznes-i-swiat-6" xmltv_id="TVN 24 Biznes i Świat">TVN 24 Biznes i Świat</channel>
    <channel update="i" site="programtv.onet.pl" site_id="/program-tv/tvn-24-hd-158" xmltv_id="TVN 24 HD">TVN 24 HD</channel>
    <channel update="i" site="programtv.onet.pl" site_id="/program-tv/tvn-7-326" xmltv_id="TVN 7">TVN 7</channel>
    <channel update="i" site="programtv.onet.pl" site_id="/program-tv/tvn-7-hd-142" xmltv_id="TVN 7 HD">TVN 7 HD</channel>
    <channel update="i" site="programtv.onet.pl" site_id="/program-tv/tvn-fabula-4" xmltv_id="TVN Fabuła">TVN Fabuła</channel>
    <channel update="i" site="programtv.onet.pl" site_id="/program-tv/tvn-fabula-hd-37" xmltv_id="TVN Fabuła HD">TVN Fabuła HD</channel>
    <channel update="i" site="programtv.onet.pl" site_id="/program-tv/tvn-hd-98" xmltv_id="TVN HD">TVN HD</channel>
    <channel update="i" site="programtv.onet.pl" site_id="/program-tv/tvn-meteo-active-79" xmltv_id="TVN Meteo Active">TVN Meteo Active</channel>
    <channel update="i" site="programtv.onet.pl" site_id="/program-tv/tvn-style-472" xmltv_id="TVN Style">TVN Style</channel>
    <channel update="i" site="programtv.onet.pl" site_id="/program-tv/tvn-style-hd-141" xmltv_id="TVN Style HD">TVN Style HD</channel>
    <channel update="i" site="programtv.onet.pl" site_id="/program-tv/tvn-turbo-346" xmltv_id="TVN Turbo">TVN Turbo</channel>
    <channel update="i" site="programtv.onet.pl" site_id="/program-tv/tvn-turbo-hd-143" xmltv_id="TVN Turbo HD">TVN Turbo HD</channel>
    <channel update="i" site="programtv.onet.pl" site_id="/program-tv/tvp-1-321" xmltv_id="TVP 1">TVP 1</channel>
    <channel update="i" site="programtv.onet.pl" site_id="/program-tv/tvp-1-hd-380" xmltv_id="TVP 1 HD">TVP 1 HD</channel>
    <channel update="i" site="programtv.onet.pl" site_id="/program-tv/tvp-2-323" xmltv_id="TVP 2">TVP 2</channel>
    <channel update="i" site="programtv.onet.pl" site_id="/program-tv/tvp-2-hd-145" xmltv_id="TVP 2 HD">TVP 2 HD</channel>
    <channel update="i" site="programtv.onet.pl" site_id="/program-tv/tvp-3-172" xmltv_id="TVP 3">TVP 3</channel>
    <channel update="i" site="programtv.onet.pl" site_id="/program-tv/tvp-3-bialystok-5" xmltv_id="TVP 3 Białystok">TVP 3 Białystok</channel>
    <channel update="i" site="programtv.onet.pl" site_id="/program-tv/tvp-3-bydgoszcz-378" xmltv_id="TVP 3 Bydgoszcz">TVP 3 Bydgoszcz</channel>
    <channel update="i" site="programtv.onet.pl" site_id="/program-tv/tvp-3-gdansk-386" xmltv_id="TVP 3 Gdańsk">TVP 3 Gdańsk</channel>
    <channel update="i" site="programtv.onet.pl" site_id="/program-tv/tvp-3-gorzow-wielkopolski-342" xmltv_id="TVP 3 Gorzów Wielkopolski">TVP 3 Gorzów Wielkopolski</channel>
    <channel update="i" site="programtv.onet.pl" site_id="/program-tv/tvp-3-katowice-394" xmltv_id="TVP 3 Katowice">TVP 3 Katowice</channel>
    <channel update="i" site="programtv.onet.pl" site_id="/program-tv/tvp-3-kielce-475" xmltv_id="TVP 3 Kielce">TVP 3 Kielce</channel>
    <channel update="i" site="programtv.onet.pl" site_id="/program-tv/tvp-3-krakow-403" xmltv_id="TVP 3 Kraków">TVP 3 Kraków</channel>
    <channel update="i" site="programtv.onet.pl" site_id="/program-tv/tvp-3-lublin-409" xmltv_id="TVP 3 Lublin">TVP 3 Lublin</channel>
    <channel update="i" site="programtv.onet.pl" site_id="/program-tv/tvp-3-lodz-416" xmltv_id="TVP 3 Łódź">TVP 3 Łódź</channel>
    <channel update="i" site="programtv.onet.pl" site_id="/program-tv/tvp-3-olsztyn-339" xmltv_id="TVP 3 Olsztyn">TVP 3 Olsztyn</channel>
    <channel update="i" site="programtv.onet.pl" site_id="/program-tv/tvp-3-opole-335" xmltv_id="TVP 3 Opole">TVP 3 Opole</channel>
    <channel update="i" site="programtv.onet.pl" site_id="/program-tv/tvp-3-poznan-425" xmltv_id="TVP 3 Poznań">TVP 3 Poznań</channel>
    <channel update="i" site="programtv.onet.pl" site_id="/program-tv/tvp-3-rzeszow-433" xmltv_id="TVP 3 Rzeszów">TVP 3 Rzeszów</channel>
    <channel update="i" site="programtv.onet.pl" site_id="/program-tv/tvp-3-szczecin-440" xmltv_id="TVP 3 Szczecin">TVP 3 Szczecin</channel>
    <channel update="i" site="programtv.onet.pl" site_id="/program-tv/tvp-3-warszawa-446" xmltv_id="TVP 3 Warszawa">TVP 3 Warszawa</channel>
    <channel update="i" site="programtv.onet.pl" site_id="/program-tv/tvp-3-wroclaw-454" xmltv_id="TVP 3 Wrocław">TVP 3 Wrocław</channel>
    <channel update="i" site="programtv.onet.pl" site_id="/program-tv/tvp-abc-182" xmltv_id="TVP ABC">TVP ABC</channel>
    <channel update="i" site="programtv.onet.pl" site_id="/program-tv/tvp-hd-101" xmltv_id="TVP HD">TVP HD</channel>
    <channel update="i" site="programtv.onet.pl" site_id="/program-tv/tvp-historia-74" xmltv_id="TVP Historia">TVP Historia</channel>
    <channel update="i" site="programtv.onet.pl" site_id="/program-tv/tvp-info-462" xmltv_id="TVP Info">TVP Info</channel>
    <channel update="i" site="programtv.onet.pl" site_id="/program-tv/tvp-kultura-477" xmltv_id="TVP Kultura">TVP Kultura</channel>
    <channel update="i" site="programtv.onet.pl" site_id="/program-tv/tvp-polonia-325" xmltv_id="TVP Polonia">TVP Polonia</channel>
    <channel update="i" site="programtv.onet.pl" site_id="/program-tv/tvp-rozrywka-159" xmltv_id="TVP Rozrywka">TVP Rozrywka</channel>
    <channel update="i" site="programtv.onet.pl" site_id="/program-tv/tvp-seriale-130" xmltv_id="TVP Seriale">TVP Seriale</channel>
    <channel update="i" site="programtv.onet.pl" site_id="/program-tv/tvp-sport-40" xmltv_id="TVP Sport">TVP Sport</channel>
    <channel update="i" site="programtv.onet.pl" site_id="/program-tv/tvp-sport-hd-39" xmltv_id="TVP Sport HD">TVP Sport HD</channel>
    <channel update="i" site="programtv.onet.pl" site_id="/program-tv/tvr-132" xmltv_id="TVR">TVR</channel>
    <channel update="i" site="programtv.onet.pl" site_id="/program-tv/tvr-hd-170" xmltv_id="TVR HD">TVR HD</channel>
    <channel update="i" site="programtv.onet.pl" site_id="/program-tv/tvs-90" xmltv_id="TVS">TVS</channel>
    <channel update="i" site="programtv.onet.pl" site_id="/program-tv/tvs-hd-109" xmltv_id="TVS HD">TVS HD</channel>
    <channel update="i" site="programtv.onet.pl" site_id="/program-tv/tvt-500" xmltv_id="TVT">TVT</channel>
    <channel update="i" site="programtv.onet.pl" site_id="/program-tv/tv-4-360" xmltv_id="TV 4">TV 4</channel>
    <channel update="i" site="programtv.onet.pl" site_id="/program-tv/tv-4-hd-222" xmltv_id="TV 4 HD">TV 4 HD</channel>
    <channel update="i" site="programtv.onet.pl" site_id="/program-tv/tv-5-monde-europe-412" xmltv_id="TV 5 Monde Europe">TV 5 Monde Europe</channel>
    <channel update="i" site="programtv.onet.pl" site_id="/program-tv/tv-6-429" xmltv_id="TV 6">TV 6</channel>
    <channel update="i" site="programtv.onet.pl" site_id="/program-tv/tv-asta-495" xmltv_id="TV ASTA">TV ASTA</channel>
    <channel update="i" site="programtv.onet.pl" site_id="/program-tv/tv-puls-332" xmltv_id="TV Puls">TV Puls</channel>
    <channel update="i" site="programtv.onet.pl" site_id="/program-tv/tv-puls-hd-197" xmltv_id="TV Puls HD">TV Puls HD</channel>
    <channel update="i" site="programtv.onet.pl" site_id="/program-tv/tv-regionalna-lubin-166" xmltv_id="TV Regionalna Lubin">TV Regionalna Lubin</channel>
    <channel update="i" site="programtv.onet.pl" site_id="/program-tv/tv-relax-496" xmltv_id="TV Relax">TV Relax</channel>
    <channel update="i" site="programtv.onet.pl" site_id="/program-tv/tv-republika-18" xmltv_id="TV Republika">TV Republika</channel>
    <channel update="i" site="programtv.onet.pl" site_id="/program-tv/tv-republika-hd-16" xmltv_id="TV Republika HD">TV Republika HD</channel>
    <channel update="i" site="programtv.onet.pl" site_id="/program-tv/tv-trwam-108" xmltv_id="TV Trwam">TV Trwam</channel>
    <channel update="i" site="programtv.onet.pl" site_id="/program-tv/tv-walbrzych-198" xmltv_id="TV Wałbrzych">TV Wałbrzych</channel>
    <channel update="i" site="programtv.onet.pl" site_id="/program-tv/twoja-tv-514" xmltv_id="Twoja.TV">Twoja.TV</channel>
    <channel update="i" site="programtv.onet.pl" site_id="/program-tv/twoja-telewizja-morska-490" xmltv_id="Twoja Telewizja Morska">Twoja Telewizja Morska</channel>
    <channel update="i" site="programtv.onet.pl" site_id="/program-tv/teletoon-232" xmltv_id="teleTOON+">teleTOON+</channel>
    <channel update="i" site="programtv.onet.pl" site_id="/program-tv/teletoon-hd-438" xmltv_id="teleTOON+ HD">teleTOON+ HD</channel>
    <channel update="i" site="programtv.onet.pl" site_id="/program-tv/universal-channel-87" xmltv_id="Universal Channel">Universal Channel</channel>
    <channel update="i" site="programtv.onet.pl" site_id="/program-tv/universal-channel-hd-160" xmltv_id="Universal Channel HD">Universal Channel HD</channel>
    <channel update="i" site="programtv.onet.pl" site_id="/program-tv/vh1-9" xmltv_id="VH1">VH1</channel>
    <channel update="i" site="programtv.onet.pl" site_id="/program-tv/vh1-classic-european-345" xmltv_id="VH1 Classic European">VH1 Classic European</channel>
    <channel update="i" site="programtv.onet.pl" site_id="/program-tv/viasat-history-hd-viasat-nature-hd-424" xmltv_id="Viasat History HD/Viasat Nature HD">Viasat History HD/Viasat Nature HD</channel>
    <channel update="i" site="programtv.onet.pl" site_id="/program-tv/viva-8" xmltv_id="VIVA">VIVA</channel>
    <channel update="i" site="programtv.onet.pl" site_id="/program-tv/viva-polska-10" xmltv_id="VIVA Polska">VIVA Polska</channel>
    <channel update="i" site="programtv.onet.pl" site_id="/program-tv/vox-418" xmltv_id="VOX">VOX</channel>
    <channel update="i" site="programtv.onet.pl" site_id="/program-tv/vox-music-tv-193" xmltv_id="VOX Music TV">VOX Music TV</channel>
    <channel update="i" site="programtv.onet.pl" site_id="/program-tv/water-planet-415" xmltv_id="Water Planet">Water Planet</channel>
    <channel update="i" site="programtv.onet.pl" site_id="/program-tv/water-planet-hd-156" xmltv_id="Water Planet HD">Water Planet HD</channel>
    <channel update="i" site="programtv.onet.pl" site_id="/program-tv/wdr-420" xmltv_id="WDR">WDR</channel>
    <channel update="i" site="programtv.onet.pl" site_id="/program-tv/wellbeing-network-230" xmltv_id="Wellbeing Network">Wellbeing Network</channel>
    <channel update="i" site="programtv.onet.pl" site_id="/program-tv/wellbeing-network-hd-226" xmltv_id="Wellbeing Network HD">Wellbeing Network HD</channel>
    <channel update="i" site="programtv.onet.pl" site_id="/program-tv/wtk-492" xmltv_id="WTK">WTK</channel>
    <channel update="i" site="programtv.onet.pl" site_id="/program-tv/xxl-126" xmltv_id="XXL">XXL</channel>
    <channel update="i" site="programtv.onet.pl" site_id="/program-tv/zdf-417" xmltv_id="ZDF">ZDF</channel>
    <channel update="i" site="programtv.onet.pl" site_id="/program-tv/zdf-hd-136" xmltv_id="ZDF HD">ZDF HD</channel>
    <channel update="i" site="programtv.onet.pl" site_id="/program-tv/zdf-info-430" xmltv_id="ZDF Info">ZDF Info</channel>
    <channel update="i" site="programtv.onet.pl" site_id="/program-tv/zest-tv-179" xmltv_id="Zest TV">Zest TV</channel>
    <channel update="i" site="programtv.onet.pl" site_id="/program-tv/zdf-kultur-419" xmltv_id="zdf.kultur">zdf.kultur</channel>
  </channels>
</site>