﻿<?xml version="1.0" encoding="UTF-8"?>
<site generator-info-name="WebGrab+Plus/w MDB &amp; REX Postprocess -- version V1.56.14 -- Jan van Straaten" site="teleman.pl">
  <channels>
    <channel update="i" site="teleman.pl" site_id="13-Ulica" xmltv_id="13 Ulica">13 Ulica</channel>
    <channel update="i" site="teleman.pl" site_id="Ale-Kino" xmltv_id="ale kino+">ale kino+</channel>
    <channel update="i" site="teleman.pl" site_id="Animal-Planet-HD" xmltv_id="Animal Planet HD">Animal Planet HD</channel>
    <channel update="i" site="teleman.pl" site_id="ATM-Rozrywka" xmltv_id="ATM Rozrywka">ATM Rozrywka</channel>
    <channel update="i" site="teleman.pl" site_id="AXN" xmltv_id="AXN">AXN</channel>
    <channel update="i" site="teleman.pl" site_id="AXN-Black" xmltv_id="AXN Black">AXN Black</channel>
    <channel update="i" site="teleman.pl" site_id="AXN-Spin" xmltv_id="AXN Spin">AXN Spin</channel>
    <channel update="i" site="teleman.pl" site_id="AXN-White" xmltv_id="AXN White">AXN White</channel>
    <channel update="i" site="teleman.pl" site_id="BBC-Brit" xmltv_id="BBC Brit">BBC Brit</channel>
    <channel update="i" site="teleman.pl" site_id="BBC-Earth" xmltv_id="BBC Earth">BBC Earth</channel>
    <channel update="i" site="teleman.pl" site_id="BBC-HD" xmltv_id="BBC HD">BBC HD</channel>
    <channel update="i" site="teleman.pl" site_id="BBC-Lifestyle" xmltv_id="BBC Lifestyle">BBC Lifestyle</channel>
    <channel update="i" site="teleman.pl" site_id="Boomerang" xmltv_id="Boomerang">Boomerang</channel>
    <channel update="i" site="teleman.pl" site_id="CanalPlus" xmltv_id="CANAL+">CANAL+</channel>
    <channel update="i" site="teleman.pl" site_id="CanalPlus-1" xmltv_id="CANAL+ 1">CANAL+ 1</channel>
    <channel update="i" site="teleman.pl" site_id="CanalPlus-Discovery" xmltv_id="CANAL+ Discovery">CANAL+ Discovery</channel>
    <channel update="i" site="teleman.pl" site_id="CanalPlus-Family" xmltv_id="CANAL+ Family">CANAL+ Family</channel>
    <channel update="i" site="teleman.pl" site_id="CanalPlus-Film" xmltv_id="CANAL+ Film">CANAL+ Film</channel>
    <channel update="i" site="teleman.pl" site_id="CanalPlus-Seriale" xmltv_id="CANAL+ Seriale">CANAL+ Seriale</channel>
    <channel update="i" site="teleman.pl" site_id="CanalPlus-Sport" xmltv_id="CANAL+ Sport">CANAL+ Sport</channel>
    <channel update="i" site="teleman.pl" site_id="CanalPlus-Sport-2" xmltv_id="CANAL+ Sport 2">CANAL+ Sport 2</channel>
    <channel update="i" site="teleman.pl" site_id="Cartoon-Network" xmltv_id="Cartoon Network">Cartoon Network</channel>
    <channel update="i" site="teleman.pl" site_id="CBS-Action" xmltv_id="CBS Action">CBS Action</channel>
    <channel update="i" site="teleman.pl" site_id="CBS-Drama" xmltv_id="CBS Drama">CBS Drama</channel>
    <channel update="i" site="teleman.pl" site_id="CBS-Europa" xmltv_id="CBS Europa">CBS Europa</channel>
    <channel update="i" site="teleman.pl" site_id="CBS-Reality" xmltv_id="CBS Reality">CBS Reality</channel>
    <channel update="i" site="teleman.pl" site_id="Crime-Investigation-Network" xmltv_id="CI Polsat">CI Polsat</channel>
    <channel update="i" site="teleman.pl" site_id="Cinemax" xmltv_id="Cinemax">Cinemax</channel>
    <channel update="i" site="teleman.pl" site_id="Cinemax2" xmltv_id="Cinemax 2">Cinemax 2</channel>
    <channel update="i" site="teleman.pl" site_id="Comedy-Central" xmltv_id="Comedy Central">Comedy Central</channel>
    <channel update="i" site="teleman.pl" site_id="Comedy-Central-Family" xmltv_id="Comedy Central Fam.">Comedy Central Fam.</channel>
    <channel update="i" site="teleman.pl" site_id="Discovery-Channel" xmltv_id="Discovery Channel">Discovery Channel</channel>
    <channel update="i" site="teleman.pl" site_id="Discovery-Historia" xmltv_id="Discovery Historia">Discovery Historia</channel>
    <channel update="i" site="teleman.pl" site_id="Discovery-Life" xmltv_id="Discovery Life">Discovery Life</channel>
    <channel update="i" site="teleman.pl" site_id="Discovery-Science" xmltv_id="Discovery Science">Discovery Science</channel>
    <channel update="i" site="teleman.pl" site_id="Discovery-Turbo-Xtra" xmltv_id="Discovery Turbo Xtra">Discovery Turbo Xtra</channel>
    <channel update="i" site="teleman.pl" site_id="Disney-Channel" xmltv_id="Disney Channel">Disney Channel</channel>
    <channel update="i" site="teleman.pl" site_id="Disney-Junior" xmltv_id="Disney Junior">Disney Junior</channel>
    <channel update="i" site="teleman.pl" site_id="Disney-XD" xmltv_id="Disney XD">Disney XD</channel>
    <channel update="i" site="teleman.pl" site_id="Domo" xmltv_id="Domo+">Domo+</channel>
    <channel update="i" site="teleman.pl" site_id="Eleven" xmltv_id="Eleven">Eleven</channel>
    <channel update="i" site="teleman.pl" site_id="Eleven-Sports" xmltv_id="Eleven Sports">Eleven Sports</channel>
    <channel update="i" site="teleman.pl" site_id="Eurosport" xmltv_id="Eurosport 1">Eurosport 1</channel>
    <channel update="i" site="teleman.pl" site_id="Eurosport-2" xmltv_id="Eurosport 2">Eurosport 2</channel>
    <channel update="i" site="teleman.pl" site_id="Extreme" xmltv_id="Extreme">Extreme</channel>
    <channel update="i" site="teleman.pl" site_id="Filmbox" xmltv_id="FilmBox">FilmBox</channel>
    <channel update="i" site="teleman.pl" site_id="Filmbox-Action" xmltv_id="Filmbox Action">Filmbox Action</channel>
    <channel update="i" site="teleman.pl" site_id="Filmbox-Extra-HD" xmltv_id="FilmBox Extra HD">FilmBox Extra HD</channel>
    <channel update="i" site="teleman.pl" site_id="Filmbox-Family" xmltv_id="FilmBox Family">FilmBox Family</channel>
    <channel update="i" site="teleman.pl" site_id="Filmbox-Premium" xmltv_id="FilmBox Premium">FilmBox Premium</channel>
    <channel update="i" site="teleman.pl" site_id="Fokus-TV" xmltv_id="Fokus TV">Fokus TV</channel>
    <channel update="i" site="teleman.pl" site_id="FOX" xmltv_id="FOX">FOX</channel>
    <channel update="i" site="teleman.pl" site_id="FOX-Comedy" xmltv_id="FOX Comedy">FOX Comedy</channel>
    <channel update="i" site="teleman.pl" site_id="HBO" xmltv_id="HBO">HBO</channel>
    <channel update="i" site="teleman.pl" site_id="HBO2" xmltv_id="HBO 2">HBO 2</channel>
    <channel update="i" site="teleman.pl" site_id="HBO-Comedy" xmltv_id="HBO Comedy">HBO Comedy</channel>
    <channel update="i" site="teleman.pl" site_id="History" xmltv_id="HISTORY">HISTORY</channel>
    <channel update="i" site="teleman.pl" site_id="ID" xmltv_id="ID">ID</channel>
    <channel update="i" site="teleman.pl" site_id="Kino-Polska" xmltv_id="Kino Polska">Kino Polska</channel>
    <channel update="i" site="teleman.pl" site_id="Kuchnia-TV" xmltv_id="Kuchnia+">Kuchnia+</channel>
    <channel update="i" site="teleman.pl" site_id="Mezzo" xmltv_id="Mezzo">Mezzo</channel>
    <channel update="i" site="teleman.pl" site_id="MGM-HD" xmltv_id="MGM HD">MGM HD</channel>
    <channel update="i" site="teleman.pl" site_id="MiniMini" xmltv_id="MiniMini+">MiniMini+</channel>
    <channel update="i" site="teleman.pl" site_id="MTV-Polska" xmltv_id="MTV Polska">MTV Polska</channel>
    <channel update="i" site="teleman.pl" site_id="Nat-Geo-People" xmltv_id="Nat Geo People">Nat Geo People</channel>
    <channel update="i" site="teleman.pl" site_id="Nat-Geo-Wild" xmltv_id="Nat Geo Wild">Nat Geo Wild</channel>
    <channel update="i" site="teleman.pl" site_id="National-Geographic" xmltv_id="National Geo.">National Geo.</channel>
    <channel update="i" site="teleman.pl" site_id="Nickelodeon" xmltv_id="Nickelodeon">Nickelodeon</channel>
    <channel update="i" site="teleman.pl" site_id="Nickelodeon-HD" xmltv_id="Nickelodeon HD">Nickelodeon HD</channel>
    <channel update="i" site="teleman.pl" site_id="nSport" xmltv_id="nSport+">nSport+</channel>
    <channel update="i" site="teleman.pl" site_id="Orange-Sport" xmltv_id="Orange Sport">Orange Sport</channel>
    <channel update="i" site="teleman.pl" site_id="Paramount-Channel" xmltv_id="Paramount Channel">Paramount Channel</channel>
    <channel update="i" site="teleman.pl" site_id="Planete" xmltv_id="PLANETE+">PLANETE+</channel>
    <channel update="i" site="teleman.pl" site_id="Polonia-1" xmltv_id="Polonia 1">Polonia 1</channel>
    <channel update="i" site="teleman.pl" site_id="Polsat" xmltv_id="Polsat">Polsat</channel>
    <channel update="i" site="teleman.pl" site_id="Polsat-2" xmltv_id="Polsat 2">Polsat 2</channel>
    <channel update="i" site="teleman.pl" site_id="Polsat-Cafe" xmltv_id="Polsat Cafe">Polsat Cafe</channel>
    <channel update="i" site="teleman.pl" site_id="Polsat-Film" xmltv_id="Polsat Film">Polsat Film</channel>
    <channel update="i" site="teleman.pl" site_id="Polsat-News" xmltv_id="Polsat News">Polsat News</channel>
    <channel update="i" site="teleman.pl" site_id="Polsat-Play" xmltv_id="Polsat Play">Polsat Play</channel>
    <channel update="i" site="teleman.pl" site_id="Polsat-Romans" xmltv_id="Polsat Romans">Polsat Romans</channel>
    <channel update="i" site="teleman.pl" site_id="Polsat-Sport" xmltv_id="Polsat Sport">Polsat Sport</channel>
    <channel update="i" site="teleman.pl" site_id="Polsat-Sport-Extra" xmltv_id="Polsat Sport Extra">Polsat Sport Extra</channel>
    <channel update="i" site="teleman.pl" site_id="Polsat-Sport-News" xmltv_id="Polsat Sport News">Polsat Sport News</channel>
    <channel update="i" site="teleman.pl" site_id="Viasat-Explorer" xmltv_id="Polsat Viasat Expl.">Polsat Viasat Expl.</channel>
    <channel update="i" site="teleman.pl" site_id="Viasat-History" xmltv_id="Polsat Viasat Hist.">Polsat Viasat Hist.</channel>
    <channel update="i" site="teleman.pl" site_id="Viasat-Nature" xmltv_id="Polsat Viasat Nature">Polsat Viasat Nature</channel>
    <channel update="i" site="teleman.pl" site_id="SciFi-Channel" xmltv_id="Sci-Fi Universal">Sci-Fi Universal</channel>
    <channel update="i" site="teleman.pl" site_id="SportKlub" xmltv_id="SportKlub">SportKlub</channel>
    <channel update="i" site="teleman.pl" site_id="Stopklatka-TV" xmltv_id="Stopklatka TV">Stopklatka TV</channel>
    <channel update="i" site="teleman.pl" site_id="Sundance-Channel-HD" xmltv_id="Sundance Channel">Sundance Channel</channel>
    <channel update="i" site="teleman.pl" site_id="Superstacja" xmltv_id="Superstacja">Superstacja</channel>
    <channel update="i" site="teleman.pl" site_id="Tele-5" xmltv_id="Tele 5">Tele 5</channel>
    <channel update="i" site="teleman.pl" site_id="teleTOON-plus" xmltv_id="teleTOON+">teleTOON+</channel>
    <channel update="i" site="teleman.pl" site_id="TLC" xmltv_id="TLC">TLC</channel>
    <channel update="i" site="teleman.pl" site_id="TNT" xmltv_id="TNT (dawniej TCM)">TNT (dawniej TCM)</channel>
    <channel update="i" site="teleman.pl" site_id="Travel-Channel" xmltv_id="Travel">Travel</channel>
    <channel update="i" site="teleman.pl" site_id="TTV" xmltv_id="TTV">TTV</channel>
    <channel update="i" site="teleman.pl" site_id="TV4" xmltv_id="TV 4">TV 4</channel>
    <channel update="i" site="teleman.pl" site_id="TV6" xmltv_id="TV 6">TV 6</channel>
    <channel update="i" site="teleman.pl" site_id="Puls" xmltv_id="TV Puls">TV Puls</channel>
    <channel update="i" site="teleman.pl" site_id="Puls-2" xmltv_id="TV Puls 2">TV Puls 2</channel>
    <channel update="i" site="teleman.pl" site_id="TV-Republika" xmltv_id="TV Republika">TV Republika</channel>
    <channel update="i" site="teleman.pl" site_id="TV-Trwam" xmltv_id="TV Trwam">TV Trwam</channel>
    <channel update="i" site="teleman.pl" site_id="TVN" xmltv_id="TVN">TVN</channel>
    <channel update="i" site="teleman.pl" site_id="TVN-Siedem" xmltv_id="TVN 7">TVN 7</channel>
    <channel update="i" site="teleman.pl" site_id="TVN-Fabula" xmltv_id="TVN Fabuła">TVN Fabuła</channel>
    <channel update="i" site="teleman.pl" site_id="TVN-Style" xmltv_id="TVN Style">TVN Style</channel>
    <channel update="i" site="teleman.pl" site_id="TVN-Turbo" xmltv_id="TVN Turbo">TVN Turbo</channel>
    <channel update="i" site="teleman.pl" site_id="TVN24" xmltv_id="TVN24">TVN24</channel>
    <channel update="i" site="teleman.pl" site_id="TVN-24-Biznes-i-Swiat" xmltv_id="TVN24 BiŚ">TVN24 BiŚ</channel>
    <channel update="i" site="teleman.pl" site_id="TVP-1" xmltv_id="TVP 1">TVP 1</channel>
    <channel update="i" site="teleman.pl" site_id="TVP-2" xmltv_id="TVP 2">TVP 2</channel>
    <channel update="i" site="teleman.pl" site_id="TVP-ABC" xmltv_id="TVP ABC">TVP ABC</channel>
    <channel update="i" site="teleman.pl" site_id="TVP-HD" xmltv_id="TVP HD">TVP HD</channel>
    <channel update="i" site="teleman.pl" site_id="TVP-Historia" xmltv_id="TVP Historia">TVP Historia</channel>
    <channel update="i" site="teleman.pl" site_id="TVP-Info" xmltv_id="TVP Info">TVP Info</channel>
    <channel update="i" site="teleman.pl" site_id="TVP-Kultura" xmltv_id="TVP Kultura">TVP Kultura</channel>
    <channel update="i" site="teleman.pl" site_id="TVP-Polonia" xmltv_id="TVP Polonia">TVP Polonia</channel>
    <channel update="i" site="teleman.pl" site_id="TVP-Rozrywka" xmltv_id="TVP Rozrywka">TVP Rozrywka</channel>
    <channel update="i" site="teleman.pl" site_id="TVP-Seriale" xmltv_id="TVP Seriale">TVP Seriale</channel>
    <channel update="i" site="teleman.pl" site_id="TVP-Sport" xmltv_id="TVP Sport">TVP Sport</channel>
    <channel update="i" site="teleman.pl" site_id="TVS" xmltv_id="TVS">TVS</channel>
    <channel update="i" site="teleman.pl" site_id="Universal-Channel" xmltv_id="Universal Channel">Universal Channel</channel>
    <channel update="i" site="teleman.pl" site_id="VIVA-Polska" xmltv_id="VIVA Polska">VIVA Polska</channel>
  </channels>
</site>