<?xml version="1.0" encoding="UTF-8"?>
<site generator-info-name="WebGrab+Plus/w MDB &amp; REX Postprocess -- version  V1.57 -- Jan van Straaten" site="skynetdth.com">
  <channels>
    <channel update="i" site="skynetdth.com" site_id="myanmar-movies" xmltv_id="Myanmar Movies Channel">Myanmar Movies Channel</channel>
    <channel update="i" site="skynetdth.com" site_id="ma" xmltv_id="Myanmar Arts Channel">Myanmar Arts Channel</channel>
    <channel update="i" site="skynetdth.com" site_id="asian-movies" xmltv_id="Asian Movies Channel">Asian Movies Channel</channel>
    <channel update="i" site="skynetdth.com" site_id="world-movies" xmltv_id="World Movies Channel">World Movies Channel</channel>
    <channel update="i" site="skynetdth.com" site_id="world-drama" xmltv_id="World Drama Channel">World Drama Channel</channel>
    <channel update="i" site="skynetdth.com" site_id="skynet-knowledge" xmltv_id="Knowledge Channel">Knowledge Channel</channel>
    <channel update="i" site="skynetdth.com" site_id="int-drama" xmltv_id="Int'l Drama Channel">Int'l Drama Channel</channel>
    <channel update="i" site="skynetdth.com" site_id="teen" xmltv_id="Teen Channel">Teen Channel</channel>
    <channel update="i" site="skynetdth.com" site_id="skynet-music" xmltv_id="Music Channel">Music Channel</channel>
    <channel update="i" site="skynetdth.com" site_id="skynet-cartoon" xmltv_id="Cartoon Channel">Cartoon Channel</channel>
    <channel update="i" site="skynetdth.com" site_id="hadaya" xmltv_id="Hadaya Channel">Hadaya Channel</channel>
  </channels>
</site>
