﻿<?xml version="1.0" encoding="UTF-8"?>
<site generator-info-name="WebGrab+Plus/w MDB &amp; REX Postprocess -- version V1.56.23 -- Jan van Straaten" site="toptv.co.za">
  <channels>
    <channel update="i" site="toptv.co.za" site_id="star-movies-1" xmltv_id="Star Movies 1">Star Movies 1</channel>
    <channel update="i" site="toptv.co.za" site_id="star-movies-1-plus-2hrs" xmltv_id="Star Movies 1 +2Hrs">Star Movies 1 +2Hrs</channel>
    <channel update="i" site="toptv.co.za" site_id="acm" xmltv_id="AMC">AMC</channel>
    <channel update="i" site="toptv.co.za" site_id="iroko-play" xmltv_id="Iroko Play">Iroko Play</channel>
    <channel update="i" site="toptv.co.za" site_id="star-one" xmltv_id="Star One">Star One</channel>
    <channel update="i" site="toptv.co.za" site_id="star-series-e1" xmltv_id="Star Series E1">Star Series E1</channel>
    <channel update="i" site="toptv.co.za" site_id="star-novela-e1" xmltv_id="Star Novela E1">Star Novela E1</channel>
    <channel update="i" site="toptv.co.za" site_id="star-novela-e3" xmltv_id="StarTimes Zone">StarTimes Zone</channel>
    <channel update="i" site="toptv.co.za" site_id="fox" xmltv_id="FOX">FOX</channel>
    <channel update="i" site="toptv.co.za" site_id="fox-crime" xmltv_id="FOX Crime">FOX Crime</channel>
    <channel update="i" site="toptv.co.za" site_id="fx" xmltv_id="FX">FX</channel>
    <channel update="i" site="toptv.co.za" site_id="amc-series" xmltv_id="AMC Series">AMC Series</channel>
    <channel update="i" site="toptv.co.za" site_id="star-kungfu-1" xmltv_id="Star KungFu 1">Star KungFu 1</channel>
    <channel update="i" site="toptv.co.za" site_id="sabc-1" xmltv_id="SABC 1">SABC 1</channel>
    <channel update="i" site="toptv.co.za" site_id="sabc-2" xmltv_id="SABC 2">SABC 2</channel>
    <channel update="i" site="toptv.co.za" site_id="sabc-3" xmltv_id="SABC 3">SABC 3</channel>
    <channel update="i" site="toptv.co.za" site_id="etv" xmltv_id="eTV">eTV</channel>
    <channel update="i" site="toptv.co.za" site_id="the-qyou" xmltv_id="Qyou">Qyou</channel>
    <channel update="i" site="toptv.co.za" site_id="star-africa-2" xmltv_id="Star Africa 2">Star Africa 2</channel>
    <channel update="i" site="toptv.co.za" site_id="africa-movie-channel" xmltv_id="Africa Movie Channel">Africa Movie Channel</channel>
    <channel update="i" site="toptv.co.za" site_id="nba-tv" xmltv_id="NBA TV">NBA TV</channel>
    <channel update="i" site="toptv.co.za" site_id="nba-tv-hd" xmltv_id="NBA TV HD">NBA TV HD</channel>
    <channel update="i" site="toptv.co.za" site_id="nat-geo-gold" xmltv_id="NAT GEO GOLD">NAT GEO GOLD</channel>
    <channel update="i" site="toptv.co.za" site_id="discovery-science" xmltv_id="Discovery Science">Discovery Science</channel>
    <channel update="i" site="toptv.co.za" site_id="id-x" xmltv_id="ID Xtra">ID Xtra</channel>
    <channel update="i" site="toptv.co.za" site_id="spark" xmltv_id="Spark">Spark</channel>
    <channel update="i" site="toptv.co.za" site_id="natura" xmltv_id="Natura">Natura</channel>
    <channel update="i" site="toptv.co.za" site_id="cctv-9-documentary" xmltv_id="CCTV 9 Documentary">CCTV 9 Documentary</channel>
    <channel update="i" site="toptv.co.za" site_id="animaux" xmltv_id="Animaux">Animaux</channel>
    <channel update="i" site="toptv.co.za" site_id="startimes-arena" xmltv_id="Startimes Arena">Startimes Arena</channel>
    <channel update="i" site="toptv.co.za" site_id="startimes-sports-premium" xmltv_id="StarTimes Sports Premium">StarTimes Sports Premium</channel>
    <channel update="i" site="toptv.co.za" site_id="startimes-Sports-life" xmltv_id="Startimes Sports Life">Startimes Sports Life</channel>
    <channel update="i" site="toptv.co.za" site_id="startimes-world-football" xmltv_id="StarTimes World Football">StarTimes World Football</channel>
    <channel update="i" site="toptv.co.za" site_id="startimes-world-football-hd" xmltv_id="StarTimes World Football HD">StarTimes World Football HD</channel>
    <channel update="i" site="toptv.co.za" site_id="startimes-sports-premium-hd" xmltv_id="StarTimes Sports Premium HD">StarTimes Sports Premium HD</channel>
    <channel update="i" site="toptv.co.za" site_id="fox-sports" xmltv_id="FOX Sports">FOX Sports</channel>
    <channel update="i" site="toptv.co.za" site_id="fox-sports-2" xmltv_id="FOX Sports 2">FOX Sports 2</channel>
    <channel update="i" site="toptv.co.za" site_id="fuel-tv" xmltv_id="Fuel TV">Fuel TV</channel>
    <channel update="i" site="toptv.co.za" site_id="trace-sport-stars" xmltv_id="Trace Sport Stars">Trace Sport Stars</channel>
    <channel update="i" site="toptv.co.za" site_id="extreme-sports-channel" xmltv_id="Extreme Sports Channel">Extreme Sports Channel</channel>
    <channel update="i" site="toptv.co.za" site_id="euro-sport-news" xmltv_id="Euro Sport News">Euro Sport News</channel>
    <channel update="i" site="toptv.co.za" site_id="bbc-world-news" xmltv_id="BBC World News">BBC World News</channel>
    <channel update="i" site="toptv.co.za" site_id="al-jazeera" xmltv_id="Al Jazeera">Al Jazeera</channel>
    <channel update="i" site="toptv.co.za" site_id="france-24" xmltv_id="France 24">France 24</channel>
    <channel update="i" site="toptv.co.za" site_id="fox-news" xmltv_id="Fox News">Fox News</channel>
    <channel update="i" site="toptv.co.za" site_id="msnbc" xmltv_id="MSNBC">MSNBC</channel>
    <channel update="i" site="toptv.co.za" site_id="bloomberg-television" xmltv_id="Bloomberg Television">Bloomberg Television</channel>
    <channel update="i" site="toptv.co.za" site_id="cctv-news" xmltv_id="CCTV News">CCTV News</channel>
    <channel update="i" site="toptv.co.za" site_id="times-now" xmltv_id="Times Now">Times Now</channel>
    <channel update="i" site="toptv.co.za" site_id="fine-living" xmltv_id="Fine Living">Fine Living</channel>
    <channel update="i" site="toptv.co.za" site_id="pop" xmltv_id="POP">POP</channel>
    <channel update="i" site="toptv.co.za" site_id="jim-jam" xmltv_id="Jim Jam">Jim Jam</channel>
    <channel update="i" site="toptv.co.za" site_id="baby-tv" xmltv_id="Baby TV">Baby TV</channel>
    <channel update="i" site="toptv.co.za" site_id="smile-of-a-child" xmltv_id="Smile of a Child">Smile of a Child</channel>
    <channel update="i" site="toptv.co.za" site_id="da-vinci-learning" xmltv_id="Da Vinci Learning ">Da Vinci Learning </channel>
    <channel update="i" site="toptv.co.za" site_id="mindset-tv" xmltv_id="Mindset TV">Mindset TV</channel>
    <channel update="i" site="toptv.co.za" site_id="star-music" xmltv_id="StarTimes Music">StarTimes Music</channel>
    <channel update="i" site="toptv.co.za" site_id="startimes-soul" xmltv_id="StarTimes Soul">StarTimes Soul</channel>
    <channel update="i" site="toptv.co.za" site_id="startimes-sa-music" xmltv_id="StarTimes SA Music">StarTimes SA Music</channel>
    <channel update="i" site="toptv.co.za" site_id="1-music" xmltv_id="1 Music">1 Music</channel>
    <channel update="i" site="toptv.co.za" site_id="kiss" xmltv_id="KISS">KISS</channel>
    <channel update="i" site="toptv.co.za" site_id="box-africa" xmltv_id="BOX Africa">BOX Africa</channel>
    <channel update="i" site="toptv.co.za" site_id="kerrang" xmltv_id="KERRANG!">KERRANG!</channel>
    <channel update="i" site="toptv.co.za" site_id="magic" xmltv_id="Magic">Magic</channel>
    <channel update="i" site="toptv.co.za" site_id="c-music-tv" xmltv_id="C Music TV">C Music TV</channel>
    <channel update="i" site="toptv.co.za" site_id="unitel-classica" xmltv_id="Classica">Classica</channel>
    <channel update="i" site="toptv.co.za" site_id="star-gospel" xmltv_id="StarTimes Gospel">StarTimes Gospel</channel>
    <channel update="i" site="toptv.co.za" site_id="god-tv" xmltv_id="God TV">God TV</channel>
    <channel update="i" site="toptv.co.za" site_id="inspiration" xmltv_id="Inspiration">Inspiration</channel>
    <channel update="i" site="toptv.co.za" site_id="deen-tv" xmltv_id="Deen TV">Deen TV</channel>
    <channel update="i" site="toptv.co.za" site_id="gospel-music-tv" xmltv_id="Gospel Music TV">Gospel Music TV</channel>
    <channel update="i" site="toptv.co.za" site_id="rtp-international" xmltv_id="RTP International">RTP International</channel>
    <channel update="i" site="toptv.co.za" site_id="star-swahili" xmltv_id="Star Swahili">Star Swahili</channel>
    <channel update="i" site="toptv.co.za" site_id="startimes-dadin-kowa" xmltv_id="StarTimes Dadin Kowa ">StarTimes Dadin Kowa </channel>
    <channel update="i" site="toptv.co.za" site_id="astv" xmltv_id="ASTV">ASTV</channel>
    <channel update="i" site="toptv.co.za" site_id="1kzn" xmltv_id="1KZN">1KZN</channel>
    <channel update="i" site="toptv.co.za" site_id="tshwane-tv" xmltv_id="Tshwane TV">Tshwane TV</channel>
    <channel update="i" site="toptv.co.za" site_id="ekasi-plus" xmltv_id="eKasi plus">eKasi plus</channel>
    <channel update="i" site="toptv.co.za" site_id="star-bollywood" xmltv_id="Star Bollywood">Star Bollywood</channel>
    <channel update="i" site="toptv.co.za" site_id="star-bollywood-hd" xmltv_id="StarTimes Bollywood HD">StarTimes Bollywood HD</channel>
    <channel update="i" site="toptv.co.za" site_id="sony-sab" xmltv_id="Sony SAB">Sony SAB</channel>
    <channel update="i" site="toptv.co.za" site_id="star-gold" xmltv_id="Star GOLD">Star GOLD</channel>
    <channel update="i" site="toptv.co.za" site_id="zee-cinema" xmltv_id="Zee Cinema">Zee Cinema</channel>
    <channel update="i" site="toptv.co.za" site_id="star-life-ok" xmltv_id="Star Life OK">Star Life OK</channel>
    <channel update="i" site="toptv.co.za" site_id="zee-tamil" xmltv_id="Zee Tamil">Zee Tamil</channel>
    <channel update="i" site="toptv.co.za" site_id="zing" xmltv_id="Zing">Zing</channel>
    <channel update="i" site="toptv.co.za" site_id="zoom" xmltv_id="Zoom">Zoom</channel>
  </channels>
</site>