﻿<?xml version="1.0" encoding="UTF-8"?>
<site generator-info-name="WebGrab+Plus/w MDB &amp; REX Postprocess -- version  V1.57 -- Jan van Straaten" site="gotvafrica.com">
  <channels>
    <channel update="i" site="gotvafrica.com.ng" site_id="Wazobia TV###WTT" xmltv_id="Wazobia TV">Wazobia TV</channel>
    <channel update="i" site="gotvafrica.com.ng" site_id="GO Channel###BKR" xmltv_id="GO Channel">GO Channel</channel>
    <channel update="i" site="gotvafrica.com.ng" site_id="Tiwa n Tiwa###TDT" xmltv_id="Tiwa n Tiwa">Tiwa n Tiwa</channel>
    <channel update="i" site="gotvafrica.com.ng" site_id="Rave TV###RTT" xmltv_id="Rave TV">Rave TV</channel>
    <channel update="i" site="gotvafrica.com.ng" site_id="R2TV###RT2" xmltv_id="R2TV">R2TV</channel>
    <channel update="i" site="gotvafrica.com.ng" site_id="Telemundo###TE7" xmltv_id="Telemundo">Telemundo</channel>
    <channel update="i" site="gotvafrica.com.ng" site_id="FOX Life###FL7" xmltv_id="FOX Life">FOX Life</channel>
    <channel update="i" site="gotvafrica.com.ng" site_id="Discovery Family###DWW" xmltv_id="Discovery Family">Discovery Family</channel>
    <channel update="i" site="gotvafrica.com.ng" site_id="M-Net Movies Zone###MZ7" xmltv_id="M-Net Movies Zone">M-Net Movies Zone</channel>
    <channel update="i" site="gotvafrica.com.ng" site_id="EVA English###EV4" xmltv_id="EVA English">EVA English</channel>
    <channel update="i" site="gotvafrica.com.ng" site_id="AfricaMagic Epic###A2W" xmltv_id="AfricaMagic Epic">AfricaMagic Epic</channel>
    <channel update="i" site="gotvafrica.com.ng" site_id="Africa Magic Family###AMW" xmltv_id="Africa Magic Family">Africa Magic Family</channel>
    <channel update="i" site="gotvafrica.com.ng" site_id="AfricaMagic World###MHW" xmltv_id="AfricaMagic World">AfricaMagic World</channel>
    <channel update="i" site="gotvafrica.com.ng" site_id="Africa Magic Hausa###HS7" xmltv_id="Africa Magic Hausa">Africa Magic Hausa</channel>
    <channel update="i" site="gotvafrica.com.ng" site_id="Africa Magic Yoruba###YR7" xmltv_id="Africa Magic Yoruba">Africa Magic Yoruba</channel>
    <channel update="i" site="gotvafrica.com.ng" site_id="AfricaMagic Igbo###IGW" xmltv_id="AfricaMagic Igbo">AfricaMagic Igbo</channel>
    <channel update="i" site="gotvafrica.com.ng" site_id="Zee World###ZW7" xmltv_id="Zee World">Zee World</channel>
    <channel update="i" site="gotvafrica.com.ng" site_id="Fashion One###FW4" xmltv_id="Fashion One">Fashion One</channel>
    <channel update="i" site="gotvafrica.com.ng" site_id="Nat Geo Wild###NWW" xmltv_id="Nat Geo Wild">Nat Geo Wild</channel>
    <channel update="i" site="gotvafrica.com.ng" site_id="Vox Africa###VAW" xmltv_id="Vox Africa">Vox Africa</channel>
    <channel update="i" site="gotvafrica.com.ng" site_id="Spice TV###SP7" xmltv_id="Spice TV">Spice TV</channel>
    <channel update="i" site="gotvafrica.com.ng" site_id="TVC Entertainment###TEW" xmltv_id="TVC Entertainment">TVC Entertainment</channel>
    <channel update="i" site="gotvafrica.com.ng" site_id="Televista###TES" xmltv_id="Televista">Televista</channel>
    <channel update="i" site="gotvafrica.com.ng" site_id="Trybe TV###TRW" xmltv_id="Trybe TV">Trybe TV</channel>
    <channel update="i" site="gotvafrica.com.ng" site_id="Nigerian Festivals###EVW" xmltv_id="Nigerian Festivals">Nigerian Festivals</channel>
    <channel update="i" site="gotvafrica.com.ng" site_id="SuperSport Blitz###S4W" xmltv_id="SuperSport Blitz">SuperSport Blitz</channel>
    <channel update="i" site="gotvafrica.com.ng" site_id="SuperSport 9###S9W" xmltv_id="SuperSport 9">SuperSport 9</channel>
    <channel update="i" site="gotvafrica.com.ng" site_id="SuperSport Select 1###SSW" xmltv_id="SuperSport Select 1">SuperSport Select 1</channel>
    <channel update="i" site="gotvafrica.com.ng" site_id="SuperSport Select 2###SS7" xmltv_id="SuperSport Select 2">SuperSport Select 2</channel>
    <channel update="i" site="gotvafrica.com.ng" site_id="e.TV Africa###ET4" xmltv_id="e.TV Africa">e.TV Africa</channel>
    <channel update="i" site="gotvafrica.com.ng" site_id="NTA+###NTW" xmltv_id="NTA+">NTA+</channel>
    <channel update="i" site="gotvafrica.com.ng" site_id="Silverbird###SBW" xmltv_id="Silverbird">Silverbird</channel>
    <channel update="i" site="gotvafrica.com.ng" site_id="AIT###AIT" xmltv_id="AIT">AIT</channel>
    <channel update="i" site="gotvafrica.com.ng" site_id="Channels###CHT" xmltv_id="Channels">Channels</channel>
    <channel update="i" site="gotvafrica.com.ng" site_id="MiTV###WC4" xmltv_id="MiTV">MiTV</channel>
    <channel update="i" site="gotvafrica.com.ng" site_id="ONTV MAX###ON7" xmltv_id="ONTV MAX">ONTV MAX</channel>
    <channel update="i" site="gotvafrica.com.ng" site_id="Galaxy###GXW" xmltv_id="Galaxy">Galaxy</channel>
    <channel update="i" site="gotvafrica.com.ng" site_id="Nickelodeon###NIW" xmltv_id="Nickelodeon">Nickelodeon</channel>
    <channel update="i" site="gotvafrica.com.ng" site_id="Disney Junior###DJW" xmltv_id="Disney Junior">Disney Junior</channel>
    <channel update="i" site="gotvafrica.com.ng" site_id="JimJam###JJ7" xmltv_id="JimJam">JimJam</channel>
    <channel update="i" site="gotvafrica.com.ng" site_id="MTV Base###MTW" xmltv_id="MTV Base">MTV Base</channel>
    <channel update="i" site="gotvafrica.com.ng" site_id="HIP TV###HI7" xmltv_id="HIP TV">HIP TV</channel>
    <channel update="i" site="gotvafrica.com.ng" site_id="Afro Music Pop###AFE" xmltv_id="Afro Music Pop">Afro Music Pop</channel>
    <channel update="i" site="gotvafrica.com.ng" site_id="SOUNDCITY###MM2" xmltv_id="SOUNDCITY">SOUNDCITY</channel>
    <channel update="i" site="gotvafrica.com.ng" site_id="Planet TV###PRW" xmltv_id="Planet TV">Planet TV</channel>
    <channel update="i" site="gotvafrica.com.ng" site_id="FAITH###TBN" xmltv_id="FAITH">FAITH</channel>
    <channel update="i" site="gotvafrica.com.ng" site_id="Islam Channel###ISW" xmltv_id="Islam Channel">Islam Channel</channel>
    <channel update="i" site="gotvafrica.com.ng" site_id="DOVE TV###DO7" xmltv_id="DOVE TV">DOVE TV</channel>
    <channel update="i" site="gotvafrica.com.ng" site_id="Emmanuel TV###EM7" xmltv_id="Emmanuel TV">Emmanuel TV</channel>
    <channel update="i" site="gotvafrica.com.ng" site_id="BBC World News###BW4" xmltv_id="BBC World News">BBC World News</channel>
    <channel update="i" site="gotvafrica.com.ng" site_id="CNN International###CN4" xmltv_id="CNN International">CNN International</channel>
    <channel update="i" site="gotvafrica.com.ng" site_id="Al Jazeera###ALW" xmltv_id="Al Jazeera">Al Jazeera</channel>
    <channel update="i" site="gotvafrica.com.ng" site_id="Arise News###ARW" xmltv_id="Arise News">Arise News</channel>
    <channel update="i" site="gotvafrica.com.ng" site_id="TVC News Nigeria###TNS" xmltv_id="TVC News Nigeria">TVC News Nigeria</channel>
    <channel update="i" site="gotvafrica.com.ng" site_id="B4U Movies###B4U" xmltv_id="B4U Movies">B4U Movies</channel>
    <channel update="i" site="gotvafrica.com.ng" site_id="Zee World###ZWS" xmltv_id="Zee World">Zee World</channel>
  </channels>
</site>